股票代码,股票简称,板块,行业,公告日,数据来源,报告期,增速能力,增速口径,上期增速,加速度,单季净利(元),缺口日,跳空幅度%,当日涨幅%,缺口未回补,持有交易日,缺口后涨幅%,成交额(元),流通市值(亿元),低基数,评分,分层,标签,风险,业绩说明
300378,鼎捷数智,创业板,软件开发,2026-08-28,正式财报,2026年半年报,268.2,单季同比,3.58,264.62,196469474.68,2026-08-28,13.94,19.99,True,23.0,5.85,518327564.0,101.4,False,96.8,核心池·双断层,增速加速|单季口径|正式财报|跳空高开|缺口未回补|核心池,接近一字板，恐难买入,
603618,杭电股份,主板,电网设备,2026-08-26,正式财报,2026年半年报,1786.11,单季同比,279.96,1506.15,311917902.49,2026-08-26,6.82,9.99,True,25.0,5.65,2521501080.0,226.4,False,95.2,核心池·双断层,增速加速|单季口径|正式财报|跳空高开|缺口未回补|核心池,增速极端（>500%），注意低基数,
002491,通鼎互联,主板,通信设备,2026-08-20,正式财报,2026年半年报,326.04,累计同比,-61.05,387.09,151263896.51999998,2026-08-21,4.1,10.02,True,28.0,-0.1,7263185994.0,235.8,False,89.1,核心池·双断层,增速加速|正式财报|跳空高开|缺口未回补|核心池,,
301366,一博科技,创业板,元件,2026-08-03,正式财报,2026年半年报,394.68,单季同比,272.69,121.99,52230239.599999994,2026-08-03,3.06,7.81,True,42.0,66.81,786753772.0,81.6,False,83.1,核心池·双断层,增速加速|单季口径|正式财报|跳空高开|缺口未回补|核心池,,
688203,海正生材,科创板,塑料,2026-08-25,正式财报,2026年半年报,574.21,单季同比,348.06,226.15,19876119.89,2026-08-25,11.89,13.29,True,26.0,48.05,189900426.0,38.4,True,81.8,观察池·低基数断层,增速加速|单季口径|正式财报|低基数|跳空高开|缺口未回补|双断层(价格已确认)|观察池,低基数：上年同期单季净利仅 295 万元，增速参考性弱|增速极端（>500%），注意低基数|接近一字板，恐难买入,
600540,新赛股份,主板,种植业,2026-08-27,正式财报,2026年半年报,1819.68,累计同比,129.89,1689.79,83290679.09,2026-08-27,10.07,10.07,True,24.0,20.26,40677246.0,32.1,True,78.8,观察池·低基数断层,增速加速|正式财报|低基数|跳空高开|缺口未回补|双断层(价格已确认)|观察池,低基数：上年同期亏损或微利，累计增速失真|增速极端（>500%），注意低基数|接近一字板，恐难买入,
002292,奥飞娱乐,主板,文娱用品,2026-08-25,正式财报,2026年半年报,370.7,累计同比,11.44,359.26,119483370.38,2026-08-25,0.13,4.39,True,26.0,9.29,405558641.0,86.2,False,78.1,观察池·仅利润断层,增速加速|正式财报|缺口未回补|观察池,,
301630,同宇新材,创业板,电子化学品Ⅱ,2026-08-26,正式财报,2026年半年报,123.33,单季同比,35.88,87.45,73910092.36000001,2026-08-26,19.74,20.0,True,25.0,-2.46,873589282.0,40.2,False,74.0,核心池·双断层,增速加速|单季口径|正式财报|跳空高开|缺口未回补|核心池,接近一字板，恐难买入,
600508,上海能源,主板,煤炭开采,2026-08-22,正式财报,2026年半年报,107.85,单季同比,-29.28,137.13,209511529.87,2026-08-25,6.98,10.02,True,26.0,0.09,423240487.0,107.0,False,73.0,核心池·双断层,增速加速|单季口径|正式财报|跳空高开|缺口未回补|核心池,,
000906,浙商中拓,主板,物流,2026-08-26,正式财报,2026年半年报,348.39,单季同比,-2.82,351.21,65227904.78999999,2026-08-26,0.18,3.69,True,25.0,12.52,112602232.0,43.0,False,72.3,观察池·仅利润断层,增速加速|单季口径|正式财报|缺口未回补|观察池,,
300757,罗博特科,创业板,自动化设备,2026-08-26,正式财报,2026年半年报,119.67,累计同比,-48.33,168.0,45374796.78,2026-08-26,4.65,7.47,True,25.0,3.59,4620670917.0,867.3,False,72.3,核心池·双断层,增速加速|正式财报|跳空高开|缺口未回补|核心池,,
300399,天利科技,创业板,IT服务Ⅱ,2026-08-21,正式财报,2026年半年报,60.9,累计同比,-84.34,145.24,11036034.94,2026-08-21,8.09,10.51,True,28.0,4.48,374821178.0,37.8,False,70.9,核心池·双断层,增速加速|正式财报|跳空高开|缺口未回补|核心池,,
300642,透景生命,创业板,医疗器械,2026-08-25,正式财报,2026年半年报,644.77,单季同比,-1278.9,1923.67,17037292.58,2026-08-25,5.93,20.0,True,26.0,45.73,178732721.0,28.7,True,69.8,观察池·低基数断层,增速加速|单季口径|正式财报|低基数|跳空高开|缺口未回补|双断层(价格已确认)|观察池,低基数：上年同期单季净利仅 229 万元，增速参考性弱|增速极端（>500%），注意低基数|流通市值 < 30 亿元,
000065,北方国际,主板,专业工程,2026-08-24,正式财报,2026年半年报,63.3,单季同比,-37.54,100.84,215626555.0,2026-08-24,10.03,10.03,True,27.0,-2.51,825797033.0,103.6,False,69.8,核心池·双断层,增速加速|单季口径|正式财报|跳空高开|缺口未回补|核心池,接近一字板，恐难买入,
300611,美力科技,创业板,汽车零部件,2026-08-29,正式财报,2026年半年报,113.64,单季同比,-49.04,162.68,99151943.26,2026-08-31,5.95,2.89,True,22.0,3.72,216957235.0,40.5,False,68.9,核心池·双断层,增速加速|单季口径|正式财报|跳空高开|缺口未回补|核心池,,
300833,浩洋股份,创业板,专用设备,2026-08-28,正式财报,2026年半年报,99.21,单季同比,-21.94,121.15,48786763.089999996,2026-08-28,9.32,7.79,True,23.0,8.5,134779197.0,35.4,False,68.8,核心池·双断层,增速加速|单季口径|正式财报|跳空高开|缺口未回补|核心池,接近一字板，恐难买入,
605169,洪通燃气,主板,燃气Ⅱ,2026-08-26,正式财报,2026年半年报,87.82,单季同比,-80.53,168.35,94568520.41999999,2026-08-26,8.16,10.02,True,25.0,8.28,77086801.0,37.4,False,68.5,核心池·双断层,增速加速|单季口径|正式财报|跳空高开|缺口未回补|核心池,,
300195,长荣股份,创业板,专用设备,2026-08-27,正式财报,2026年半年报,4780.89,单季同比,-823.92,5604.81,21479763.169999998,2026-08-27,5.11,4.58,True,24.0,5.03,201623641.0,19.7,True,68.4,观察池·低基数断层,增速加速|单季口径|正式财报|低基数|跳空高开|缺口未回补|双断层(价格已确认)|观察池,低基数：上年同期单季净利仅 44 万元，增速参考性弱|增速极端（>500%），注意低基数|流通市值 < 30 亿元,
601579,会稽山,主板,非白酒,2026-08-22,正式财报,2026年半年报,6393.31,单季同比,27.96,6365.35,8694700.189999998,2026-08-24,1.18,8.31,True,27.0,97.56,693800934.0,178.8,True,68.0,观察池·低基数断层,增速加速|单季口径|正式财报|低基数|缺口未回补|观察池,低基数：上年同期单季净利仅 13 万元，增速参考性弱|增速极端（>500%），注意低基数,
002785,万里石,主板,装修建材,2026-08-29,正式财报,2026年半年报,1112.23,单季同比,-72.22,1184.45,25067635.55,2026-09-01,-0.03,6.72,True,21.0,5.97,525566628.0,65.9,True,68.0,观察池·低基数断层,增速加速|单季口径|正式财报|低基数|缺口未回补|观察池,低基数：上年同期单季净利仅 207 万元，增速参考性弱|增速极端（>500%），注意低基数,
601222,林洋能源,主板,电网设备,2026-08-28,正式财报,2026年半年报,82.9,单季同比,-51.29,134.19,366456793.52,2026-08-28,5.23,9.93,True,23.0,1.89,593354039.0,121.2,False,67.8,核心池·双断层,增速加速|单季口径|正式财报|跳空高开|缺口未回补|核心池,,
300910,瑞丰新材,创业板,化学制品,2026-08-26,正式财报,2026年半年报,56.86,单季同比,-28.22,85.08,274924464.73,2026-08-26,9.53,7.44,True,25.0,0.76,556823335.0,75.2,False,67.0,核心池·双断层,增速加速|单季口径|正式财报|跳空高开|缺口未回补|核心池,接近一字板，恐难买入,
688766,普冉股份,科创板,半导体,2026-08-19,正式财报,2026年半年报,2485.07,单季同比,1259.87,1225.2,575633837.66,2026-08-20,0.63,7.42,False,29.0,-20.75,8093737821.0,530.3,False,65.0,观察池·仅利润断层,增速加速|单季口径|正式财报|观察池,增速极端（>500%），注意低基数|公告后无有效跳空,
603127,昭衍新药,主板,医疗服务,2026-08-29,正式财报,2026年半年报,2469.84,单季同比,479.67,1990.17,509160778.42999995,2026-09-01,-0.13,-2.78,False,21.0,6.23,1503244222.0,309.5,False,65.0,观察池·仅利润断层,增速加速|单季口径|正式财报|观察池,增速极端（>500%），注意低基数|公告后无有效跳空,
002745,木林森,主板,光学光电子,2026-08-28,正式财报,2026年半年报,2144.18,单季同比,193.26,1950.92,242807057.35000002,2026-08-28,-1.34,-2.59,False,23.0,-2.03,761664726.0,122.2,False,65.0,观察池·仅利润断层,增速加速|单季口径|正式财报|观察池,增速极端（>500%），注意低基数|公告后无有效跳空,
688388,嘉元科技,科创板,电池,2026-08-25,正式财报,2026年半年报,2028.28,单季同比,392.77,1635.51,261728039.52000004,2026-08-26,0.67,-2.01,False,25.0,-5.09,935536621.0,178.5,False,65.0,观察池·仅利润断层,增速加速|单季口径|正式财报|观察池,增速极端（>500%），注意低基数|公告后无有效跳空,
603629,利通电子,主板,消费电子,2026-08-29,正式财报,2026年半年报,1893.47,单季同比,821.08,1072.39,431140981.69000006,2026-09-01,-0.95,-7.02,False,21.0,-20.69,3386390088.0,346.2,False,65.0,观察池·仅利润断层,增速加速|单季口径|正式财报|观察池,增速极端（>500%），注意低基数|公告后无有效跳空,
002497,雅化集团,主板,化学制品,2026-08-26,正式财报,2026年半年报,1545.14,单季同比,310.87,1234.27,877004316.9200001,2026-08-26,0.86,1.66,False,25.0,-16.49,958437216.0,166.4,False,65.0,观察池·仅利润断层,增速加速|单季口径|正式财报|观察池,增速极端（>500%），注意低基数|公告后无有效跳空,
603986,兆易创新,主板,半导体,2026-08-19,正式财报,2026年半年报,1482.99,单季同比,522.79,960.2,5395538060.6,2026-08-20,1.56,-0.05,False,29.0,-13.68,14629180703.0,2373.7,False,65.0,观察池·仅利润断层,增速加速|单季口径|正式财报|观察池,增速极端（>500%），注意低基数|公告后无有效跳空,
688802,沐曦股份,科创板,半导体,2026-08-31,正式财报,2026年半年报,1425.76,单季同比,57.49,1368.27,711291966.4,2026-08-31,0.76,2.42,False,22.0,-26.9,833007424.0,161.5,False,65.0,观察池·仅利润断层,增速加速|单季口径|正式财报|观察池,增速极端（>500%），注意低基数|公告后无有效跳空,
000688,国城矿业,主板,小金属,2026-08-27,正式财报,2026年半年报,1366.58,单季同比,-52.47,1419.05,553540490.9,2026-08-28,0.0,1.58,False,23.0,-21.83,696765896.0,287.3,False,65.0,观察池·仅利润断层,增速加速|单季口径|正式财报|观察池,增速极端（>500%），注意低基数|公告后无有效跳空,
300454,深信服,创业板,软件开发,2026-08-22,正式财报,2026年半年报,1245.42,单季同比,74.16,1171.26,295732618.92,2026-08-24,-0.01,-3.21,False,27.0,13.96,2510690288.0,395.8,False,65.0,观察池·仅利润断层,增速加速|单季口径|正式财报|观察池,增速极端（>500%），注意低基数|公告后无有效跳空,
601678,滨化股份,主板,化学原料,2026-08-28,正式财报,2026年半年报,1174.59,单季同比,52.55,1122.04,197149000.38,2026-08-28,0.31,5.09,False,23.0,-12.62,1669588797.0,116.1,False,65.0,观察池·仅利润断层,增速加速|单季口径|正式财报|观察池,增速极端（>500%），注意低基数|公告后无有效跳空,
600105,永鼎股份,主板,通信设备,2026-08-20,正式财报,2026年半年报,1098.67,单季同比,-45.19,1143.86,344623940.9499999,2026-08-20,1.48,2.4,False,29.0,-5.82,4899196881.0,530.1,False,65.0,观察池·仅利润断层,增速加速|单季口径|正式财报|观察池,增速极端（>500%），注意低基数|公告后无有效跳空,
688836,宇树科技,科创板,自动化设备,2026-08-18,正式财报,2026年半年报,955.59,累计同比,-47.69,1003.28,223986085.3,2026-08-20,-6.51,-18.7,False,29.0,-42.99,9071869080.0,135.5,False,65.0,观察池·仅利润断层,扭亏|增速加速|正式财报|观察池,扭亏型：上年同期为负，增速口径失真|增速极端（>500%），注意低基数|公告后无有效跳空,"受益于具身智能行业市场需求持续增长、公司业务规模扩张,2026年1-6月,公司预计实现营业收入较上年同期增加35.62%至45.41%。公司2025年1-6月归属于母公司所有者的净利润出现亏损,主要系由于当期确认了较大金额的股份支付费用。2026年1-6月,公司预计扣非后净利润出现同比下降的情况,主要系期间研发投入大幅增加、第一季度大额销售费用支出所致,较2026年一季度同比降幅将有明显缩小。"
002414,高德红外,主板,军工电子Ⅱ,2026-08-26,正式财报,2026年半年报,911.76,单季同比,337.96,573.8,985294919.3399999,2026-08-26,0.45,-2.88,False,25.0,-15.75,1360590330.0,380.0,False,65.0,观察池·仅利润断层,增速加速|单季口径|正式财报|观察池,增速极端（>500%），注意低基数|公告后无有效跳空,
002460,赣锋锂业,主板,能源金属,2026-08-29,正式财报,2026年半年报,901.36,累计同比,616.34,285.02,2419889870.8599997,2026-09-01,-0.15,-2.52,False,21.0,-19.29,1943633031.0,526.1,False,65.0,观察池·仅利润断层,增速加速|正式财报|观察池,增速极端（>500%），注意低基数|公告后无有效跳空,
002407,多氟多,主板,化学制品,2026-08-18,正式财报,2026年半年报,897.19,累计同比,480.14,417.05,136332686.63000005,2026-08-18,0.05,-4.36,False,31.0,-24.79,7179520711.0,318.8,False,65.0,观察池·仅利润断层,增速加速|正式财报|观察池,增速极端（>500%），注意低基数|公告后无有效跳空,
300672,国科微,创业板,半导体,2026-08-29,正式财报,2026年半年报,872.78,累计同比,6.67,866.11,140809070.69,2026-09-01,-0.44,0.43,False,21.0,2.64,1558464227.0,380.0,False,65.0,观察池·仅利润断层,增速加速|正式财报|观察池,增速极端（>500%），注意低基数|公告后无有效跳空,
601628,中国人寿,主板,保险Ⅱ,2026-08-28,正式财报,2026年半年报,848.01,单季同比,-32.3,880.31,114984000000.0,2026-08-28,0.0,-0.88,False,23.0,-4.95,1360320866.0,7642.2,False,65.0,观察池·仅利润断层,增速加速|单季口径|正式财报|观察池,增速极端（>500%），注意低基数|公告后无有效跳空,
688110,东芯股份,科创板,半导体,2026-08-22,正式财报,2026年半年报,694.1,累计同比,333.42,360.68,520974163.11,2026-08-24,1.5,-3.81,False,27.0,-7.1,3255075998.0,503.5,False,65.0,观察池·仅利润断层,增速加速|正式财报|观察池,增速极端（>500%），注意低基数|公告后无有效跳空,
603938,三孚股份,主板,化学原料,2026-08-21,正式财报,2026年半年报,600.66,单季同比,43.88,556.78,80265290.05000001,2026-08-21,0.14,0.07,False,28.0,-1.18,729159900.0,163.3,False,65.0,观察池·仅利润断层,增速加速|单季口径|正式财报|观察池,增速极端（>500%），注意低基数|公告后无有效跳空,
000977,浪潮信息,主板,计算机设备,2026-08-29,正式财报,2026年半年报,598.5,单季同比,30.74,567.76,2346843708.34,2026-09-01,0.85,0.49,False,21.0,-23.25,9442632292.0,967.1,False,65.0,观察池·仅利润断层,增速加速|单季口径|正式财报|观察池,增速极端（>500%），注意低基数|公告后无有效跳空,
600010,包钢股份,主板,普钢,2026-08-20,正式财报,2026年半年报,597.64,单季同比,-1129.04,1726.68,742076255.8299999,2026-08-20,0.92,0.46,False,29.0,-4.57,577268232.0,654.6,False,65.0,观察池·仅利润断层,增速加速|单季口径|正式财报|观察池,增速极端（>500%），注意低基数|公告后无有效跳空,
300223,君正股份,创业板,半导体,2026-08-29,正式财报,2026年半年报,579.96,单季同比,331.61,248.35,878584322.73,2026-09-01,0.0,-3.69,False,21.0,-7.72,2977951116.0,546.1,False,65.0,观察池·仅利润断层,增速加速|单季口径|正式财报|观察池,增速极端（>500%），注意低基数|公告后无有效跳空,
000737,北方铜业,主板,工业金属,2026-08-27,正式财报,2026年半年报,573.17,单季同比,65.74,507.43,781053785.7700001,2026-08-28,-0.33,0.39,False,23.0,-11.93,1596296849.0,256.0,False,65.0,观察池·仅利润断层,增速加速|单季口径|正式财报|观察池,增速极端（>500%），注意低基数|公告后无有效跳空,
000949,新乡化纤,主板,化学纤维,2026-08-29,正式财报,2026年半年报,551.1,单季同比,319.52,231.58,228513201.64,2026-08-31,0.0,1.76,False,22.0,-12.74,574411853.0,106.7,False,65.0,观察池·仅利润断层,增速加速|单季口径|正式财报|观察池,增速极端（>500%），注意低基数|公告后无有效跳空,
600256,广汇能源,主板,煤炭开采,2026-08-21,正式财报,2026年半年报,550.98,单季同比,-65.9,616.88,1041832663.95,2026-08-21,1.31,1.8,False,28.0,7.58,1055265868.0,426.3,False,65.0,观察池·仅利润断层,增速加速|单季口径|正式财报|观察池,增速极端（>500%），注意低基数|公告后无有效跳空,
603268,松发股份,主板,航海装备Ⅱ,2026-08-25,正式财报,2026年半年报,540.04,单季同比,330.29,209.75,2515187124.88,2026-08-25,0.32,5.68,False,26.0,17.72,2181443118.0,498.4,False,65.0,观察池·仅利润断层,增速加速|单季口径|正式财报|观察池,增速极端（>500%），注意低基数|公告后无有效跳空,
002167,东方锆业,主板,小金属,2026-08-25,正式财报,2026年半年报,486.83,单季同比,7.41,479.42,60022302.47,2026-08-25,0.12,-1.94,False,26.0,-9.01,948865029.0,114.6,False,65.0,观察池·仅利润断层,增速加速|单季口径|正式财报|观察池,公告后无有效跳空,
603186,华正新材,主板,元件,2026-08-31,正式财报,2026年半年报,485.16,单季同比,68.04,417.12,142009018.27999997,2026-09-01,-0.87,-6.26,False,21.0,17.55,3201407697.0,333.4,False,65.0,观察池·仅利润断层,增速加速|单季口径|正式财报|观察池,公告后无有效跳空,
688205,德科立,科创板,通信设备,2026-08-18,正式财报,2026年半年报,479.98,单季同比,35.08,444.9,78616610.0,2026-08-18,-1.45,7.42,False,31.0,29.81,3206364546.0,332.8,False,65.0,观察池·仅利润断层,增速加速|单季口径|正式财报|观察池,公告后无有效跳空,
002428,云南锗业,主板,小金属,2026-08-28,正式财报,2026年半年报,445.28,单季同比,-10.71,455.99,65162779.58,2026-08-28,1.6,-1.68,False,23.0,-15.64,7684662107.0,567.3,False,65.0,观察池·仅利润断层,增速加速|单季口径|正式财报|观察池,公告后无有效跳空,
600664,哈药股份,主板,化学制药,2026-08-26,正式财报,2026年半年报,432.73,单季同比,-24.33,457.06,249187690.44000003,2026-08-27,1.47,6.97,False,24.0,-10.84,3227714047.0,186.4,False,65.0,观察池·仅利润断层,增速加速|单季口径|正式财报|观察池,公告后无有效跳空,
603516,淳中科技,主板,计算机设备,2026-08-26,正式财报,2026年半年报,428.74,累计同比,111.78,316.96,129846170.32,2026-08-26,-0.41,-9.35,False,25.0,-21.55,1082660974.0,157.5,False,65.0,观察池·仅利润断层,增速加速|正式财报|观察池,公告后无有效跳空,
000630,铜陵有色,主板,工业金属,2026-08-28,正式财报,2026年半年报,424.18,单季同比,19.12,405.06,1654138052.89,2026-08-28,0.3,0.0,False,23.0,-14.75,2164853325.0,644.1,False,65.0,观察池·仅利润断层,增速加速|单季口径|正式财报|观察池,公告后无有效跳空,
002074,国轩高科,主板,电池,2026-08-25,正式财报,2026年半年报,413.15,单季同比,-79.04,492.19,1364955295.6000001,2026-08-25,0.0,-0.88,False,26.0,8.58,692886201.0,512.3,False,65.0,观察池·仅利润断层,增速加速|单季口径|正式财报|观察池,公告后无有效跳空,
688012,中微公司,科创板,半导体,2026-08-20,正式财报,2026年半年报,382.32,单季同比,197.2,185.12,1894707305.7399998,2026-08-20,0.81,-1.75,False,29.0,-15.05,7663836486.0,3001.4,False,65.0,观察池·仅利润断层,预增|增速加速|单季口径|正式财报|观察池,非经常损益嫌疑：投资收益/公允价值|公告后无有效跳空,"公司2026年上半年业绩预计较上年同期变化的主要原因如下:1、2026年上半年,公司营业收入约66.91亿元,同比增长约34.89%。公司站在先进制程工艺发展的最前沿,坚持技术的创新、产品的差异化和知识产权保护的基本原则。坚持原创的设计,和国际领先的半导体客户公司同步前行。公司目前在研项目涵盖六类设备,超二十款新设备的开发。公司研发新产品的速度显著加快,过去通常需要三到五年开发一款新设备,现在只需两年或更短时间就能开发出有竞争力的新设备,并顺利进入市场,公司有望在未来几年更大规模地推出新产品。公司持续加大研发创新力度,自主开发的各类新产品对标国际先进同类设备技术水准,多款机型经客户端验证,关键"
601233,桐昆股份,主板,炼化及贸易,2026-08-26,正式财报,2026年半年报,378.32,单季同比,210.79,167.53,2324200700.25,2026-08-27,-0.13,9.98,False,24.0,-3.73,1683373698.0,539.8,False,65.0,观察池·仅利润断层,增速加速|单季口径|正式财报|观察池,公告后无有效跳空,
603997,继峰股份,主板,汽车零部件,2026-08-15,正式财报,2026年半年报,372.28,单季同比,26.04,346.24,233411723.85000002,2026-08-18,0.08,-3.02,False,31.0,8.33,506564667.0,173.7,False,65.0,观察池·仅利润断层,增速加速|单季口径|正式财报|观察池,公告后无有效跳空,
002436,兴森科技,主板,元件,2026-08-21,正式财报,2026年半年报,371.53,单季同比,100.0,271.53,91763040.61,2026-08-24,-0.45,-5.97,False,27.0,16.34,3677009328.0,621.4,False,65.0,观察池·仅利润断层,增速加速|单季口径|正式财报|观察池,公告后无有效跳空,
688123,聚辰股份,科创板,半导体,2026-08-15,正式财报,2026年半年报,367.96,单季同比,-69.0,436.96,494490492.48,2026-08-18,1.41,3.31,False,31.0,8.44,2005291415.0,253.8,False,65.0,观察池·仅利润断层,增速加速|单季口径|正式财报|观察池,公告后无有效跳空,
301200,大族数控,创业板,专用设备,2026-08-21,正式财报,2026年半年报,332.73,单季同比,176.53,156.2,633944615.19,2026-08-24,0.17,-5.32,False,27.0,-20.43,942121000.0,955.9,False,65.0,观察池·仅利润断层,增速加速|单季口径|正式财报|观察池,公告后无有效跳空,
002432,九安医疗,主板,医疗器械,2026-08-25,正式财报,2026年半年报,324.64,单季同比,10.23,314.41,2776689503.0,2026-08-26,-0.15,2.3,False,25.0,-7.8,1180639002.0,281.2,False,65.0,观察池·仅利润断层,增速加速|单季口径|正式财报|观察池,公告后无有效跳空,
300458,全志科技,创业板,半导体,2026-08-26,正式财报,2026年半年报,312.54,单季同比,121.77,190.77,287180843.49,2026-08-26,0.98,-0.26,False,25.0,3.81,1022645383.0,262.0,False,65.0,观察池·仅利润断层,增速加速|单季口径|正式财报|观察池,公告后无有效跳空,
601211,国泰海通,主板,证券Ⅱ,2026-08-19,正式财报,2026年半年报,296.87,单季同比,-47.82,344.69,13871061152.0,2026-08-19,0.85,0.62,False,30.0,-5.75,2333844892.0,2268.9,False,64.7,观察池·仅利润断层,增速加速|单季口径|正式财报|观察池,公告后无有效跳空,
688332,中科蓝讯,科创板,半导体,2026-08-19,正式财报,2026年半年报,462.98,单季同比,-113.07,576.05,485484659.96000004,2026-08-20,1.91,3.51,False,29.0,-4.89,468612035.0,152.8,False,64.4,观察池·仅利润断层,增速加速|单季口径|正式财报|观察池,公告后无有效跳空,
002990,盛视科技,主板,计算机设备,2026-08-20,正式财报,2026年半年报,342.91,累计同比,-87.41,430.32,102850992.2,2026-08-20,0.16,0.16,False,29.0,2.81,471739175.0,71.7,False,64.4,观察池·仅利润断层,增速加速|正式财报|观察池,公告后无有效跳空,
600839,四川长虹,主板,黑色家电,2026-08-26,正式财报,2026年半年报,895.74,单季同比,-71.5,967.24,1547628023.78,2026-08-26,0.29,0.87,False,25.0,-7.49,459980846.0,296.3,False,64.2,观察池·仅利润断层,增速加速|单季口径|正式财报|观察池,增速极端（>500%），注意低基数|公告后无有效跳空,
002841,视源股份,主板,消费电子,2026-08-27,正式财报,2026年半年报,440.45,单季同比,52.45,388.0,1273976261.99,2026-08-27,0.65,-1.36,False,24.0,-5.78,455853495.0,235.5,False,64.1,观察池·仅利润断层,增速加速|单季口径|正式财报|观察池,公告后无有效跳空,
000155,川能动力,主板,电力,2026-08-25,正式财报,2026年半年报,534.95,单季同比,12.65,522.3,439241649.04,2026-08-25,-0.5,-0.74,False,26.0,-9.71,424467552.0,200.9,False,63.5,观察池·仅利润断层,增速加速|单季口径|正式财报|观察池,增速极端（>500%），注意低基数|公告后无有效跳空,
000833,粤桂股份,主板,综合Ⅱ,2026-08-24,正式财报,2026年半年报,280.38,单季同比,84.56,195.82,447105293.46999997,2026-08-24,1.2,-1.76,False,27.0,-14.38,554141778.0,85.1,False,63.0,观察池·仅利润断层,增速加速|单季口径|正式财报|观察池,公告后无有效跳空,
300516,久之洋,创业板,其他电子Ⅱ,2026-08-28,正式财报,2026年半年报,88.4,单季同比,-156.01,244.41,28896202.5,2026-08-28,3.14,3.2,True,23.0,3.41,352829302.0,85.7,False,62.9,核心池·双断层,增速加速|单季口径|正式财报|跳空高开|缺口未回补|核心池,,
301448,开创电气,创业板,通用设备,2026-08-25,正式财报,2026年半年报,140.8,累计同比,-154.36,295.16,7539589.7299999995,2026-08-25,2.64,9.24,True,26.0,20.24,141964057.0,36.1,False,62.8,核心池·双断层,增速加速|正式财报|跳空高开|缺口未回补|核心池,,
000762,西藏矿业,主板,能源金属,2026-08-11,正式财报,2026年半年报,492.46,累计同比,241.26,251.2,41080749.04,2026-08-12,0.63,0.89,False,35.0,-13.04,381606102.0,108.0,False,62.6,观察池·仅利润断层,增速加速|正式财报|观察池,公告后无有效跳空,
002048,宁波华翔,主板,汽车零部件,2026-08-29,正式财报,2026年半年报,293.6,累计同比,6.63,286.97,450386843.83,2026-09-01,0.75,-2.39,False,21.0,-12.52,409997641.0,125.1,False,62.6,观察池·仅利润断层,增速加速|正式财报|观察池,公告后无有效跳空,
301091,深城交,创业板,工程咨询服务Ⅱ,2026-08-07,正式财报,2026年半年报,400.86,单季同比,-91.18,492.04,91404999.7,2026-08-10,1.48,6.91,False,37.0,3.9,354150507.0,105.4,False,62.1,观察池·仅利润断层,增速加速|单季口径|正式财报|观察池,公告后无有效跳空,
688699,明微电子,科创板,半导体,2026-08-15,正式财报,2026年半年报,340.36,累计同比,171.15,169.21,61301581.489999995,2026-08-18,0.0,-3.14,False,31.0,-5.72,348564132.0,69.7,False,62.0,观察池·仅利润断层,增速加速|正式财报|观察池,公告后无有效跳空,
688710,益诺思,科创板,医疗服务,2026-08-25,正式财报,2026年半年报,357.89,累计同比,121.23,236.66,26964124.330000002,2026-08-26,1.99,-4.08,False,25.0,5.28,343306538.0,97.3,False,61.9,观察池·仅利润断层,增速加速|正式财报|观察池,公告后无有效跳空,
002757,南兴股份,主板,专用设备,2026-08-29,正式财报,2026年半年报,114.03,单季同比,0.53,113.5,35530146.42,2026-08-31,2.58,10.01,True,22.0,13.07,479440295.0,52.4,False,61.9,核心池·双断层,增速加速|单季口径|正式财报|跳空高开|缺口未回补|核心池,,
002328,新朋股份,主板,汽车零部件,2026-08-28,正式财报,2026年半年报,467.03,单季同比,159.17,307.86,239565312.48999998,2026-08-28,-0.26,-0.39,False,23.0,4.78,340878252.0,46.3,False,61.8,观察池·仅利润断层,增速加速|单季口径|正式财报|观察池,公告后无有效跳空,
688353,华盛锂电,科创板,电池,2026-08-20,正式财报,2026年半年报,451.48,累计同比,325.19,126.29,125846419.52,2026-08-21,-2.22,1.33,False,28.0,-8.44,643184770.0,128.5,False,61.8,观察池·仅利润断层,增速加速|正式财报|观察池,公告后无有效跳空,
300014,亿纬锂能,创业板,电池,2026-08-20,正式财报,2026年半年报,268.0,单季同比,31.35,236.65,1854926783.5600002,2026-08-20,1.44,-0.61,False,29.0,-11.37,2307614018.0,1052.5,False,61.8,观察池·仅利润断层,增速加速|单季口径|正式财报|观察池,公告后无有效跳空,
603991,领先股份,主板,半导体,2026-08-27,正式财报,2026年半年报,895.5,累计同比,458.1,437.4,129201842.69,2026-08-27,0.32,3.03,False,24.0,24.21,333690514.0,148.5,False,61.7,观察池·仅利润断层,增速加速|正式财报|观察池,增速极端（>500%），注意低基数|公告后无有效跳空,
688428,诺诚健华,科创板,化学制药,2026-08-25,正式财报,2026年半年报,918.69,累计同比,488.93,429.76,140538489.94,2026-08-26,1.05,-1.92,False,25.0,0.38,330962452.0,79.6,False,61.6,观察池·仅利润断层,增速加速|正式财报|观察池,增速极端（>500%），注意低基数|公告后无有效跳空,
300013,新宁物流,创业板,物流,2026-08-26,正式财报,2026年半年报,1942.87,累计同比,2.58,1940.29,10658979.66,2026-08-26,2.2,4.89,True,25.0,0.0,180228929.0,23.3,True,61.5,观察池·低基数断层,增速加速|正式财报|低基数|跳空高开|缺口未回补|双断层(价格已确认)|观察池,低基数：上年同期亏损或微利，累计增速失真|增速极端（>500%），注意低基数|流通市值 < 30 亿元,
688678,福立旺,科创板,消费电子,2026-08-28,正式财报,2026年半年报,486.07,累计同比,223.03,263.04,22957871.71999999,2026-08-28,-1.17,-3.08,False,23.0,54.13,322656763.0,125.6,False,61.5,观察池·仅利润断层,增速加速|正式财报|观察池,公告后无有效跳空,
002174,游族网络,主板,游戏Ⅱ,2026-08-28,正式财报,2026年半年报,485.14,单季同比,319.99,165.15,148928858.05,2026-08-28,0.17,-1.66,False,23.0,9.1,324740538.0,129.2,False,61.5,观察池·仅利润断层,增速加速|单季口径|正式财报|观察池,公告后无有效跳空,
300690,双一科技,创业板,风电设备,2026-08-25,正式财报,2026年半年报,62.33,单季同比,-29.81,92.14,112977098.87,2026-08-25,10.64,14.57,True,26.0,17.82,398370539.0,29.7,False,61.5,核心池·双断层,增速加速|单季口径|正式财报|跳空高开|缺口未回补|核心池,接近一字板，恐难买入|流通市值 < 30 亿元,
000672,上峰材料,主板,水泥,2026-08-24,正式财报,2026年半年报,698.01,单季同比,-60.08,758.09,1332158459.1,2026-08-24,0.64,0.43,False,27.0,5.4,317773875.0,143.9,False,61.4,观察池·仅利润断层,增速加速|单季口径|正式财报|观察池,增速极端（>500%），注意低基数|公告后无有效跳空,
301151,冠龙节能,创业板,通用设备,2026-08-29,正式财报,2026年半年报,88.83,单季同比,-179.06,267.89,19761182.35,2026-08-31,4.11,20.02,True,22.0,16.29,169487559.0,35.3,False,61.4,核心池·双断层,增速加速|单季口径|正式财报|跳空高开|缺口未回补|核心池,,
002156,通富微电,主板,半导体,2026-08-29,正式财报,2026年半年报,346.86,单季同比,224.55,122.31,1388401196.45,2026-09-01,0.05,-4.93,False,21.0,-11.91,4944814606.0,863.4,False,61.3,观察池·仅利润断层,增速加速|单季口径|正式财报|观察池,公告后无有效跳空,
301377,鼎泰高科,创业板,通用设备,2026-08-20,正式财报,2026年半年报,380.17,单季同比,259.0,121.17,418556243.82000005,2026-08-20,1.42,-4.17,False,29.0,-21.79,1635041052.0,337.1,False,61.2,观察池·仅利润断层,增速加速|单季口径|正式财报|观察池,公告后无有效跳空,
002703,浙江世宝,主板,汽车零部件,2026-08-24,正式财报,2026年半年报,39.62,单季同比,-14.09,53.71,61849644.970000006,2026-08-24,9.82,5.71,True,27.0,4.4,958424800.0,91.7,False,61.1,核心池·双断层,增速加速|单季口径|正式财报|跳空高开|缺口未回补|核心池,接近一字板，恐难买入,
600596,新安股份,主板,农化制品,2026-08-25,正式财报,2026年半年报,339.38,单季同比,190.61,148.77,157926828.64,2026-08-26,-0.29,1.16,False,25.0,2.42,300688926.0,142.9,False,60.8,观察池·仅利润断层,增速加速|单季口径|正式财报|观察池,公告后无有效跳空,
605289,罗曼股份,主板,专业工程,2026-08-29,正式财报,2026年半年报,444.1,累计同比,222.75,221.35,25445365.480000004,2026-09-01,-0.01,-3.7,False,21.0,-12.91,277588876.0,143.4,False,60.6,观察池·仅利润断层,增速加速|正式财报|观察池,公告后无有效跳空,
002546,新联电子,主板,电网设备,2026-08-18,正式财报,2026年半年报,348.34,单季同比,-15.04,363.38,361835461.4,2026-08-18,-0.93,-3.13,False,31.0,-14.05,276691278.0,58.8,False,60.5,观察池·仅利润断层,增速加速|单季口径|正式财报|观察池,公告后无有效跳空,
002635,安洁科技,主板,消费电子,2026-08-26,正式财报,2026年半年报,321.22,单季同比,11.8,309.42,129124619.62,2026-08-27,1.69,2.14,False,24.0,-9.95,275521212.0,55.8,False,60.5,观察池·仅利润断层,增速加速|单季口径|正式财报|观察池,公告后无有效跳空,
600918,中泰证券,主板,证券Ⅱ,2026-08-22,正式财报,2026年半年报,275.91,单季同比,26.8,249.11,1283507625.73,2026-08-24,0.18,0.9,False,27.0,-2.34,391237423.0,247.3,False,60.4,观察池·仅利润断层,增速加速|单季口径|正式财报|观察池,公告后无有效跳空,
000937,冀中能源,主板,煤炭开采,2026-08-27,正式财报,2026年半年报,423.11,单季同比,-65.07,488.18,152536846.2,2026-08-27,0.4,4.05,False,24.0,-11.29,267445111.0,166.2,False,60.3,观察池·仅利润断层,增速加速|单季口径|正式财报|观察池,公告后无有效跳空,
002925,盈趣科技,主板,消费电子,2026-08-22,正式财报,2026年半年报,299.38,单季同比,21.68,277.7,244811407.05,2026-08-24,0.98,-0.85,False,27.0,-1.68,264941900.0,162.3,False,60.2,观察池·仅利润断层,增速加速|单季口径|正式财报|观察池,公告后无有效跳空,
002084,海鸥住工,主板,家居用品,2026-08-25,正式财报,2026年半年报,-53.43,累计同比,-271.01,217.58,-17451880.910000004,2026-08-25,10.13,10.13,True,26.0,31.95,11115020.0,37.0,False,60.2,核心池·双断层,增速加速|正式财报|跳空高开|缺口未回补|核心池,接近一字板，恐难买入,
003032,传智教育,主板,教育,2026-08-29,正式财报,2026年半年报,577.83,累计同比,127.18,450.65,32960114.33,2026-08-31,1.53,4.89,False,22.0,-18.68,771322021.0,24.5,False,60.0,观察池·仅利润断层,增速加速|正式财报|观察池,增速极端（>500%），注意低基数|公告后无有效跳空|流通市值 < 30 亿元,
300551,古鳌科技,创业板,计算机设备,2026-08-27,正式财报,2026年半年报,379.2,累计同比,31.71,347.49,351217976.21,2026-08-27,1.14,0.76,False,24.0,9.45,247844871.0,38.3,False,60.0,观察池·仅利润断层,增速加速|正式财报|观察池,公告后无有效跳空,
002648,卫星化学,主板,化学原料,2026-08-15,正式财报,2026年半年报,249.68,单季同比,34.97,214.71,4109630435.66,2026-08-18,0.74,3.99,False,31.0,2.0,1795152729.0,892.5,False,60.0,观察池·仅利润断层,增速加速|单季口径|正式财报|观察池,公告后无有效跳空,
001287,中电港,主板,其他电子Ⅱ,2026-08-21,正式财报,2026年半年报,268.13,单季同比,87.38,180.75,354602896.43000007,2026-08-24,-0.17,-3.13,False,27.0,-1.48,405932983.0,171.7,False,59.9,观察池·仅利润断层,增速加速|单季口径|正式财报|观察池,公告后无有效跳空,
600178,东安动力,主板,汽车零部件,2026-08-25,正式财报,2026年半年报,5608.08,单季同比,-633.77,6241.85,10969682.339999998,2026-08-25,0.76,3.47,True,26.0,6.34,84672487.0,46.1,True,59.7,观察池·低基数断层,增速加速|单季口径|正式财报|低基数|缺口未回补|观察池,低基数：上年同期单季净利仅 19 万元，增速参考性弱|增速极端（>500%），注意低基数,
000070,特发信息,主板,通信设备,2026-08-27,正式财报,2026年半年报,246.56,单季同比,36.67,209.89,71601668.78,2026-08-27,0.88,3.9,False,24.0,1.75,1878672100.0,139.6,False,59.7,观察池·仅利润断层,增速加速|单季口径|正式财报|观察池,公告后无有效跳空,
300666,江丰电子,创业板,半导体,2026-09-30,正式财报,2026年半年报,245.73,单季同比,33.42,212.31,329947335.40000004,2026-09-30,0.58,-3.28,False,1.0,-3.84,1415844564.0,493.3,False,59.6,观察池·仅利润断层,增速加速|单季口径|正式财报|观察池,公告后无有效跳空,
002452,长高电气,主板,电网设备,2026-08-28,正式财报,2026年半年报,628.71,单季同比,69.27,559.44,525134574.53000003,2026-08-28,0.97,1.41,False,23.0,-0.7,218234223.0,58.9,False,59.4,观察池·仅利润断层,增速加速|单季口径|正式财报|观察池,增速极端（>500%），注意低基数|公告后无有效跳空,
603730,岱美股份,主板,汽车零部件,2026-08-29,正式财报,2026年半年报,623.27,单季同比,-10.79,634.06,233871379.36,2026-09-01,-1.72,-1.43,False,21.0,-4.37,215651023.0,211.6,False,59.3,观察池·仅利润断层,增速加速|单季口径|正式财报|观察池,增速极端（>500%），注意低基数|公告后无有效跳空,
002209,达意隆,主板,专用设备,2026-08-21,正式财报,2026年半年报,64.71,单季同比,-38.41,103.12,101088485.87,2026-08-21,10.03,10.03,True,28.0,0.15,206290574.0,20.8,False,59.3,核心池·双断层,增速加速|单季口径|正式财报|跳空高开|缺口未回补|核心池,接近一字板，恐难买入|流通市值 < 30 亿元,
000997,新大陆,主板,计算机设备,2026-08-26,正式财报,2026年半年报,43.72,单季同比,-9.63,53.35,408570592.04999995,2026-08-26,8.03,9.99,True,25.0,-4.87,1852710333.0,194.7,False,59.3,核心池·双断层,增速加速|单季口径|正式财报|跳空高开|缺口未回补|核心池,,
603027,千禾味业,主板,调味发酵品Ⅱ,2026-08-29,正式财报,2026年半年报,313.03,单季同比,-7.75,320.78,52666420.42000002,2026-08-31,1.77,0.14,False,22.0,-2.01,206350222.0,97.3,False,59.1,观察池·仅利润断层,增速加速|单季口径|正式财报|观察池,公告后无有效跳空,
000415,渤海租赁,主板,多元金融,2026-08-22,正式财报,2026年半年报,258.73,累计同比,35.57,223.16,2296967000.0,2026-08-24,0.65,-2.17,False,27.0,-10.8,403963961.0,222.7,False,59.0,观察池·仅利润断层,增速加速|正式财报|观察池,公告后无有效跳空,
600490,鹏欣资源,主板,工业金属,2026-08-26,正式财报,2026年半年报,239.28,单季同比,2.35,236.93,114373020.38999999,2026-08-26,0.0,2.32,False,25.0,-7.36,576272059.0,135.5,False,58.9,观察池·仅利润断层,增速加速|单季口径|正式财报|观察池,公告后无有效跳空,
605277,新亚电子,主板,消费电子,2026-08-26,正式财报,2026年半年报,62.72,单季同比,-5.91,68.63,84448445.42,2026-08-26,9.76,10.02,True,25.0,0.48,175989461.0,64.6,False,58.9,核心池·双断层,增速加速|单季口径|正式财报|跳空高开|缺口未回补|核心池,接近一字板，恐难买入,
688569,铁科轨道,科创板,轨交设备Ⅱ,2026-08-19,正式财报,2026年半年报,56.46,单季同比,-17.7,74.16,70714639.75,2026-08-19,9.26,13.28,True,30.0,-2.63,168085899.0,39.0,False,58.9,核心池·双断层,增速加速|单季口径|正式财报|跳空高开|缺口未回补|核心池,接近一字板，恐难买入,
002408,齐翔腾达,主板,炼化及贸易,2026-08-25,正式财报,2026年半年报,1071.92,单季同比,-1796.62,2868.54,208055650.24,2026-08-26,-0.37,-0.92,False,25.0,-3.69,190142164.0,143.6,False,58.8,观察池·仅利润断层,增速加速|单季口径|正式财报|观察池,增速极端（>500%），注意低基数|公告后无有效跳空,
600123,兰花科创,主板,煤炭开采,2026-08-25,正式财报,2026年半年报,358.71,单季同比,-182.28,540.99,110569624.15,2026-08-25,0.0,-0.55,False,26.0,-6.03,178570566.0,101.1,False,58.6,观察池·仅利润断层,增速加速|单季口径|正式财报|观察池,公告后无有效跳空,
000889,中嘉博创,主板,通信服务,2026-08-25,正式财报,2026年半年报,684.63,累计同比,22.06,662.57,129736569.14,2026-08-26,-0.25,0.25,False,25.0,-9.5,174789126.0,31.5,False,58.5,观察池·仅利润断层,增速加速|正式财报|观察池,增速极端（>500%），注意低基数|公告后无有效跳空,
601319,中国人保,主板,保险Ⅱ,2026-08-29,正式财报,2026年半年报,104.16,单季同比,-31.4,135.56,27931000000.0,2026-08-31,1.82,4.34,True,22.0,9.77,1369628578.0,2832.7,False,58.5,观察池·仅利润断层,增速加速|单季口径|正式财报|缺口未回补|观察池,,
002042,华孚时尚,主板,纺织制造,2026-08-27,正式财报,2026年半年报,845.81,单季同比,180.98,664.83,152138786.99,2026-08-27,0.26,1.03,False,24.0,-7.71,170908617.0,61.1,False,58.4,观察池·仅利润断层,增速加速|单季口径|正式财报|观察池,增速极端（>500%），注意低基数|公告后无有效跳空,
000626,远大控股,主板,物流,2026-08-18,正式财报,2026年半年报,869.76,单季同比,352.48,517.28,156747208.32,2026-08-18,1.14,1.77,False,31.0,9.39,166674066.0,44.1,False,58.3,观察池·仅利润断层,增速加速|单季口径|正式财报|观察池,增速极端（>500%），注意低基数|公告后无有效跳空,
000858,五粮液,主板,白酒Ⅱ,2026-08-29,正式财报,2026年半年报,232.56,单季同比,82.57,149.99,690178050.5299997,2026-08-31,-0.13,-0.34,False,22.0,-1.9,1795566849.0,2719.4,False,58.3,观察池·仅利润断层,增速加速|单季口径|正式财报|观察池,公告后无有效跳空,
001232,嘉立创,主板,元件,2026-08-27,正式财报,2026年半年报,89.22,单季同比,51.71,37.51,653857897.75,2026-08-27,6.48,10.0,True,24.0,17.78,1378644404.0,81.7,False,58.3,核心池·双断层,增速加速|单季口径|正式财报|跳空高开|缺口未回补|核心池,,
600073,光明肉业,主板,食品加工,2026-08-29,正式财报,2026年半年报,451.38,单季同比,-70.06,521.44,57056301.74000001,2026-08-31,1.08,2.7,False,22.0,-1.6,158381671.0,51.9,False,58.2,观察池·仅利润断层,增速加速|单季口径|正式财报|观察池,公告后无有效跳空,
001298,好上好,主板,其他电子Ⅱ,2026-08-28,正式财报,2026年半年报,438.95,单季同比,235.36,203.59,86272304.57,2026-08-28,-0.11,-1.49,False,23.0,-10.19,156688985.0,66.0,False,58.1,观察池·仅利润断层,增速加速|单季口径|正式财报|观察池,公告后无有效跳空,
002557,洽洽食品,主板,休闲食品,2026-08-25,正式财报,2026年半年报,581.2,单季同比,117.82,463.38,77614733.14999998,2026-08-25,1.07,-0.16,False,26.0,-2.71,142581675.0,92.3,False,57.9,观察池·仅利润断层,增速加速|单季口径|正式财报|观察池,增速极端（>500%），注意低基数|公告后无有效跳空,
600895,张江高科,主板,房地产开发,2026-08-20,正式财报,2026年半年报,229.25,单季同比,-71.64,300.89,245901117.88000003,2026-08-20,1.01,-2.53,False,29.0,-12.17,856592125.0,433.8,False,57.9,观察池·仅利润断层,增速加速|单季口径|正式财报|观察池,公告后无有效跳空,
688981,中芯国际,科创板,半导体,2026-08-28,正式财报,2026年半年报,228.88,单季同比,0.4,228.48,3106222000.0,2026-08-28,0.0,-0.36,False,23.0,-11.35,3765222746.0,2240.5,False,57.9,观察池·仅利润断层,增速加速|单季口径|正式财报|观察池,公告后无有效跳空,
600521,华海药业,主板,化学制药,2026-08-27,正式财报,2026年半年报,227.2,单季同比,35.9,191.3,366734583.7,2026-08-27,0.24,1.46,False,24.0,-0.61,535272391.0,244.7,False,57.7,观察池·仅利润断层,增速加速|单季口径|正式财报|观察池,公告后无有效跳空,
600909,华安证券,主板,证券Ⅱ,2026-08-25,正式财报,2026年半年报,225.82,单季同比,-17.4,243.22,1663304493.7,2026-08-26,-0.12,2.71,False,25.0,-4.19,1329311386.0,390.4,False,57.6,观察池·仅利润断层,增速加速|单季口径|正式财报|观察池,公告后无有效跳空,
000042,中洲控股,主板,房地产开发,2026-08-21,正式财报,2026年半年报,1979.05,单季同比,-147.73,2126.78,1054931549.09,2026-08-24,0.0,-7.19,False,27.0,-3.42,125085018.0,56.2,False,57.5,观察池·仅利润断层,增速加速|单季口径|正式财报|观察池,增速极端（>500%），注意低基数|公告后无有效跳空,
300809,华辰装备,创业板,通用设备,2026-08-29,正式财报,2026年半年报,373.64,单季同比,-45.76,419.4,49903784.35,2026-08-31,0.21,4.07,False,22.0,0.85,126453045.0,35.5,False,57.5,观察池·仅利润断层,增速加速|单季口径|正式财报|观察池,公告后无有效跳空,
300568,星源材质,创业板,电池,2026-08-28,正式财报,2026年半年报,225.15,单季同比,-37.33,262.48,174692262.08,2026-08-28,1.74,-2.12,False,23.0,-0.38,932818107.0,190.3,False,57.5,观察池·仅利润断层,增速加速|单季口径|正式财报|观察池,公告后无有效跳空,
600746,江苏索普,主板,化学原料,2026-08-26,正式财报,2026年半年报,389.62,单季同比,-40.27,429.89,219282414.67,2026-08-27,0.0,0.29,False,24.0,0.29,121845117.0,80.3,False,57.4,观察池·仅利润断层,增速加速|单季口径|正式财报|观察池,公告后无有效跳空,
000886,海南高速,主板,铁路公路,2026-08-28,正式财报,2026年半年报,306.72,累计同比,-72.53,379.25,89094744.86,2026-08-28,0.42,2.32,False,23.0,-0.84,120704726.0,46.3,False,57.4,观察池·仅利润断层,增速加速|正式财报|观察池,公告后无有效跳空,
002418,康盛股份,主板,家电零部件Ⅱ,2026-08-26,正式财报,2026年半年报,-7.0,累计同比,-61.47,54.47,3492566.92,2026-08-26,10.12,10.12,True,25.0,-2.02,529807968.0,49.7,False,57.3,核心池·双断层,增速加速|正式财报|跳空高开|缺口未回补|核心池,接近一字板，恐难买入,
600191,华资实业,主板,农产品加工,2026-08-29,正式财报,2026年半年报,722.6,累计同比,89.71,632.89,15655013.410000004,2026-09-01,-1.02,-1.39,False,21.0,-17.21,109211927.0,42.9,False,57.2,观察池·仅利润断层,增速加速|正式财报|观察池,增速极端（>500%），注意低基数|公告后无有效跳空,
300471,厚普股份,创业板,专用设备,2026-08-05,正式财报,2026年半年报,518.55,累计同比,-136.14,654.69,85340452.6,2026-08-06,-1.01,-0.71,False,39.0,0.82,106591484.0,36.9,False,57.1,观察池·仅利润断层,增速加速|正式财报|观察池,增速极端（>500%），注意低基数|公告后无有效跳空,
002930,宏川智慧,主板,物流,2026-08-29,正式财报,2026年半年报,294.9,累计同比,-12.22,307.12,5391126.949999999,2026-09-01,0.0,1.6,False,21.0,-4.9,129201227.0,38.7,False,57.1,观察池·仅利润断层,增速加速|正式财报|观察池,公告后无有效跳空,
600516,方大炭素,主板,冶钢原料,2026-08-31,正式财报,2026年半年报,240.58,单季同比,27.63,212.95,162085604.08,2026-08-31,1.56,3.12,False,22.0,1.73,401584520.0,213.0,False,57.1,观察池·仅利润断层,增速加速|单季口径|正式财报|观察池,公告后无有效跳空,
603630,拉芳家化,主板,化妆品,2026-08-25,正式财报,2026年半年报,484.49,累计同比,64.47,420.02,15720200.929999996,2026-08-25,0.0,-0.57,False,26.0,9.33,101026230.0,34.6,False,57.0,观察池·仅利润断层,增速加速|正式财报|观察池,公告后无有效跳空,
002986,宇新股份,主板,炼化及贸易,2026-08-27,正式财报,2026年半年报,400.64,累计同比,-270.4,671.04,168608902.24,2026-08-27,0.37,1.5,False,24.0,-6.26,102438870.0,37.9,False,57.0,观察池·仅利润断层,增速加速|正式财报|观察池,公告后无有效跳空,
002845,同兴达,主板,光学光电子,2026-08-21,正式财报,2026年半年报,335.54,单季同比,-3.39,338.93,53061255.550000004,2026-08-24,0.0,-2.05,False,27.0,3.11,101412022.0,34.0,False,57.0,观察池·仅利润断层,增速加速|单季口径|正式财报|观察池,公告后无有效跳空,
301239,普瑞眼科,创业板,医疗服务,2026-08-29,正式财报,2026年半年报,500.71,累计同比,158.97,341.74,17463460.180000007,2026-09-01,1.15,-1.18,False,21.0,-6.76,95566075.0,45.4,False,56.9,观察池·仅利润断层,增速加速|正式财报|观察池,增速极端（>500%），注意低基数|公告后无有效跳空,
600848,上海临港,主板,房地产开发,2026-08-27,正式财报,2026年半年报,327.77,单季同比,-36.08,363.85,475691883.97,2026-08-27,0.34,-0.91,False,24.0,2.84,97471266.0,216.6,False,56.9,观察池·仅利润断层,增速加速|单季口径|正式财报|观察池,公告后无有效跳空,
002357,富临运业,主板,铁路公路,2026-08-28,正式财报,2026年半年报,412.14,单季同比,-0.93,413.07,250776098.74999997,2026-08-28,0.0,0.73,False,23.0,4.26,88112063.0,36.0,False,56.8,观察池·仅利润断层,增速加速|单季口径|正式财报|观察池,公告后无有效跳空,
603596,伯特利,主板,汽车零部件,2026-08-28,正式财报,2026年半年报,47.97,单季同比,-0.64,48.61,372841016.5199999,2026-08-28,6.99,8.11,True,23.0,1.55,1260019329.0,252.6,False,56.8,核心池·双断层,增速加速|单季口径|正式财报|跳空高开|缺口未回补|核心池,,
000599,青岛双星,主板,汽车零部件,2026-08-14,正式财报,2026年半年报,503.71,累计同比,14.76,488.95,100663060.94999999,2026-08-14,0.61,-2.85,False,33.0,-9.51,85334093.0,36.5,False,56.7,观察池·仅利润断层,增速加速|正式财报|观察池,增速极端（>500%），注意低基数|公告后无有效跳空,
000096,广聚能源,主板,炼化及贸易,2026-08-28,正式财报,2026年半年报,635.68,累计同比,-15.65,651.33,56376799.36,2026-08-28,0.37,1.6,False,23.0,-2.32,78811127.0,40.8,False,56.6,观察池·仅利润断层,预增|增速加速|正式财报|观察池,非经常损益嫌疑：投资收益/非经常性/公允价值|增速极端（>500%），注意低基数|公告后无有效跳空,"(一)公司本期归属于上市公司股东的净利润同比增加,主要为:1.公司本期主营业务利润较上年同期增加,主要原因系:报告期内,中东局势紧张推动国际原油价格中枢上移,传导至国内成品油行业,公司采销价格随之上行,但行业供需格局显著改善,批零价差扩大,叠加公司稳定的供应渠道、优质客户资源及前期低价库存逐步释放等有利因素,公司成品油业务量价齐升,带动主营业务盈利水平提升。2.公司本期计提信用减值同比减少。(二)公司本期归属于上市公司股东的非经常性损益同比减少,主要为:本期证券投资业务实现投资收益及公允价值变动收益减少。因此,非经常性损益较上年同期减少,而本期净利润同比增加,使得扣除非经常性损益后的归属于上市"
600346,恒力石化,主板,炼化及贸易,2026-08-20,正式财报,2026年半年报,229.83,单季同比,90.65,139.18,3295559971.04,2026-08-21,-0.21,0.16,False,28.0,-14.52,669199796.0,1131.2,False,56.5,观察池·仅利润断层,增速加速|单季口径|正式财报|观察池,公告后无有效跳空,
000581,威孚高科,主板,汽车零部件,2026-08-26,正式财报,2026年半年报,32.99,单季同比,5.62,27.37,462082244.01000005,2026-08-26,8.81,4.63,True,25.0,-4.31,671287798.0,144.6,False,56.5,核心池·双断层,增速加速|单季口径|正式财报|跳空高开|缺口未回补|核心池,,
688498,源杰科技,科创板,半导体,2026-08-29,正式财报,2026年半年报,1238.7,单季同比,1153.07,85.63,427630924.37,2026-09-01,0.0,-3.33,False,21.0,5.22,4697095498.0,1982.3,False,56.4,观察池·仅利润断层,增速加速|单季口径|正式财报|观察池,增速极端（>500%），注意低基数|公告后无有效跳空,
603489,八方股份,主板,电机Ⅱ,2026-08-28,正式财报,2026年半年报,504.34,单季同比,104.87,399.47,62537967.31,2026-08-31,-0.22,1.12,False,22.0,3.19,66980968.0,66.8,False,56.3,观察池·仅利润断层,增速加速|单季口径|正式财报|观察池,增速极端（>500%），注意低基数|公告后无有效跳空,
002889,东方嘉盛,主板,物流,2026-08-26,正式财报,2026年半年报,339.11,单季同比,-10.86,349.97,160125880.33999997,2026-08-26,-0.47,-0.47,False,25.0,-5.94,63561678.0,30.3,False,56.3,观察池·仅利润断层,增速加速|单季口径|正式财报|观察池,公告后无有效跳空,
600118,中国卫星,主板,航天装备Ⅱ,2026-08-20,正式财报,2026年半年报,213.36,累计同比,-77.07,290.43,77255993.33,2026-08-21,-0.72,1.07,False,28.0,-9.79,2189438224.0,650.7,False,56.3,观察池·仅利润断层,增速加速|正式财报|观察池,公告后无有效跳空,
002237,恒邦股份,主板,贵金属,2026-08-21,正式财报,2026年半年报,211.97,单季同比,14.56,197.41,490064645.25999993,2026-08-24,1.94,-1.68,False,27.0,-20.83,1063682094.0,148.7,False,56.2,观察池·仅利润断层,增速加速|单季口径|正式财报|观察池,公告后无有效跳空,
600348,华阳股份,主板,煤炭开采,2026-08-27,正式财报,2026年半年报,211.21,单季同比,-18.98,230.19,577922073.0699999,2026-08-27,1.34,6.14,False,24.0,-2.2,609205929.0,320.3,False,56.1,观察池·仅利润断层,增速加速|单季口径|正式财报|观察池,公告后无有效跳空,
300741,华宝股份,创业板,化学制品,2026-08-27,正式财报,2026年半年报,720.09,累计同比,-8.54,728.63,65427530.0,2026-08-27,0.58,1.02,False,24.0,78.68,50917421.0,152.3,False,56.0,观察池·仅利润断层,增速加速|正式财报|观察池,增速极端（>500%），注意低基数|公告后无有效跳空,
000553,安道麦A,主板,农化制品,2026-08-19,正式财报,2026年半年报,638.34,累计同比,276.65,361.69,-136661000.0,2026-08-19,0.0,-1.79,False,30.0,-2.14,51053281.0,119.3,False,56.0,观察池·仅利润断层,增速加速|正式财报|观察池,增速极端（>500%），注意低基数|公告后无有效跳空,
605006,山东玻纤,主板,玻璃玻纤,2026-08-19,正式财报,2026年半年报,234.89,累计同比,15.43,219.46,19145430.560000002,2026-08-20,1.76,-1.83,False,29.0,0.83,375720978.0,95.3,False,56.0,观察池·仅利润断层,增速加速|正式财报|观察池,公告后无有效跳空,
688399,硕世生物,科创板,医疗器械,2026-08-28,正式财报,2026年半年报,390.02,累计同比,64.77,325.25,-1557685.210000001,2026-08-28,0.0,0.53,False,23.0,-2.41,44531400.0,34.2,False,55.9,观察池·仅利润断层,增速加速|正式财报|观察池,公告后无有效跳空,
601121,宝地矿业,主板,冶钢原料,2026-08-26,正式财报,2026年半年报,266.78,单季同比,84.41,182.37,152396857.48,2026-08-26,0.41,3.3,False,25.0,-3.7,198692979.0,58.5,False,55.7,观察池·仅利润断层,增速加速|单季口径|正式财报|观察池,公告后无有效跳空,
002812,恩捷股份,主板,电池,2026-08-25,正式财报,2026年半年报,980.99,累计同比,901.7,79.29,560012675.91,2026-08-26,0.58,1.77,False,25.0,-15.88,1034446539.0,373.0,False,55.6,观察池·仅利润断层,增速加速|正式财报|观察池,增速极端（>500%），注意低基数|公告后无有效跳空,
300182,捷成股份,创业板,影视院线,2026-08-25,正式财报,2026年半年报,234.44,单季同比,-13.9,248.34,47722545.07000001,2026-08-25,0.21,2.73,False,26.0,10.06,355639712.0,126.8,False,55.6,观察池·仅利润断层,增速加速|单季口径|正式财报|观察池,公告后无有效跳空,
300095,华伍股份,创业板,专用设备,2026-08-29,正式财报,2026年半年报,792.62,单季同比,71.12,721.5,62580561.480000004,2026-08-31,0.36,3.0,True,22.0,6.35,127374258.0,28.2,True,55.5,观察池·低基数断层,增速加速|单季口径|正式财报|低基数|缺口未回补|观察池,低基数：上年同期单季净利仅 701 万元，增速参考性弱|增速极端（>500%），注意低基数|流通市值 < 30 亿元,
301666,大普微,创业板,计算机设备,2026-08-25,正式财报,2026年半年报,477.08,累计同比,398.88,78.2,964086611.74,2026-08-26,0.25,-1.26,False,25.0,-14.38,640805853.0,90.1,False,55.4,观察池·仅利润断层,增速加速|正式财报|观察池,公告后无有效跳空,
300171,东富龙,创业板,医疗器械,2026-08-28,正式财报,2026年半年报,210.87,单季同比,36.67,174.2,80163674.22,2026-08-28,-0.6,1.2,False,23.0,10.27,444974361.0,92.1,False,55.0,观察池·仅利润断层,增速加速|单季口径|正式财报|观察池,公告后无有效跳空,
688561,奇安信,科创板,软件开发,2026-08-28,正式财报,2026年半年报,46.58,累计同比,7.08,39.5,-23175060.149999976,2026-08-28,6.8,7.32,True,23.0,10.74,643033772.0,204.0,False,55.0,核心池·双断层,增速加速|正式财报|跳空高开|缺口未回补|核心池,,
601086,国芳集团,主板,一般零售,2026-08-26,正式财报,2026年半年报,295.12,单季同比,174.14,120.98,29550918.139999993,2026-08-27,0.0,1.2,True,24.0,77.97,61726839.0,88.8,True,54.9,观察池·低基数断层,增速加速|单季口径|正式财报|低基数|缺口未回补|观察池,低基数：上年同期单季净利仅 748 万元，增速参考性弱,
300570,太辰光,创业板,通信设备,2026-08-15,正式财报,2026年半年报,17.61,单季同比,-17.12,34.73,110535770.41999999,2026-08-17,8.17,20.0,True,32.0,21.56,4508005583.0,408.1,False,54.5,核心池·双断层,增速加速|单季口径|正式财报|跳空高开|缺口未回补|核心池,,
600313,农发种业,主板,种植业,2026-08-22,正式财报,2026年半年报,194.1,单季同比,-63.25,257.35,33578107.68,2026-08-24,0.0,2.31,False,27.0,3.54,940719613.0,72.8,False,54.4,观察池·仅利润断层,增速加速|单季口径|正式财报|观察池,公告后无有效跳空,
603681,永冠新材,主板,化学制品,2026-08-27,正式财报,2026年半年报,269.55,单季同比,104.86,164.69,65433145.89,2026-08-28,0.05,-1.03,False,23.0,-1.19,117452948.0,43.5,False,54.3,观察池·仅利润断层,增速加速|单季口径|正式财报|观察池,公告后无有效跳空,
001258,立新能源,主板,电力,2026-08-10,正式财报,2026年半年报,264.08,单季同比,167.71,96.37,66683576.06,2026-08-10,1.98,10.03,False,37.0,-25.26,2519826914.0,93.6,False,54.3,观察池·仅利润断层,增速加速|单季口径|正式财报|观察池,公告后无有效跳空,
688508,芯朋微,科创板,半导体,2026-08-15,正式财报,2026年半年报,191.07,单季同比,-66.59,257.66,143849517.13,2026-08-17,1.0,13.89,False,32.0,-10.77,1216501949.0,101.4,False,54.1,观察池·仅利润断层,增速加速|单季口径|正式财报|观察池,公告后无有效跳空,
002679,福建金森,主板,林业Ⅱ,2026-08-25,正式财报,2026年半年报,411.44,单季同比,-2.73,414.17,7956969.6000000015,2026-08-25,0.43,3.68,True,26.0,25.4,52292263.0,27.5,True,54.0,观察池·低基数断层,增速加速|单季口径|正式财报|低基数|缺口未回补|观察池,低基数：上年同期单季净利仅 156 万元，增速参考性弱|流通市值 < 30 亿元,
688052,纳芯微,科创板,半导体,2026-08-28,正式财报,2026年半年报,186.65,累计同比,30.39,156.26,103328338.89,2026-08-28,-1.39,1.19,False,23.0,-4.31,1085057448.0,338.9,False,53.7,观察池·仅利润断层,扭亏|增速加速|正式财报|观察池,扭亏型：上年同期为负，增速口径失真|非经常损益嫌疑：非经常性/公允价值|公告后无有效跳空,"(一)营业收入经财务部门初步测算,2026年上半年,公司预计实现营业收入约254,000.00万元,同比增长66.70%左右。主要得益于:(1)需求端,受益于国内需求回暖及光储/汽车出海加速、AI算力基建需求爆发等多重因素,下游汽车电子、服务器电源、光伏与储能、工业自动化等领域客户需求快速增长,公司相关产品出货量大幅提升;(2)产品端,公司持续围绕下游应用场景布局产品研发,半导体产品及解决方案矩阵不断丰富,可供销售的产品型号持续增加,销售规模稳步扩张;(3)市场端,公司海外业务战略拓展持续推进,海外客户收入贡献稳步提升。(二)净利润及扣除非经常性损益的净利润预计2026年上半年将实现归属于上市"
300135,宝利国际,创业板,炼化及贸易,2026-08-22,正式财报,2026年半年报,288.64,累计同比,172.01,116.63,4172270.16,2026-08-24,0.59,3.85,False,27.0,1.76,207544789.0,31.9,False,53.6,观察池·仅利润断层,增速加速|正式财报|观察池,公告后无有效跳空,
600495,晋西车轴,主板,轨交设备Ⅱ,2026-08-12,正式财报,2026年半年报,217.8,单季同比,-94.29,312.09,19328782.16,2026-08-12,0.76,4.83,True,35.0,3.03,179643700.0,49.3,True,53.4,观察池·低基数断层,增速加速|单季口径|正式财报|低基数|缺口未回补|观察池,低基数：上年同期单季净利仅 608 万元，增速参考性弱,
300687,赛意信息,创业板,IT服务Ⅱ,2026-08-25,正式财报,2026年半年报,207.7,累计同比,28.74,178.96,24453572.71,2026-08-26,-0.27,-2.31,False,25.0,9.79,382425216.0,95.3,False,53.4,观察池·仅利润断层,增速加速|正式财报|观察池,公告后无有效跳空,
301297,富乐德,创业板,半导体,2026-08-25,正式财报,2026年半年报,126.91,单季同比,46.26,80.65,109794297.89999999,2026-08-26,-0.8,2.74,True,25.0,37.07,597677919.0,256.9,False,53.4,观察池·仅利润断层,增速加速|单季口径|正式财报|缺口未回补|观察池,,
000576,甘化科工,主板,地面兵装Ⅱ,2026-08-27,正式财报,2026年半年报,27.04,单季同比,-73.48,100.52,33674082.21,2026-08-27,5.36,10.04,True,24.0,8.36,268783460.0,36.0,False,53.4,核心池·双断层,增速加速|单季口径|正式财报|跳空高开|缺口未回补|核心池,,
601886,江河集团,主板,装修装饰Ⅱ,2026-08-12,正式财报,2026年半年报,56.83,单季同比,5.75,51.08,287826653.61,2026-08-12,6.72,9.97,True,35.0,28.71,295032499.0,148.3,False,53.3,核心池·双断层,增速加速|单季口径|正式财报|跳空高开|缺口未回补|核心池,,
300798,锦鸡股份,创业板,化学制品,2026-08-25,正式财报,2026年半年报,191.05,单季同比,-122.83,313.88,9686666.170000002,2026-08-26,-0.68,2.87,True,25.0,18.73,297276271.0,35.0,True,53.1,观察池·低基数断层,增速加速|单季口径|正式财报|低基数|缺口未回补|观察池,低基数：上年同期单季净利仅 333 万元，增速参考性弱,
300927,江天化学,创业板,化学原料,2026-08-21,正式财报,2026年半年报,22955.37,累计同比,1473.96,21481.41,46524860.47,2026-08-21,0.0,4.12,False,28.0,6.28,628114759.0,38.8,True,53.0,观察池·低基数断层,增速加速|正式财报|低基数|观察池,低基数：上年同期亏损或微利，累计增速失真|增速极端（>500%），注意低基数|公告后无有效跳空,
002493,荣盛石化,主板,炼化及贸易,2026-08-25,正式财报,2026年半年报,16675.6,单季同比,378.46,16297.14,2295364578.0,2026-08-25,0.0,-3.15,False,26.0,-2.34,577802799.0,1248.0,True,53.0,观察池·低基数断层,增速加速|单季口径|正式财报|低基数|观察池,增速极端（>3000%），大概率为基数效应|增速极端（>500%），注意低基数|公告后无有效跳空,
300333,兆日科技,创业板,计算机设备,2026-08-27,正式财报,2026年半年报,13126.09,单季同比,-262.55,13388.64,50972339.6,2026-08-27,0.16,11.67,False,24.0,-7.77,1412670456.0,38.2,True,53.0,观察池·低基数断层,增速加速|单季口径|正式财报|低基数|观察池,低基数：上年同期单季净利仅 39 万元，增速参考性弱|增速极端（>500%），注意低基数|公告后无有效跳空,
300058,蓝色光标,创业板,广告营销,2026-08-29,正式财报,2026年半年报,9003.67,单季同比,32.04,8971.63,85378016.08999999,2026-09-01,-0.78,-0.5,False,21.0,-11.58,6279159933.0,430.2,True,53.0,观察池·低基数断层,增速加速|单季口径|正式财报|低基数|观察池,低基数：上年同期单季净利仅 94 万元，增速参考性弱|增速极端（>500%），注意低基数|公告后无有效跳空,
000301,东方盛虹,主板,炼化及贸易,2026-08-29,正式财报,2026年半年报,6705.16,单季同比,319.86,6385.3,3067722682.6400003,2026-08-31,1.42,3.55,False,22.0,-9.86,863087434.0,851.8,True,53.0,观察池·低基数断层,增速加速|单季口径|正式财报|低基数|观察池,增速极端（>3000%），大概率为基数效应|增速极端（>500%），注意低基数|公告后无有效跳空,
688378,奥来德,科创板,光学光电子,2026-08-20,正式财报,2026年半年报,6001.28,单季同比,214.86,5786.42,95720801.49000001,2026-08-20,1.97,3.62,False,29.0,-3.01,745046529.0,117.9,True,53.0,观察池·低基数断层,增速加速|单季口径|正式财报|低基数|观察池,低基数：上年同期单季净利仅 157 万元，增速参考性弱|增速极端（>500%），注意低基数|公告后无有效跳空,
300765,石药创新,创业板,化学制药,2026-08-18,正式财报,2026年半年报,5509.67,单季同比,-248.88,5758.55,1355040739.51,2026-08-19,-0.72,-2.82,False,30.0,7.06,1067710099.0,662.8,True,53.0,观察池·低基数断层,增速加速|单季口径|正式财报|低基数|观察池,增速极端（>3000%），大概率为基数效应|增速极端（>500%），注意低基数|公告后无有效跳空,
001309,德明利,主板,半导体,2026-08-28,正式财报,2026年半年报,5201.6,累计同比,4943.39,258.21,2670929557.8599997,2026-08-28,1.8,-0.17,False,23.0,-18.07,8388900621.0,594.0,True,53.0,观察池·低基数断层,增速加速|正式财报|低基数|观察池,低基数：上年同期亏损或微利，累计增速失真|增速极端（>500%），注意低基数|公告后无有效跳空,
600345,长江通信,主板,通信设备,2026-08-25,正式财报,2026年半年报,4841.2,单季同比,230.18,4611.02,428461703.60999995,2026-08-26,0.42,-1.4,False,25.0,1.22,538245518.0,103.2,True,53.0,观察池·低基数断层,增速加速|单季口径|正式财报|低基数|观察池,低基数：上年同期单季净利仅 867 万元，增速参考性弱|增速极端（>500%），注意低基数|公告后无有效跳空,
300821,东岳硅材,创业板,化学制品,2026-08-21,正式财报,2026年半年报,4267.66,单季同比,426.99,3840.67,234749866.21999997,2026-08-24,0.47,-3.89,False,27.0,-15.97,1130348090.0,171.7,True,53.0,观察池·低基数断层,增速加速|单季口径|正式财报|低基数|观察池,低基数：上年同期单季净利仅 537 万元，增速参考性弱|增速极端（>500%），注意低基数|公告后无有效跳空,
301308,江波龙,创业板,半导体,2026-08-11,正式财报,2026年半年报,3930.86,单季同比,2644.05,1286.81,6714639247.780001,2026-08-12,0.13,-0.77,False,35.0,-27.78,8383309869.0,851.0,True,53.0,观察池·低基数断层,增速加速|单季口径|正式财报|低基数|观察池,增速极端（>3000%），大概率为基数效应|增速极端（>500%），注意低基数|公告后无有效跳空,
688825,长鑫科技,科创板,半导体,2026-08-29,正式财报,2026年半年报,3427.76,累计同比,1688.3,1739.46,52843196053.96,2026-09-01,0.84,-2.6,False,21.0,-6.34,13181989178.0,2467.2,True,53.0,观察池·低基数断层,增速加速|正式财报|低基数|观察池,低基数：上年同期亏损或微利，累计增速失真|增速极端（>500%），注意低基数|公告后无有效跳空,
688090,瑞松科技,科创板,自动化设备,2026-08-28,正式财报,2026年半年报,3349.46,累计同比,878.58,2470.88,21261407.15,2026-08-28,1.01,-4.85,False,23.0,2.14,670836615.0,122.7,True,53.0,观察池·低基数断层,增速加速|正式财报|低基数|观察池,低基数：上年同期亏损或微利，累计增速失真|增速极端（>500%），注意低基数|公告后无有效跳空,
688525,佰维存储,科创板,半导体,2026-08-25,正式财报,2026年半年报,3273.48,累计同比,1567.85,1705.63,4266605794.86,2026-08-26,0.47,-1.96,False,25.0,-15.96,3197073752.0,917.2,True,53.0,观察池·低基数断层,增速加速|正式财报|低基数|观察池,低基数：上年同期亏损或微利，累计增速失真|增速极端（>500%），注意低基数|公告后无有效跳空,
300613,富瀚微,创业板,半导体,2026-08-28,正式财报,2026年半年报,3057.19,单季同比,481.14,2576.05,264694259.87,2026-08-28,0.88,4.49,False,23.0,13.32,1549661271.0,177.5,True,53.0,观察池·低基数断层,增速加速|单季口径|正式财报|低基数|观察池,低基数：上年同期单季净利仅 838 万元，增速参考性弱|增速极端（>500%），注意低基数|公告后无有效跳空,
601162,天风证券,主板,证券Ⅱ,2026-08-31,正式财报,2026年半年报,2713.11,单季同比,-99.07,2812.18,203529163.75,2026-08-31,0.79,0.79,False,22.0,-7.53,807591045.0,306.1,True,53.0,观察池·低基数断层,增速加速|单季口径|正式财报|低基数|观察池,低基数：上年同期单季净利仅 724 万元，增速参考性弱|增速极端（>500%），注意低基数|公告后无有效跳空,
300981,中红医疗,创业板,医疗器械,2026-08-26,正式财报,2026年半年报,2662.38,累计同比,-73.94,2736.32,153711285.08,2026-08-27,0.65,10.33,False,24.0,31.9,555524806.0,79.8,True,53.0,观察池·低基数断层,增速加速|正式财报|低基数|观察池,低基数：上年同期亏损或微利，累计增速失真|增速极端（>500%），注意低基数|公告后无有效跳空,
300390,天华新能,创业板,电池,2026-08-18,正式财报,2026年半年报,2622.89,累计同比,1471.98,1150.91,1323382594.63,2026-08-18,-0.61,-5.59,False,31.0,-26.94,3135329959.0,349.3,True,53.0,观察池·低基数断层,增速加速|正式财报|低基数|观察池,低基数：上年同期亏损或微利，累计增速失真|增速极端（>500%），注意低基数|公告后无有效跳空,
002747,埃斯顿,主板,自动化设备,2026-08-22,正式财报,2026年半年报,2314.23,累计同比,674.64,1639.59,63488846.360000014,2026-08-25,0.78,2.79,False,26.0,-9.14,1516154642.0,221.3,True,53.0,观察池·低基数断层,增速加速|正式财报|低基数|观察池,低基数：上年同期亏损或微利，累计增速失真|增速极端（>500%），注意低基数|公告后无有效跳空,
002115,三维通信,主板,通信服务,2026-08-18,正式财报,2026年半年报,2115.21,单季同比,1540.24,574.97,28784476.839999996,2026-08-18,0.17,-4.14,False,31.0,-23.55,947841330.0,69.0,True,53.0,观察池·低基数断层,增速加速|单季口径|正式财报|低基数|观察池,低基数：上年同期单季净利仅 130 万元，增速参考性弱|增速极端（>500%），注意低基数|公告后无有效跳空,
688202,美迪西,科创板,医疗服务,2026-08-25,正式财报,2026年半年报,2083.05,单季同比,207.35,1875.7,35987081.79,2026-08-26,-0.19,1.0,False,25.0,4.5,975478399.0,144.6,True,53.0,观察池·低基数断层,增速加速|单季口径|正式财报|低基数|观察池,低基数：上年同期单季净利仅 165 万元，增速参考性弱|增速极端（>500%），注意低基数|公告后无有效跳空,
300302,同有科技,创业板,计算机设备,2026-08-28,正式财报,2026年半年报,2049.21,单季同比,431.25,1617.96,170613386.1,2026-08-28,0.68,-5.59,False,23.0,-21.18,1411931722.0,95.4,True,53.0,观察池·低基数断层,增速加速|单季口径|正式财报|低基数|观察池,低基数：上年同期单季净利仅 794 万元，增速参考性弱|增速极端（>500%），注意低基数|公告后无有效跳空,
000564,供销大集,主板,一般零售,2026-08-28,正式财报,2026年半年报,1785.3,单季同比,-4008.52,5793.82,163017010.34,2026-08-31,0.64,-3.21,False,22.0,-6.37,674320908.0,221.9,True,53.0,观察池·低基数断层,增速加速|单季口径|正式财报|低基数|观察池,低基数：上年同期单季净利仅 865 万元，增速参考性弱|增速极端（>500%），注意低基数|公告后无有效跳空,
002309,中利集团,主板,电网设备,2026-08-15,正式财报,2026年半年报,1614.97,单季同比,120.28,1494.69,99305858.4,2026-08-17,1.84,1.23,False,32.0,-15.96,515925434.0,67.1,True,53.0,观察池·低基数断层,增速加速|单季口径|正式财报|低基数|观察池,低基数：上年同期单季净利仅 579 万元，增速参考性弱|增速极端（>500%），注意低基数|公告后无有效跳空,
603958,哈森股份,主板,服装家纺,2026-08-29,正式财报,2026年半年报,1569.43,累计同比,207.92,1361.51,7920072.8999999985,2026-08-31,-1.65,3.86,False,22.0,-15.89,761486839.0,39.5,True,53.0,观察池·低基数断层,增速加速|正式财报|低基数|观察池,低基数：上年同期亏损或微利，累计增速失真|增速极端（>500%），注意低基数|公告后无有效跳空,
000990,诚志股份,主板,化学原料,2026-08-13,正式财报,2026年半年报,1416.23,累计同比,177.38,1238.85,57164553.5,2026-08-13,1.18,-0.89,False,34.0,-9.93,584213179.0,105.0,True,53.0,观察池·低基数断层,增速加速|正式财报|低基数|观察池,低基数：上年同期亏损或微利，累计增速失真|增速极端（>500%），注意低基数|公告后无有效跳空,
002738,中矿资源,主板,能源金属,2026-08-25,正式财报,2026年半年报,1146.81,累计同比,276.68,870.13,603575755.41,2026-08-25,0.0,-6.22,False,26.0,-20.84,1713947530.0,302.2,True,53.0,观察池·低基数断层,增速加速|正式财报|低基数|观察池,低基数：上年同期亏损或微利，累计增速失真|增速极端（>500%），注意低基数|公告后无有效跳空,
688331,荣昌生物,科创板,生物制品,2026-08-25,正式财报,2026年半年报,1137.06,累计同比,229.06,908.0,4334276251.38,2026-08-26,0.92,-1.31,False,25.0,-4.99,1070389374.0,417.6,True,53.0,观察池·低基数断层,扭亏|增速加速|正式财报|低基数|观察池,扭亏型：上年同期为负，增速口径失真|低基数：上年同期亏损或微利，累计增速失真|增速极端（>500%），注意低基数|公告后无有效跳空,"报告期内,本公司核心产品泰它西普、维迪西妥单抗国内销售收入持续增长;同时,本公司与艾伯维集团控股公司(以下简称""艾伯维"")就RC148签署独家授权许可协议,艾伯维将获得RC148在大中华区以外地区的开发、生产和商业化的独家权利,技术授权收入大幅增加,预计2026年上半年将实现盈利。"
300438,鹏辉能源,创业板,电池,2026-08-28,正式财报,2026年半年报,1025.39,累计同比,819.09,206.3,492971765.21,2026-08-28,0.21,-2.36,False,23.0,-21.44,1438686671.0,198.3,True,53.0,观察池·低基数断层,增速加速|正式财报|低基数|观察池,低基数：上年同期亏损或微利，累计增速失真|增速极端（>500%），注意低基数|公告后无有效跳空,
600536,中国软件,主板,IT服务Ⅱ,2026-08-26,正式财报,2026年半年报,905.36,单季同比,8.57,896.79,61314403.41,2026-08-26,-0.34,0.86,False,25.0,-5.55,892033361.0,258.5,True,53.0,观察池·低基数断层,增速加速|单季口径|正式财报|低基数|观察池,低基数：上年同期单季净利仅 610 万元，增速参考性弱|增速极端（>500%），注意低基数|公告后无有效跳空,
688655,迅捷兴,科创板,元件,2026-08-25,正式财报,2026年半年报,839.13,单季同比,-10.22,849.35,19614242.7,2026-08-26,0.15,-4.77,False,25.0,56.99,530780809.0,95.9,True,53.0,观察池·低基数断层,增速加速|单季口径|正式财报|低基数|观察池,低基数：上年同期单季净利仅 209 万元，增速参考性弱|增速极端（>500%），注意低基数|公告后无有效跳空,
603000,人民网,主板,数字媒体,2026-08-29,正式财报,2026年半年报,816.12,单季同比,-199.37,1015.49,54497464.33,2026-08-31,0.55,4.69,False,22.0,0.0,499352016.0,182.5,True,53.0,观察池·低基数断层,增速加速|单季口径|正式财报|低基数|观察池,低基数：上年同期单季净利仅 595 万元，增速参考性弱|增速极端（>500%），注意低基数|公告后无有效跳空,
688179,阿拉丁,科创板,化学制品,2026-08-20,正式财报,2026年半年报,806.69,单季同比,20.31,786.38,38815070.92,2026-08-21,-4.26,-8.22,False,28.0,3.53,516547805.0,81.8,True,53.0,观察池·低基数断层,增速加速|单季口径|正式财报|低基数|观察池,低基数：上年同期单季净利仅 428 万元，增速参考性弱|增速极端（>500%），注意低基数|公告后无有效跳空,
301086,鸿富瀚,创业板,消费电子,2026-08-25,正式财报,2026年半年报,748.23,单季同比,107.74,640.49,34273305.919999994,2026-08-26,1.12,-8.48,False,25.0,15.88,947406137.0,105.1,True,53.0,观察池·低基数断层,增速加速|单季口径|正式财报|低基数|观察池,低基数：上年同期单季净利仅 404 万元，增速参考性弱|增速极端（>500%），注意低基数|公告后无有效跳空,
688617,惠泰医疗,科创板,医疗器械,2026-08-20,正式财报,2026年半年报,27.22,单季同比,25.27,1.95,307880382.68999994,2026-08-20,9.99,16.51,True,29.0,-1.22,1277040627.0,351.3,False,53.0,跟踪·仅价格缺口,单季口径|正式财报|跳空高开|缺口未回补|跟踪,接近一字板，恐难买入,
300483,首华燃气,创业板,燃气Ⅱ,2026-08-24,正式财报,2026年半年报,2131.55,累计同比,155.24,1976.31,133330589.70999998,2026-08-24,-0.96,1.13,False,27.0,0.75,495081119.0,88.0,True,52.9,观察池·低基数断层,增速加速|正式财报|低基数|观察池,低基数：上年同期亏损或微利，累计增速失真|增速极端（>500%），注意低基数|公告后无有效跳空,
688112,鼎阳科技,科创板,通用设备,2026-08-18,正式财报,2026年半年报,47.71,单季同比,-5.77,53.48,53448413.84,2026-08-18,6.46,20.0,True,31.0,58.19,331862557.0,156.4,False,52.9,核心池·双断层,增速加速|单季口径|正式财报|跳空高开|缺口未回补|核心池,,
688535,华海诚科,科创板,半导体,2026-08-29,正式财报,2026年半年报,298.39,单季同比,87.65,210.74,26157349.919999994,2026-09-01,1.42,-3.76,False,21.0,-7.96,585918332.0,130.0,True,52.8,观察池·低基数断层,增速加速|单季口径|正式财报|低基数|观察池,低基数：上年同期单季净利仅 657 万元，增速参考性弱|公告后无有效跳空,
600661,昂立教育,主板,教育,2026-08-15,正式财报,2026年半年报,977.3,累计同比,84.71,892.59,6510828.629999999,2026-08-18,1.77,1.32,False,31.0,-0.54,123214199.0,26.3,False,52.5,观察池·仅利润断层,增速加速|正式财报|观察池,增速极端（>500%），注意低基数|公告后无有效跳空|流通市值 < 30 亿元,
603882,金域医学,主板,医疗服务,2026-08-25,正式财报,2026年半年报,324.27,累计同比,254.0,70.27,147402272.76,2026-08-26,0.07,-3.75,False,25.0,-0.89,406495896.0,133.1,False,52.5,观察池·仅利润断层,增速加速|正式财报|观察池,公告后无有效跳空,
603002,宏昌电子,主板,电子化学品Ⅱ,2026-08-22,正式财报,2026年半年报,293.98,单季同比,-92.74,386.72,38923016.769999996,2026-08-24,0.54,-5.21,False,27.0,4.39,989018313.0,196.6,True,52.4,观察池·低基数断层,增速加速|单季口径|正式财报|低基数|观察池,低基数：上年同期单季净利仅 988 万元，增速参考性弱|公告后无有效跳空,
002829,星网宇达,主板,航天装备Ⅱ,2026-08-21,正式财报,2026年半年报,799.66,累计同比,-125.86,925.52,137803628.44,2026-08-24,0.51,-2.5,False,27.0,-2.69,115417077.0,28.9,False,52.3,观察池·仅利润断层,增速加速|正式财报|观察池,增速极端（>500%），注意低基数|公告后无有效跳空|流通市值 < 30 亿元,
301090,华润材料,创业板,塑料,2026-08-25,正式财报,2026年半年报,308.51,累计同比,207.6,100.91,231848329.04,2026-08-25,-0.43,-1.71,False,26.0,-0.72,193592110.0,102.1,False,52.3,观察池·仅利润断层,增速加速|正式财报|观察池,公告后无有效跳空,
300567,精测电子,创业板,通用设备,2026-08-28,正式财报,2026年半年报,171.21,累计同比,13.61,157.6,32322909.109999992,2026-08-28,0.0,-2.8,False,23.0,-17.03,1169415852.0,417.8,False,52.1,观察池·仅利润断层,增速加速|正式财报|观察池,公告后无有效跳空,
688433,华曙高科,科创板,通用设备,2026-08-12,正式财报,2026年半年报,289.84,单季同比,-358.38,648.22,12078346.030000001,2026-08-13,1.77,-3.76,False,34.0,-19.25,558559910.0,327.9,True,52.0,观察池·低基数断层,增速加速|单季口径|正式财报|低基数|观察池,低基数：上年同期单季净利仅 310 万元，增速参考性弱|公告后无有效跳空,
001256,炜冈科技,主板,专用设备,2026-08-27,正式财报,2026年半年报,394.49,单季同比,43.77,350.72,123422432.50999999,2026-08-28,0.27,1.51,False,23.0,-3.94,94778459.0,23.2,False,51.9,观察池·仅利润断层,增速加速|单季口径|正式财报|观察池,公告后无有效跳空|流通市值 < 30 亿元,
603007,顺景科技,主板,汽车零部件,2026-08-29,正式财报,2026年半年报,222.89,累计同比,41.99,180.9,50640913.51,2026-09-01,0.2,0.99,False,21.0,-12.01,232466626.0,31.1,False,51.9,观察池·仅利润断层,增速加速|正式财报|观察池,公告后无有效跳空,
300504,天邑股份,创业板,通信设备,2026-08-26,正式财报,2026年半年报,231.61,累计同比,198.36,33.25,32001778.09,2026-08-27,0.0,5.53,True,24.0,7.39,210839085.0,36.8,False,51.8,观察池·仅利润断层,增速加速|正式财报|缺口未回补|观察池,,
002440,闰土股份,主板,化学制品,2026-08-28,正式财报,2026年半年报,334.74,单季同比,284.41,50.33,443057534.68000007,2026-08-28,0.92,6.27,False,23.0,0.53,921691730.0,125.5,False,51.7,观察池·仅利润断层,增速加速|单季口径|正式财报|观察池,公告后无有效跳空,
600971,恒源煤电,主板,煤炭开采,2026-08-21,正式财报,2026年半年报,224.79,累计同比,12.29,212.5,130721512.80000001,2026-08-24,0.69,-0.23,False,27.0,-6.51,208306534.0,98.3,False,51.6,观察池·仅利润断层,增速加速|正式财报|观察池,公告后无有效跳空,
603318,水发燃气,主板,燃气Ⅱ,2026-08-26,正式财报,2026年半年报,166.06,累计同比,-72.25,238.31,35063608.81,2026-08-27,-0.4,-1.09,False,24.0,-12.99,648877546.0,40.0,False,51.6,观察池·仅利润断层,增速加速|正式财报|观察池,公告后无有效跳空,
603329,上海雅仕,主板,物流,2026-08-26,正式财报,2026年半年报,597.45,单季同比,312.37,285.08,73773434.52000001,2026-08-26,-0.47,-1.89,False,25.0,-2.84,73164362.0,21.2,False,51.5,观察池·仅利润断层,增速加速|单季口径|正式财报|观察池,增速极端（>500%），注意低基数|公告后无有效跳空|流通市值 < 30 亿元,
603188,亚邦股份,主板,化学制品,2026-08-31,正式财报,2026年半年报,433.1,累计同比,339.17,93.93,-4047503.66,2026-09-01,0.21,4.75,False,21.0,11.34,198647412.0,30.8,False,51.5,观察池·仅利润断层,增速加速|正式财报|观察池,公告后无有效跳空,
002799,环球印务,主板,包装印刷,2026-08-12,正式财报,2026年半年报,388.37,累计同比,163.48,224.89,8389487.600000001,2026-08-12,0.44,2.36,False,35.0,7.65,67786417.0,23.4,False,51.4,观察池·仅利润断层,增速加速|正式财报|观察池,公告后无有效跳空|流通市值 < 30 亿元,
002187,广百股份,主板,一般零售,2026-08-29,正式财报,2026年半年报,240.37,累计同比,7.84,232.53,-2589271.4800000004,2026-09-01,0.54,4.14,False,21.0,-1.25,117067444.0,38.6,False,51.4,观察池·仅利润断层,增速加速|正式财报|观察池,公告后无有效跳空,
600035,楚天高速,主板,铁路公路,2026-08-27,正式财报,2026年半年报,57.12,单季同比,-13.53,70.65,198202594.95,2026-08-27,4.93,5.22,True,24.0,3.31,267009424.0,60.2,False,51.4,核心池·双断层,增速加速|单季口径|正式财报|跳空高开|缺口未回补|核心池,,
600022,山东钢铁,主板,普钢,2026-08-21,正式财报,2026年半年报,238.97,单季同比,-141.92,380.89,188422255.23999998,2026-08-21,0.0,0.0,False,28.0,-0.76,119725308.0,140.2,False,51.3,观察池·仅利润断层,增速加速|单季口径|正式财报|观察池,公告后无有效跳空,
603331,百达精工,主板,通用设备,2026-08-28,正式财报,2026年半年报,345.92,单季同比,-97.18,443.1,101411961.71,2026-08-31,0.55,2.2,False,22.0,-3.05,57540204.0,25.0,False,51.2,观察池·仅利润断层,增速加速|单季口径|正式财报|观察池,公告后无有效跳空|流通市值 < 30 亿元,
300227,光韵达,创业板,自动化设备,2026-08-28,正式财报,2026年半年报,2575.57,单季同比,-18276.71,20852.28,43426556.36,2026-08-31,0.99,3.67,False,22.0,-24.43,403011500.0,45.6,True,51.1,观察池·低基数断层,增速加速|单季口径|正式财报|低基数|观察池,低基数：上年同期单季净利仅 162 万元，增速参考性弱|增速极端（>500%），注意低基数|公告后无有效跳空,
300180,华峰超纤,创业板,塑料,2026-08-25,正式财报,2026年半年报,161.43,单季同比,-103.11,264.54,35741834.11000001,2026-08-25,-1.94,5.82,False,26.0,-4.84,691892926.0,74.4,False,51.1,观察池·仅利润断层,增速加速|单季口径|正式财报|观察池,公告后无有效跳空,
002322,理工能科,主板,软件开发,2026-08-13,正式财报,2026年半年报,25.73,单季同比,-28.84,54.57,97327198.22999999,2026-08-13,10.02,10.02,True,34.0,0.0,63711374.0,41.7,False,51.1,核心池·双断层,增速加速|单季口径|正式财报|跳空高开|缺口未回补|核心池,接近一字板，恐难买入,
300758,七彩化学,创业板,化学制品,2026-08-22,正式财报,2026年半年报,82.64,单季同比,-48.64,131.28,39611264.3,2026-08-24,1.58,5.1,True,27.0,2.65,260042540.0,40.4,False,51.0,观察池·仅利润断层,增速加速|单季口径|正式财报|缺口未回补|观察池,,
301396,宏景科技,创业板,IT服务Ⅱ,2026-08-29,正式财报,2026年半年报,176.57,单季同比,39.75,136.82,106836893.50999999,2026-09-01,0.32,-4.8,False,21.0,-15.58,1787096432.0,220.6,False,50.9,观察池·仅利润断层,增速加速|单季口径|正式财报|观察池,公告后无有效跳空,
301126,达嘉维康,创业板,医药商业,2026-08-29,正式财报,2026年半年报,712.11,累计同比,89.7,622.41,1291551.1600000001,2026-09-01,-0.1,1.82,False,21.0,0.96,39103152.0,14.7,False,50.8,观察池·仅利润断层,增速加速|正式财报|观察池,增速极端（>500%），注意低基数|公告后无有效跳空|流通市值 < 30 亿元,
600120,浙江东方,主板,多元金融,2026-08-18,正式财报,2026年半年报,194.82,单季同比,-5.32,200.14,724286620.3299999,2026-08-18,0.2,-3.17,False,31.0,-8.1,314836157.0,158.8,False,50.8,观察池·仅利润断层,增速加速|单季口径|正式财报|观察池,公告后无有效跳空,
603068,博通集成,主板,半导体,2026-08-21,正式财报,2026年半年报,1151.22,单季同比,-1.57,1152.79,34268342.39,2026-08-24,0.41,-5.78,False,27.0,15.71,384125705.0,68.1,True,50.7,观察池·低基数断层,增速加速|单季口径|正式财报|低基数|观察池,低基数：上年同期单季净利仅 274 万元，增速参考性弱|增速极端（>500%），注意低基数|公告后无有效跳空,
688038,中科通达,科创板,软件开发,2026-08-27,正式财报,2026年半年报,331.94,累计同比,-150.54,482.48,4287567.140000001,2026-08-28,1.85,-0.05,False,23.0,0.91,33812710.0,22.0,False,50.7,观察池·仅利润断层,增速加速|正式财报|观察池,公告后无有效跳空|流通市值 < 30 亿元,
000676,智度股份,主板,广告营销,2026-08-29,正式财报,2026年半年报,155.62,单季同比,3.78,151.84,97196243.91000001,2026-09-01,-0.29,4.35,False,21.0,-4.51,764952835.0,82.6,False,50.6,观察池·仅利润断层,增速加速|单季口径|正式财报|观察池,公告后无有效跳空,
002999,天禾股份,主板,农化制品,2026-08-25,正式财报,2026年半年报,152.39,单季同比,-40.89,193.28,22115413.97,2026-08-25,4.21,5.56,True,26.0,2.75,144044271.0,21.9,True,50.5,观察池·低基数断层,增速加速|单季口径|正式财报|低基数|跳空高开|缺口未回补|双断层(价格已确认)|观察池,低基数：上年同期单季净利仅 876 万元，增速参考性弱|流通市值 < 30 亿元,
301316,慧博云通,创业板,IT服务Ⅱ,2026-08-27,正式财报,2026年半年报,694.71,单季同比,84.11,610.6,11801033.0,2026-08-28,0.1,-2.98,False,23.0,-3.13,358652674.0,151.6,True,50.2,观察池·低基数断层,增速加速|单季口径|正式财报|低基数|观察池,低基数：上年同期单季净利仅 148 万元，增速参考性弱|增速极端（>500%），注意低基数|公告后无有效跳空,
688002,睿创微纳,科创板,军工电子Ⅱ,2026-08-18,正式财报,2026年半年报,280.43,单季同比,228.31,52.12,780619388.78,2026-08-18,1.91,3.59,False,31.0,0.83,3151276479.0,807.4,False,50.0,观察池·仅利润断层,增速加速|单季口径|正式财报|观察池,公告后无有效跳空,
601225,陕西煤业,主板,煤炭开采,2026-08-28,正式财报,2026年半年报,149.23,单季同比,-12.38,161.61,7062431055.139999,2026-08-31,0.66,2.03,False,22.0,-4.48,1367412326.0,2523.6,False,49.9,观察池·仅利润断层,增速加速|单季口径|正式财报|观察池,公告后无有效跳空,
600719,大连热电,主板,电力,2026-08-14,正式财报,2026年半年报,223.21,累计同比,58.75,164.46,-44718373.87,2026-08-14,0.51,-3.72,False,33.0,11.22,117954002.0,35.3,False,49.7,观察池·仅利润断层,增速加速|正式财报|观察池,公告后无有效跳空,
002748,世龙实业,主板,化学原料,2026-08-25,正式财报,2026年半年报,273.82,单季同比,59.22,214.6,61574262.61999999,2026-08-25,0.42,3.03,False,26.0,1.26,106114122.0,29.0,False,49.5,观察池·仅利润断层,增速加速|单季口径|正式财报|观察池,公告后无有效跳空|流通市值 < 30 亿元,
688293,奥浦迈,科创板,生物制品,2026-08-31,正式财报,2026年半年报,270.66,单季同比,167.45,103.21,84803707.43,2026-09-01,-0.51,0.87,False,21.0,50.69,185268049.0,93.3,False,49.5,观察池·仅利润断层,增速加速|单季口径|正式财报|观察池,公告后无有效跳空,
002427,尤夫股份,主板,化学纤维,2026-08-28,正式财报,2026年半年报,322.21,单季同比,-480.25,802.46,28002494.32,2026-08-28,0.0,9.96,False,23.0,-4.24,320808175.0,44.5,True,49.4,观察池·低基数断层,增速加速|单季口径|正式财报|低基数|观察池,低基数：上年同期单季净利仅 663 万元，增速参考性弱|公告后无有效跳空,
002221,东华能源,主板,炼化及贸易,2026-08-24,正式财报,2026年半年报,295.3,单季同比,205.78,89.52,54516555.54999998,2026-08-25,-0.56,2.22,False,26.0,4.47,148991035.0,82.0,False,49.4,观察池·仅利润断层,增速加速|单季口径|正式财报|观察池,公告后无有效跳空,
000089,深圳机场,主板,航空机场,2026-08-20,正式财报,2026年半年报,220.44,单季同比,58.51,161.93,478616487.35999995,2026-08-20,0.16,0.62,False,29.0,3.88,120282998.0,137.2,False,49.4,观察池·仅利润断层,增速加速|单季口径|正式财报|观察池,公告后无有效跳空,
603260,合盛硅业,主板,化学制品,2026-08-26,正式财报,2026年半年报,181.72,累计同比,-70.21,251.93,247152140.71999997,2026-08-26,0.9,1.75,False,25.0,-5.85,304626446.0,373.0,False,49.3,观察池·仅利润断层,增速加速|正式财报|观察池,公告后无有效跳空,
603259,药明康德,主板,医疗服务,2026-08-04,正式财报,2026年半年报,31.49,单季同比,26.68,4.81,6428655673.66,2026-08-04,7.0,10.0,True,41.0,21.71,10502734978.0,4138.8,False,49.3,跟踪·仅价格缺口,单季口径|正式财报|跳空高开|缺口未回补|跟踪,,
688135,利扬芯片,科创板,半导体,2026-08-28,正式财报,2026年半年报,2184.32,单季同比,145.07,2039.25,11956367.73,2026-08-28,0.04,-1.9,False,23.0,33.65,309176001.0,85.1,True,49.2,观察池·低基数断层,增速加速|单季口径|正式财报|低基数|观察池,低基数：上年同期单季净利仅 52 万元，增速参考性弱|增速极端（>500%），注意低基数|公告后无有效跳空,
301008,宏昌科技,创业板,家电零部件Ⅱ,2026-08-29,正式财报,2026年半年报,709.83,单季同比,-87.96,797.79,32682154.15,2026-09-01,1.09,-3.86,False,21.0,24.11,310525171.0,59.7,True,49.2,观察池·低基数断层,增速加速|单季口径|正式财报|低基数|观察池,低基数：上年同期单季净利仅 404 万元，增速参考性弱|增速极端（>500%），注意低基数|公告后无有效跳空,
600479,千金药业,主板,中药Ⅱ,2026-08-26,正式财报,2026年半年报,41.94,单季同比,41.1,0.84,105842619.98999998,2026-08-26,9.58,9.98,True,25.0,12.93,245578988.0,51.9,False,49.2,跟踪·仅价格缺口,单季口径|正式财报|跳空高开|缺口未回补|跟踪,接近一字板，恐难买入,
300244,迪安诊断,创业板,医疗服务,2026-08-21,正式财报,2026年半年报,436.97,单季同比,406.46,30.51,167980475.44,2026-08-24,1.5,-4.02,False,27.0,-2.1,758101236.0,102.9,False,49.1,观察池·仅利润断层,增速加速|单季口径|正式财报|观察池,公告后无有效跳空,
300803,指南针,创业板,软件开发,2026-08-27,正式财报,2026年半年报,260.75,单季同比,-19.8,280.55,13977709.0,2026-08-28,-1.43,-1.45,False,23.0,-38.48,2089625015.0,470.5,True,49.1,观察池·低基数断层,增速加速|单季口径|正式财报|低基数|观察池,低基数：上年同期单季净利仅 387 万元，增速参考性弱|公告后无有效跳空,
688620,安凯微,科创板,半导体,2026-08-28,正式财报,2026年半年报,181.76,累计同比,11.19,170.57,59896766.39,2026-08-28,1.0,-1.94,False,23.0,0.12,294358430.0,63.3,False,49.1,观察池·仅利润断层,增速加速|正式财报|观察池,公告后无有效跳空,
603826,坤彩科技,主板,非金属材料Ⅱ,2026-08-26,正式财报,2026年半年报,296.45,单季同比,211.47,84.98,101335741.71,2026-08-26,1.58,-0.13,False,25.0,-4.24,151651779.0,130.9,False,49.0,观察池·仅利润断层,增速加速|单季口径|正式财报|观察池,公告后无有效跳空,
301638,南网数字,创业板,IT服务Ⅱ,2026-08-28,正式财报,2026年半年报,4381.57,单季同比,654.19,3727.38,125240443.61000001,2026-08-28,-0.22,-2.76,False,23.0,-10.87,292972908.0,51.5,True,48.9,观察池·低基数断层,增速加速|单季口径|正式财报|低基数|观察池,低基数：上年同期单季净利仅 279 万元，增速参考性弱|增速极端（>500%），注意低基数|公告后无有效跳空,
300332,天壕能源,创业板,燃气Ⅱ,2026-08-21,正式财报,2026年半年报,525.82,单季同比,-56.82,582.64,45328740.05,2026-08-21,1.64,2.25,False,28.0,-3.23,294390643.0,39.0,True,48.9,观察池·低基数断层,增速加速|单季口径|正式财报|低基数|观察池,低基数：上年同期单季净利仅 724 万元，增速参考性弱|增速极端（>500%），注意低基数|公告后无有效跳空,
600621,华鑫股份,主板,证券Ⅱ,2026-08-27,正式财报,2026年半年报,184.71,单季同比,13.02,171.69,246988393.77,2026-08-27,-0.15,2.19,False,24.0,1.21,273616531.0,141.8,False,48.9,观察池·仅利润断层,增速加速|单季口径|正式财报|观察池,公告后无有效跳空,
300005,探路者,创业板,服装家纺,2026-08-22,正式财报,2026年半年报,155.06,累计同比,14.44,140.62,-5192613.3999999985,2026-08-24,0.0,-4.24,False,27.0,-1.38,472113620.0,93.8,False,48.7,观察池·仅利润断层,增速加速|正式财报|观察池,公告后无有效跳空,
002670,国盛证券,主板,证券Ⅱ,2026-08-25,正式财报,2026年半年报,54.21,单季同比,-97.91,152.12,214137139.48,2026-08-25,0.56,1.5,True,26.0,4.0,161086387.0,181.5,False,48.6,观察池·仅利润断层,增速加速|单季口径|正式财报|缺口未回补|观察池,,
002254,泰和新材,主板,化学纤维,2026-08-25,正式财报,2026年半年报,203.33,单季同比,50.81,152.52,39461062.699999996,2026-08-26,0.0,0.24,False,25.0,-7.35,159287511.0,96.5,False,48.5,观察池·仅利润断层,增速加速|单季口径|正式财报|观察池,公告后无有效跳空,
603225,新凤鸣,主板,化学纤维,2026-08-28,正式财报,2026年半年报,166.19,单季同比,20.2,145.99,1071326503.89,2026-08-31,0.91,1.15,False,22.0,-20.31,372724039.0,279.0,False,48.5,观察池·仅利润断层,增速加速|单季口径|正式财报|观察池,公告后无有效跳空,
000657,中钨高新,主板,小金属,2026-08-24,正式财报,2026年半年报,294.42,单季同比,264.44,29.98,1155135782.29,2026-08-24,1.26,-2.03,False,27.0,-23.57,5992712803.0,766.6,False,48.4,观察池·仅利润断层,增速加速|单季口径|正式财报|观察池,公告后无有效跳空,
688653,康希通信,科创板,半导体,2026-08-25,正式财报,2026年半年报,313.9,单季同比,116.14,197.76,22641768.36,2026-08-26,-0.72,-2.16,False,25.0,3.48,261645150.0,45.2,True,48.2,观察池·低基数断层,增速加速|单季口径|正式财报|低基数|观察池,低基数：上年同期单季净利仅 547 万元，增速参考性弱|公告后无有效跳空,
601933,永辉超市,主板,一般零售,2026-08-21,正式财报,2026年半年报,205.23,累计同比,94.4,110.83,-33705415.84,2026-08-21,-0.63,-2.85,False,28.0,-4.78,396435642.0,266.9,False,48.2,观察池·仅利润断层,增速加速|正式财报|观察池,公告后无有效跳空,
301246,宏源药业,创业板,化学制药,2026-08-28,正式财报,2026年半年报,2788.93,累计同比,1524.43,1264.5,11890627.659999996,2026-08-31,-1.67,-2.18,False,22.0,-9.68,255939926.0,41.8,True,48.1,观察池·低基数断层,增速加速|正式财报|低基数|观察池,低基数：上年同期亏损或微利，累计增速失真|增速极端（>500%），注意低基数|公告后无有效跳空,
000912,泸天化,主板,农化制品,2026-08-22,正式财报,2026年半年报,357.07,单季同比,-105.45,462.52,10032568.690000001,2026-08-25,0.26,2.89,False,26.0,1.57,255829335.0,60.8,True,48.1,观察池·低基数断层,增速加速|单季口径|正式财报|低基数|观察池,低基数：上年同期单季净利仅 219 万元，增速参考性弱|公告后无有效跳空,
688359,三孚新科,科创板,电子化学品Ⅱ,2026-08-26,正式财报,2026年半年报,152.03,累计同比,3.01,149.02,6038168.909999999,2026-08-27,0.01,4.48,False,24.0,13.11,399572448.0,104.7,False,48.1,观察池·仅利润断层,增速加速|正式财报|观察池,公告后无有效跳空,
300915,海融科技,创业板,饮料乳品,2026-08-29,正式财报,2026年半年报,290.39,累计同比,153.72,136.67,-5968484.809999999,2026-09-01,0.38,-0.33,False,21.0,10.38,35456570.0,13.4,False,48.0,观察池·仅利润断层,增速加速|正式财报|观察池,公告后无有效跳空|流通市值 < 30 亿元,
603110,东方材料,主板,化学制品,2026-08-28,正式财报,2026年半年报,1573.21,累计同比,253.41,1319.8,523238.0800000001,2026-08-28,1.44,-1.15,False,23.0,-2.15,244151082.0,48.6,True,47.9,观察池·低基数断层,增速加速|正式财报|低基数|观察池,低基数：上年同期亏损或微利，累计增速失真|增速极端（>500%），注意低基数|公告后无有效跳空,
688105,诺唯赞,科创板,生物制品,2026-08-28,正式财报,2026年半年报,456.06,单季同比,118.95,337.11,6780836.789999999,2026-08-28,-1.58,-4.43,False,23.0,25.18,244589602.0,140.8,True,47.9,观察池·低基数断层,增速加速|单季口径|正式财报|低基数|观察池,低基数：上年同期单季净利仅 122 万元，增速参考性弱|公告后无有效跳空,
688299,长阳科技,科创板,光学光电子,2026-08-27,正式财报,2026年半年报,216.51,累计同比,-21.32,237.83,-1185088.8699999992,2026-08-28,-0.08,-0.61,False,23.0,1.0,61258383.0,37.8,False,47.9,观察池·仅利润断层,增速加速|正式财报|观察池,公告后无有效跳空,
600460,士兰微,主板,半导体,2026-08-25,正式财报,2026年半年报,164.2,单季同比,40.57,123.63,307087955.44000006,2026-08-26,0.0,-3.64,False,25.0,-10.4,4683056140.0,511.7,False,47.9,观察池·仅利润断层,增速加速|单季口径|正式财报|观察池,公告后无有效跳空,
600518,康美药业,主板,中药Ⅱ,2026-08-26,正式财报,2026年半年报,526.5,单季同比,-294.74,821.24,52598664.99,2026-08-26,0.73,1.46,False,25.0,-2.9,240021325.0,185.2,True,47.8,观察池·低基数断层,增速加速|单季口径|正式财报|低基数|观察池,低基数：上年同期单季净利仅 840 万元，增速参考性弱|增速极端（>500%），注意低基数|公告后无有效跳空,
688045,必易微,科创板,半导体,2026-08-15,正式财报,2026年半年报,455.1,单季同比,203.79,251.31,23968364.009999998,2026-08-17,1.54,2.42,False,32.0,-12.82,238928148.0,39.0,True,47.8,观察池·低基数断层,增速加速|单季口径|正式财报|低基数|观察池,低基数：上年同期单季净利仅 432 万元，增速参考性弱|公告后无有效跳空,
600409,三友化工,主板,化学原料,2026-08-26,正式财报,2026年半年报,181.11,单季同比,-381.27,562.38,259374584.14999998,2026-08-27,0.0,0.28,False,24.0,-12.99,228748008.0,127.2,False,47.7,观察池·仅利润断层,增速加速|单季口径|正式财报|观察池,公告后无有效跳空,
002274,华昌化工,主板,化学原料,2026-08-21,正式财报,2026年半年报,1026.9,累计同比,69.61,957.29,74681313.22,2026-08-21,-0.34,-1.69,False,23.0,-1.53,231801848.0,54.5,True,47.6,观察池·低基数断层,增速加速|正式财报|低基数|观察池,低基数：上年同期亏损或微利，累计增速失真|增速极端（>500%），注意低基数|公告后无有效跳空,
002926,华西证券,主板,证券Ⅱ,2026-08-25,正式财报,2026年半年报,173.73,单季同比,30.76,142.97,577997690.53,2026-08-26,0.0,2.9,False,25.0,-1.57,306884671.0,213.9,False,47.6,观察池·仅利润断层,增速加速|单季口径|正式财报|观察池,公告后无有效跳空,
601099,太平洋,主板,证券Ⅱ,2026-08-29,正式财报,2026年半年报,126.32,单季同比,-64.11,190.43,119438678.33000001,2026-08-31,0.0,0.0,False,22.0,-3.35,548540762.0,235.8,False,47.6,观察池·仅利润断层,增速加速|单季口径|正式财报|观察池,公告后无有效跳空,
002582,好想你,主板,休闲食品,2026-08-22,正式财报,2026年半年报,3851.85,累计同比,2691.43,1160.42,-366837535.1199999,2026-08-25,-0.2,1.7,False,26.0,-6.1,224490224.0,32.3,True,47.5,观察池·低基数断层,增速加速|正式财报|低基数|观察池,低基数：上年同期亏损或微利，累计增速失真|增速极端（>500%），注意低基数|公告后无有效跳空,
000552,甘肃能化,主板,煤炭开采,2026-08-25,正式财报,2026年半年报,190.69,累计同比,41.17,149.52,108880125.63999999,2026-08-26,-0.76,0.0,False,25.0,-4.21,175598609.0,93.1,False,47.5,观察池·仅利润断层,增速加速|正式财报|观察池,公告后无有效跳空,
300850,新强联,创业板,风电设备,2026-08-29,正式财报,2026年半年报,14.23,单季同比,-12.25,26.48,261747952.98999998,2026-08-31,5.65,14.05,True,22.0,22.3,1084705141.0,102.8,False,47.5,核心池·双断层,增速加速|单季口径|正式财报|跳空高开|缺口未回补|核心池,,
002034,旺能环境,主板,环境治理,2026-08-26,正式财报,2026年半年报,17.25,单季同比,0.25,17.0,212220097.42999998,2026-08-26,7.9,4.9,True,25.0,-4.61,292252882.0,72.4,False,47.4,跟踪·仅价格缺口,单季口径|正式财报|跳空高开|缺口未回补|跟踪,,
300241,瑞丰光电,创业板,光学光电子,2026-08-18,正式财报,2026年半年报,620.99,单季同比,5.78,615.21,24654899.07,2026-08-18,0.85,1.54,False,31.0,-3.9,217370280.0,34.1,True,47.3,观察池·低基数断层,增速加速|单季口径|正式财报|低基数|观察池,低基数：上年同期单季净利仅 342 万元，增速参考性弱|增速极端（>500%），注意低基数|公告后无有效跳空,
601101,昊华能源,主板,煤炭开采,2026-08-19,正式财报,2026年半年报,147.51,单季同比,15.64,131.87,424808740.64000005,2026-08-19,1.84,-3.22,False,30.0,-4.07,1140832038.0,183.3,False,47.3,观察池·仅利润断层,增速加速|单季口径|正式财报|观察池,公告后无有效跳空,
000526,学大教育,主板,教育,2026-08-18,正式财报,2026年半年报,34.61,单季同比,22.9,11.71,209867572.98,2026-08-18,10.0,10.0,True,31.0,0.79,113823958.0,43.5,False,47.3,跟踪·仅价格缺口,单季口径|正式财报|跳空高开|缺口未回补|跟踪,接近一字板，恐难买入,
601177,杭齿前进,主板,通用设备,2026-08-21,正式财报,2026年半年报,30.13,单季同比,16.99,13.14,95984868.6,2026-08-21,9.46,10.02,True,28.0,-0.22,128693980.0,55.7,False,47.3,跟踪·仅价格缺口,单季口径|正式财报|跳空高开|缺口未回补|跟踪,接近一字板，恐难买入,
600037,歌华有线,主板,电视广播Ⅱ,2026-08-29,正式财报,2026年半年报,2301.63,累计同比,96.73,2204.9,145855874.87,2026-09-01,-0.42,0.28,False,21.0,-0.56,205013853.0,98.4,True,47.1,观察池·低基数断层,增速加速|正式财报|低基数|观察池,低基数：上年同期亏损或微利，累计增速失真|增速极端（>500%），注意低基数|公告后无有效跳空,
300034,钢研高纳,创业板,航空装备Ⅱ,2026-08-25,正式财报,2026年半年报,305.38,单季同比,22.42,282.96,35476200.47999999,2026-08-25,-0.19,1.61,False,26.0,-1.48,199051663.0,117.1,True,47.0,观察池·低基数断层,增速加速|单季口径|正式财报|低基数|观察池,低基数：上年同期单季净利仅 875 万元，增速参考性弱|公告后无有效跳空,
300964,本川智能,创业板,元件,2026-08-26,正式财报,2026年半年报,176.68,单季同比,15.46,161.22,30761710.490000002,2026-08-26,0.78,0.63,False,25.0,20.59,210416564.0,59.6,False,46.9,观察池·仅利润断层,增速加速|单季口径|正式财报|观察池,公告后无有效跳空,
600985,淮北矿业,主板,煤炭开采,2026-08-28,正式财报,2026年半年报,119.98,单季同比,-29.0,148.98,748117673.26,2026-08-31,0.5,4.63,False,22.0,-11.83,971090024.0,427.4,False,46.9,观察池·仅利润断层,增速加速|单季口径|正式财报|观察池,公告后无有效跳空,
002346,柘中股份,主板,电网设备,2026-08-20,正式财报,2026年半年报,118.53,累计同比,-99.54,218.07,319769686.90999997,2026-08-20,0.08,-10.0,False,29.0,-32.33,520509146.0,78.6,False,46.9,观察池·仅利润断层,增速加速|正式财报|观察池,公告后无有效跳空,
300749,顶固集创,创业板,家居用品,2026-08-24,正式财报,2026年半年报,2412.67,单季同比,-1959.32,4371.99,124085380.82000001,2026-08-25,-0.04,5.23,False,26.0,-9.84,189088450.0,34.5,True,46.8,观察池·低基数断层,增速加速|单季口径|正式财报|低基数|观察池,低基数：上年同期单季净利仅 494 万元，增速参考性弱|增速极端（>500%），注意低基数|公告后无有效跳空,
300233,金城医药,创业板,化学制药,2026-08-21,正式财报,2026年半年报,873.52,单季同比,64.87,808.65,81078995.44,2026-08-24,0.51,-5.08,False,27.0,-1.73,188879870.0,50.6,True,46.8,观察池·低基数断层,增速加速|单季口径|正式财报|低基数|观察池,低基数：上年同期单季净利仅 833 万元，增速参考性弱|增速极端（>500%），注意低基数|公告后无有效跳空,
600362,江西铜业,主板,工业金属,2026-08-26,正式财报,2026年半年报,161.65,单季同比,44.31,117.34,5814259606.0,2026-08-26,1.83,10.01,False,25.0,-7.03,4149840404.0,867.5,False,46.8,观察池·仅利润断层,增速加速|单季口径|正式财报|观察池,公告后无有效跳空,
688505,复旦张江,科创板,化学制药,2026-08-15,正式财报,2026年半年报,856.82,单季同比,189.36,667.46,29183341.0,2026-08-18,-0.78,-3.02,False,31.0,-3.72,183791504.0,60.8,True,46.7,观察池·低基数断层,增速加速|单季口径|正式财报|低基数|观察池,低基数：上年同期单季净利仅 305 万元，增速参考性弱|增速极端（>500%），注意低基数|公告后无有效跳空,
002310,东方新能,主板,电力,2026-08-27,正式财报,2026年半年报,391.79,单季同比,-183.55,575.34,16931701.23,2026-08-27,0.0,-1.26,False,24.0,-6.69,175228755.0,98.1,True,46.5,观察池·低基数断层,增速加速|单季口径|正式财报|低基数|观察池,低基数：上年同期单季净利仅 344 万元，增速参考性弱|公告后无有效跳空,
603168,莎普爱思,主板,化学制药,2026-08-31,正式财报,2026年半年报,250.51,单季同比,-394.89,645.4,45604365.44,2026-09-01,0.51,1.36,False,21.0,2.2,71499302.0,22.5,False,46.5,观察池·仅利润断层,增速加速|单季口径|正式财报|观察池,公告后无有效跳空|流通市值 < 30 亿元,
600780,通宝能源,主板,电力,2026-08-29,正式财报,2026年半年报,50.61,单季同比,2.19,48.42,219616711.82,2026-08-31,4.37,4.37,True,22.0,-1.29,266035171.0,70.3,False,46.5,核心池·双断层,增速加速|单季口径|正式财报|跳空高开|缺口未回补|核心池,,
300482,万孚生物,创业板,医疗器械,2026-08-24,正式财报,2026年半年报,59912.62,单季同比,-55.38,59968.0,38123250.67999999,2026-08-25,-0.75,2.0,False,26.0,5.54,168692071.0,71.9,True,46.4,观察池·低基数断层,增速加速|单季口径|正式财报|低基数|观察池,低基数：上年同期单季净利仅 6 万元，增速参考性弱|增速极端（>500%），注意低基数|公告后无有效跳空,
003022,联泓新科,主板,光伏设备,2026-08-18,正式财报,2026年半年报,216.09,单季同比,102.67,113.42,282144378.87,2026-08-18,0.77,0.24,False,31.0,-13.52,233629831.0,242.3,False,46.4,观察池·仅利润断层,增速加速|单季口径|正式财报|观察池,公告后无有效跳空,
301053,远信工业,创业板,专用设备,2026-08-29,正式财报,2026年半年报,548.31,单季同比,35.57,512.74,8520205.39,2026-08-31,-0.1,-2.22,False,22.0,-16.0,164800010.0,41.9,True,46.3,观察池·低基数断层,增速加速|单季口径|正式财报|低基数|观察池,低基数：上年同期单季净利仅 131 万元，增速参考性弱|增速极端（>500%），注意低基数|公告后无有效跳空,
688071,华依科技,科创板,专用设备,2026-08-29,正式财报,2026年半年报,234.61,累计同比,-54.32,288.93,6001544.52,2026-08-31,1.68,7.79,False,22.0,3.65,139931238.0,29.8,False,46.3,观察池·仅利润断层,增速加速|正式财报|观察池,公告后无有效跳空|流通市值 < 30 亿元,
002137,实益达,主板,光学光电子,2026-08-11,正式财报,2026年半年报,748.69,单季同比,0.84,747.85,18652897.67,2026-08-12,0.25,1.51,False,35.0,-4.4,153295922.0,30.1,True,46.1,观察池·低基数断层,增速加速|单季口径|正式财报|低基数|观察池,低基数：上年同期单季净利仅 220 万元，增速参考性弱|增速极端（>500%），注意低基数|公告后无有效跳空,
002145,钛能化学,主板,化学原料,2026-08-05,正式财报,2026年半年报,152.45,单季同比,-22.53,174.98,315866893.24,2026-08-05,0.43,-0.65,False,40.0,-1.71,291872942.0,174.7,False,46.1,观察池·仅利润断层,增速加速|单季口径|正式财报|观察池,公告后无有效跳空,
601318,中国平安,主板,保险Ⅱ,2026-08-21,正式财报,2026年半年报,64.66,单季同比,-7.4,72.06,67563000000.0,2026-08-21,1.67,2.32,True,28.0,0.53,5940991679.0,5680.7,False,46.1,观察池·仅利润断层,增速加速|单季口径|正式财报|缺口未回补|观察池,,
301349,信德新材,创业板,电池,2026-08-25,正式财报,2026年半年报,1441.3,单季同比,330.34,1110.96,39113659.03,2026-08-26,0.93,1.26,False,25.0,-0.83,151973323.0,37.2,True,46.0,观察池·低基数断层,增速加速|单季口径|正式财报|低基数|观察池,低基数：上年同期单季净利仅 254 万元，增速参考性弱|增速极端（>500%），注意低基数|公告后无有效跳空,
002392,北京利尔,主板,装修建材,2026-08-28,正式财报,2026年半年报,178.33,单季同比,3.11,175.22,253792237.09999996,2026-08-28,0.13,2.05,False,23.0,-4.87,160014158.0,85.9,False,46.0,观察池·仅利润断层,增速加速|单季口径|正式财报|观察池,公告后无有效跳空,
688548,广钢气体,科创板,电子化学品Ⅱ,2026-08-31,正式财报,2026年半年报,168.63,单季同比,62.63,106.0,164100312.39999998,2026-09-01,-0.86,-5.86,False,21.0,-7.83,989874978.0,405.3,False,46.0,观察池·仅利润断层,增速加速|单季口径|正式财报|观察池,公告后无有效跳空,
002386,天原股份,主板,化学原料,2026-08-27,正式财报,2026年半年报,2418.24,单季同比,573.52,1844.72,132716935.14999999,2026-08-28,-0.34,2.21,False,23.0,-0.34,143224073.0,76.1,True,45.9,观察池·低基数断层,增速加速|单季口径|正式财报|低基数|观察池,低基数：上年同期单季净利仅 527 万元，增速参考性弱|增速极端（>500%），注意低基数|公告后无有效跳空,
002136,安纳达,主板,化学原料,2026-08-24,正式财报,2026年半年报,285.03,累计同比,172.25,112.78,41190293.260000005,2026-08-24,0.74,1.23,False,27.0,-4.24,120005112.0,25.2,False,45.9,观察池·仅利润断层,增速加速|正式财报|观察池,公告后无有效跳空|流通市值 < 30 亿元,
300307,慈星股份,创业板,专用设备,2026-08-27,正式财报,2026年半年报,179.76,单季同比,19.2,160.56,82577028.92,2026-08-27,0.67,1.07,False,24.0,-8.4,143073743.0,54.1,False,45.8,观察池·仅利润断层,增速加速|单季口径|正式财报|观察池,公告后无有效跳空,
600999,招商证券,主板,证券Ⅱ,2026-08-26,正式财报,2026年半年报,155.49,单季同比,41.73,113.76,7353763904.970001,2026-08-26,0.62,5.21,False,25.0,-3.94,2440419173.0,1266.9,False,45.7,观察池·仅利润断层,增速加速|单季口径|正式财报|观察池,公告后无有效跳空,
605208,永茂泰,主板,工业金属,2026-08-21,正式财报,2026年半年报,1092.51,单季同比,22.98,1069.53,62591462.7,2026-08-21,0.5,-1.42,False,28.0,3.4,130969481.0,48.1,True,45.6,观察池·低基数断层,增速加速|单季口径|正式财报|低基数|观察池,低基数：上年同期单季净利仅 525 万元，增速参考性弱|增速极端（>500%），注意低基数|公告后无有效跳空,
002573,清新环境,主板,环境治理,2026-08-28,正式财报,2026年半年报,465.92,单季同比,121.35,344.57,24647258.19,2026-08-28,1.86,4.04,False,23.0,-4.27,127131617.0,44.4,True,45.5,观察池·低基数断层,增速加速|单季口径|正式财报|低基数|观察池,低基数：上年同期单季净利仅 436 万元，增速参考性弱|公告后无有效跳空,
603839,安正时尚,主板,服装家纺,2026-08-29,正式财报,2026年半年报,238.94,累计同比,31.86,207.08,44457043.89,2026-09-01,0.58,0.15,False,21.0,-1.3,79325443.0,26.4,False,45.5,观察池·仅利润断层,增速加速|正式财报|观察池,公告后无有效跳空|流通市值 < 30 亿元,
002654,万润科技,主板,光学光电子,2026-08-27,正式财报,2026年半年报,104.57,单季同比,-192.42,296.99,35537790.1,2026-08-27,0.44,0.73,False,24.0,-11.3,858859040.0,103.5,False,45.5,观察池·仅利润断层,增速加速|单季口径|正式财报|观察池,公告后无有效跳空,
002289,宇顺电子,主板,光学光电子,2026-08-29,正式财报,2026年半年报,6380.84,累计同比,4202.23,2178.61,231170434.7,2026-09-01,0.03,-1.14,False,21.0,-14.12,117697170.0,91.1,True,45.4,观察池·低基数断层,增速加速|正式财报|低基数|观察池,低基数：上年同期亏损或微利，累计增速失真|增速极端（>500%），注意低基数|公告后无有效跳空,
688365,光云科技,科创板,IT服务Ⅱ,2026-08-22,正式财报,2026年半年报,570.96,单季同比,146.49,424.47,5619074.63,2026-08-24,0.14,-2.45,False,27.0,7.89,121655476.0,65.9,True,45.4,观察池·低基数断层,增速加速|单季口径|正式财报|低基数|观察池,低基数：上年同期单季净利仅 84 万元，增速参考性弱|增速极端（>500%），注意低基数|公告后无有效跳空,
002637,赞宇科技,主板,化学制品,2026-08-24,正式财报,2026年半年报,163.19,单季同比,22.33,140.86,38116545.44,2026-08-24,0.95,-1.73,False,27.0,-10.91,259987256.0,48.2,False,45.3,观察池·仅利润断层,增速加速|单季口径|正式财报|观察池,公告后无有效跳空,
000800,一汽解放,主板,商用车,2026-08-29,正式财报,2026年半年报,1459.16,累计同比,241.82,1217.34,207155447.51,2026-08-31,-0.32,-1.77,False,22.0,-5.16,109564758.0,289.3,True,45.2,观察池·低基数断层,增速加速|正式财报|低基数|观察池,低基数：上年同期亏损或微利，累计增速失真|增速极端（>500%），注意低基数|公告后无有效跳空,
688685,迈信林,科创板,航空装备Ⅱ,2026-08-22,正式财报,2026年半年报,1292.13,单季同比,-93.52,1385.65,8143335.12,2026-08-24,0.0,-1.15,False,27.0,0.39,111936310.0,60.4,True,45.2,观察池·低基数断层,增速加速|单季口径|正式财报|低基数|观察池,低基数：上年同期单季净利仅 58 万元，增速参考性弱|增速极端（>500%），注意低基数|公告后无有效跳空,
600739,辽宁成大,主板,生物制品,2026-08-31,正式财报,2026年半年报,188.81,单季同比,58.6,130.21,1069096183.36,2026-08-31,0.0,-1.07,False,22.0,-9.08,198097363.0,155.4,False,45.2,观察池·仅利润断层,增速加速|单季口径|正式财报|观察池,公告后无有效跳空,
600075,新疆天业,主板,化学原料,2026-08-22,正式财报,2026年半年报,827.24,单季同比,-241.2,1068.44,81454048.28,2026-08-25,0.22,0.87,False,26.0,-0.86,103220929.0,78.4,True,45.1,观察池·低基数断层,增速加速|单季口径|正式财报|低基数|观察池,低基数：上年同期单季净利仅 878 万元，增速参考性弱|增速极端（>500%），注意低基数|公告后无有效跳空,
002876,三利谱,主板,光学光电子,2026-08-27,正式财报,2026年半年报,344.73,单季同比,12.43,332.3,36951343.7,2026-08-27,0.1,1.99,False,24.0,9.02,105830150.0,46.6,True,45.1,观察池·低基数断层,增速加速|单季口径|正式财报|低基数|观察池,低基数：上年同期单季净利仅 831 万元，增速参考性弱|公告后无有效跳空,
002382,蓝帆医疗,主板,医疗器械,2026-08-25,正式财报,2026年半年报,179.72,累计同比,-98.84,278.56,94716030.31,2026-08-26,1.33,0.83,False,25.0,3.95,107206165.0,63.1,False,45.1,观察池·仅利润断层,增速加速|正式财报|观察池,公告后无有效跳空,
002098,浔兴股份,主板,纺织制造,2026-08-29,正式财报,2026年半年报,26.49,单季同比,-41.98,68.47,92223202.49,2026-08-31,7.42,9.99,True,22.0,3.14,86425158.0,29.4,False,45.0,核心池·双断层,增速加速|单季口径|正式财报|跳空高开|缺口未回补|核心池,流通市值 < 30 亿元,
002606,大连电瓷,主板,电网设备,2026-08-25,正式财报,2026年半年报,261.32,单季同比,194.21,67.11,95225807.55999999,2026-08-26,-0.08,-1.97,False,25.0,-9.26,239287870.0,50.4,False,44.9,观察池·仅利润断层,增速加速|单季口径|正式财报|观察池,公告后无有效跳空,
688488,艾迪药业,科创板,生物制品,2026-08-29,正式财报,2026年半年报,149.53,累计同比,-51.19,200.72,15327820.55,2026-09-01,1.54,0.49,False,21.0,0.85,247176331.0,70.0,False,44.9,观察池·仅利润断层,增速加速|正式财报|观察池,公告后无有效跳空,
000100,TCL科技,主板,光学光电子,2026-08-29,正式财报,2026年半年报,158.56,单季同比,53.71,104.85,2251819405.0,2026-09-01,0.0,-1.77,False,21.0,-5.89,2098338157.0,963.5,False,44.8,观察池·仅利润断层,增速加速|单季口径|正式财报|观察池,公告后无有效跳空,
603051,鹿山新材,主板,化学制品,2026-08-21,正式财报,2026年半年报,1318.45,单季同比,40.74,1277.71,24558267.86,2026-08-24,1.79,-0.57,False,27.0,12.58,84459960.0,39.2,True,44.7,观察池·低基数断层,增速加速|单季口径|正式财报|低基数|观察池,低基数：上年同期单季净利仅 173 万元，增速参考性弱|增速极端（>500%），注意低基数|公告后无有效跳空,
300586,美联新材,创业板,塑料,2026-08-29,正式财报,2026年半年报,162.61,累计同比,-84.86,247.47,8714907.37,2026-09-01,-0.92,-3.69,False,21.0,-11.18,170220596.0,45.9,False,44.7,观察池·仅利润断层,扭亏|增速加速|正式财报|观察池,扭亏型：上年同期为负，增速口径失真|非经常损益嫌疑：非经常性|公告后无有效跳空,"1.报告期内,公司按照年度经营计划积极开展各项工作,营业收入及综合毛利率均有所提升,经营业绩同比实现了扭亏。2.报告期内,预计非经常性损益对归属于上市公司股东净利润的影响金额约为300万元–400万元。"
600299,安迪苏,主板,化学制品,2026-08-31,正式财报,2026年半年报,117.63,单季同比,-34.27,151.9,599336682.0,2026-09-01,0.0,0.46,False,21.0,-4.98,391239645.0,252.8,False,44.6,观察池·仅利润断层,增速加速|单季口径|正式财报|观察池,公告后无有效跳空,
300316,晶盛机电,创业板,光伏设备,2026-08-22,正式财报,2026年半年报,96.19,单季同比,-82.1,178.29,129693622.14,2026-08-24,0.66,1.08,False,27.0,-16.19,612610536.0,441.9,False,44.6,观察池·仅利润断层,增速加速|单季口径|正式财报|观察池,公告后无有效跳空,
605100,华丰股份,主板,通用设备,2026-08-31,正式财报,2026年半年报,299.56,单季同比,10.73,288.83,6026988.460000001,2026-09-01,0.0,-1.14,False,21.0,10.72,78570083.0,85.2,True,44.5,观察池·低基数断层,增速加速|单季口径|正式财报|低基数|观察池,低基数：上年同期单季净利仅 151 万元，增速参考性弱|公告后无有效跳空,
300980,祥源新材,创业板,塑料,2026-08-29,正式财报,2026年半年报,262.1,单季同比,140.94,121.16,46906302.61,2026-09-01,0.08,0.33,False,21.0,-33.47,108951029.0,22.2,False,44.5,观察池·仅利润断层,增速加速|单季口径|正式财报|观察池,公告后无有效跳空|流通市值 < 30 亿元,
688185,康希诺,科创板,生物制品,2026-08-28,正式财报,2026年半年报,94.65,累计同比,-250.13,344.78,39703445.99,2026-08-28,-0.23,-10.68,False,23.0,10.88,1425736605.0,117.4,False,44.5,观察池·仅利润断层,增速加速|正式财报|观察池,公告后无有效跳空,
002915,中欣氟材,主板,化学制品,2026-08-25,正式财报,2026年半年报,310.04,单季同比,-260.22,570.26,9416671.309999999,2026-08-26,0.24,-0.24,False,25.0,-3.33,68765444.0,48.9,True,44.4,观察池·低基数断层,增速加速|单季口径|正式财报|低基数|观察池,低基数：上年同期单季净利仅 230 万元，增速参考性弱|公告后无有效跳空,
002235,安妮股份,主板,造纸,2026-08-29,正式财报,2026年半年报,256.66,单季同比,-153.78,410.44,2159437.16,2026-08-31,-0.22,0.0,False,22.0,-15.49,282146211.0,41.7,True,44.3,观察池·低基数断层,增速加速|单季口径|正式财报|低基数|观察池,低基数：上年同期单季净利仅 61 万元，增速参考性弱|公告后无有效跳空,
603085,天成自控,主板,汽车零部件,2026-08-25,正式财报,2026年半年报,983.8,单季同比,20.04,963.76,25487006.6,2026-08-26,0.0,-1.99,False,25.0,-3.09,57792824.0,38.6,True,44.2,观察池·低基数断层,增速加速|单季口径|正式财报|低基数|观察池,低基数：上年同期单季净利仅 235 万元，增速参考性弱|增速极端（>500%），注意低基数|公告后无有效跳空,
688152,麒麟信安,科创板,软件开发,2026-08-27,正式财报,2026年半年报,88.03,单季同比,36.94,51.09,6199814.59,2026-08-28,6.85,20.0,True,23.0,20.14,266716620.0,41.5,True,44.2,观察池·低基数断层,增速加速|单季口径|正式财报|低基数|跳空高开|缺口未回补|双断层(价格已确认)|观察池,低基数：上年同期单季净利仅 330 万元，增速参考性弱,
000728,国元证券,主板,证券Ⅱ,2026-08-25,正式财报,2026年半年报,51.95,单季同比,-15.38,67.33,1161124155.39,2026-08-25,1.97,3.67,True,26.0,0.28,536164740.0,316.4,False,44.2,观察池·仅利润断层,增速加速|单季口径|正式财报|缺口未回补|观察池,,
688682,霍莱沃,科创板,军工电子Ⅱ,2026-08-26,正式财报,2026年半年报,1194.5,累计同比,56.63,1137.87,-2110844.91,2026-08-27,-1.99,2.42,False,24.0,12.13,52661291.0,34.3,True,44.1,观察池·低基数断层,增速加速|正式财报|低基数|观察池,低基数：上年同期亏损或微利，累计增速失真|增速极端（>500%），注意低基数|公告后无有效跳空,
301565,中仑新材,创业板,塑料,2026-08-25,正式财报,2026年半年报,218.11,单季同比,5.1,213.01,36211179.58,2026-08-25,0.3,1.35,False,26.0,-3.85,116003313.0,24.6,False,44.1,观察池·仅利润断层,增速加速|单季口径|正式财报|观察池,公告后无有效跳空|流通市值 < 30 亿元,
600583,海油工程,主板,油服工程,2026-08-18,正式财报,2026年半年报,17.11,单季同比,-18.94,36.05,652891000.0,2026-08-18,3.39,7.31,True,31.0,14.14,804189974.0,292.7,False,44.1,核心池·双断层,增速加速|单季口径|正式财报|跳空高开|缺口未回补|核心池,,
688215,瑞晟智能,科创板,自动化设备,2026-08-25,正式财报,2026年半年报,911.59,单季同比,345.59,566.0,17625530.11,2026-08-25,0.9,-0.11,False,26.0,-3.93,48895447.0,39.1,True,44.0,观察池·低基数断层,增速加速|单季口径|正式财报|低基数|观察池,低基数：上年同期单季净利仅 174 万元，增速参考性弱|增速极端（>500%），注意低基数|公告后无有效跳空,
600081,东风科技,主板,汽车零部件,2026-08-25,正式财报,2026年半年报,588.61,单季同比,11.19,577.42,49447686.07,2026-08-26,-0.39,2.07,False,25.0,17.72,51420989.0,65.8,True,44.0,观察池·低基数断层,增速加速|单季口径|正式财报|低基数|观察池,低基数：上年同期单季净利仅 718 万元，增速参考性弱|增速极端（>500%），注意低基数|公告后无有效跳空,
600371,万向德农,主板,种植业,2026-08-12,正式财报,2026年半年报,486.94,单季同比,-95.39,582.33,12756413.799999999,2026-08-13,-0.27,-1.1,False,34.0,85.83,43885888.0,39.5,True,43.9,观察池·低基数断层,增速加速|单季口径|正式财报|低基数|观察池,低基数：上年同期单季净利仅 217 万元，增速参考性弱|公告后无有效跳空,
601969,海南矿业,主板,油气开采Ⅱ,2026-08-25,正式财报,2026年半年报,161.12,单季同比,25.13,135.99,313847320.0,2026-08-25,0.75,0.64,False,26.0,-5.51,232867354.0,175.9,False,43.9,观察池·仅利润断层,增速加速|单季口径|正式财报|观察池,公告后无有效跳空,
688297,中无人机,科创板,航空装备Ⅱ,2026-08-19,正式财报,2026年半年报,154.96,单季同比,0.11,154.85,38061142.900000006,2026-08-20,0.72,0.15,False,29.0,6.85,162390465.0,282.1,False,43.7,观察池·仅利润断层,增速加速|单季口径|正式财报|观察池,公告后无有效跳空,
688379,华光新材,科创板,通用设备,2026-08-27,正式财报,2026年半年报,96.79,单季同比,-61.17,157.96,54662254.92,2026-08-27,1.46,3.53,False,24.0,-11.47,449375875.0,49.8,False,43.7,观察池·仅利润断层,增速加速|单季口径|正式财报|观察池,公告后无有效跳空,
002092,中泰化学,主板,化学原料,2026-08-15,正式财报,2026年半年报,138.55,累计同比,-58.82,197.37,217462607.53000003,2026-08-17,0.44,-0.67,False,32.0,-3.53,228367135.0,112.6,False,43.4,观察池·仅利润断层,增速加速|正式财报|观察池,公告后无有效跳空,
600206,有研新材,主板,半导体,2026-08-05,正式财报,2026年半年报,51.51,单季同比,31.0,20.51,95062597.36,2026-08-06,2.49,10.0,True,39.0,14.26,4413325530.0,394.7,False,43.4,核心池·双断层,增速加速|单季口径|正式财报|跳空高开|缺口未回补|核心池,,
688370,丛麟科技,科创板,环境治理,2026-08-22,正式财报,2026年半年报,1800.68,单季同比,111.99,1688.69,11673416.969999999,2026-08-25,0.56,0.82,False,26.0,22.96,15123207.0,39.3,True,43.3,观察池·低基数断层,增速加速|单季口径|正式财报|低基数|观察池,低基数：上年同期单季净利仅 61 万元，增速参考性弱|增速极端（>500%），注意低基数|公告后无有效跳空,
600727,鲁北化工,主板,化学原料,2026-08-06,正式财报,2026年半年报,172.72,单季同比,57.07,115.65,115050894.95000002,2026-08-06,0.4,1.46,False,39.0,-0.93,278742147.0,39.6,False,43.3,观察池·仅利润断层,增速加速|单季口径|正式财报|观察池,公告后无有效跳空,
002008,大族激光,主板,自动化设备,2026-08-21,正式财报,2026年半年报,187.63,单季同比,116.59,71.04,933902172.0799999,2026-08-24,1.56,-5.28,False,27.0,-13.31,3766657630.0,765.7,False,43.2,观察池·仅利润断层,增速加速|单季口径|正式财报|观察池,公告后无有效跳空,
603759,海天股份,主板,环境治理,2026-08-27,正式财报,2026年半年报,160.73,单季同比,-92.25,252.98,29958327.64,2026-08-27,0.63,-3.75,False,24.0,-0.5,106889231.0,37.0,False,43.2,观察池·仅利润断层,增速加速|单季口径|正式财报|观察池,公告后无有效跳空,
000525,红太阳,主板,农化制品,2026-08-29,正式财报,2026年半年报,148.01,累计同比,-89.06,237.07,96871056.95,2026-08-31,0.41,-1.65,False,22.0,-8.64,172331442.0,49.4,False,43.2,观察池·仅利润断层,增速加速|正式财报|观察池,公告后无有效跳空,
600267,海正药业,主板,化学制药,2026-08-26,正式财报,2026年半年报,167.81,单季同比,83.13,84.68,280784504.22999996,2026-08-26,0.0,0.08,False,25.0,-4.32,561661692.0,138.7,False,43.1,观察池·仅利润断层,增速加速|单季口径|正式财报|观察池,公告后无有效跳空,
600619,海立股份,主板,家电零部件Ⅱ,2026-08-31,正式财报,2026年半年报,404.12,单季同比,374.75,29.37,91237623.10000001,2026-09-01,-0.35,-0.7,False,21.0,-9.26,205952850.0,102.0,False,43.0,观察池·仅利润断层,增速加速|单季口径|正式财报|观察池,公告后无有效跳空,
003043,华亚智能,主板,半导体,2026-08-26,正式财报,2026年半年报,200.27,单季同比,-54.6,254.87,28400397.06,2026-08-27,1.03,6.16,False,24.0,-20.8,699794415.0,56.8,True,43.0,观察池·低基数断层,增速加速|单季口径|正式财报|低基数|观察池,低基数：上年同期单季净利仅 946 万元，增速参考性弱|公告后无有效跳空,
600969,郴电国际,主板,电力,2026-08-21,正式财报,2026年半年报,169.73,单季同比,4.32,165.41,40643185.879999995,2026-08-24,0.81,-1.38,False,27.0,8.8,53080363.0,35.2,False,43.0,观察池·仅利润断层,增速加速|单季口径|正式财报|观察池,公告后无有效跳空,
300862,蓝盾光电,创业板,通用设备,2026-08-29,正式财报,2026年半年报,78.78,累计同比,-271.99,350.77,1221001.7399999993,2026-09-01,0.34,2.19,False,21.0,-12.5,908516160.0,66.9,False,42.9,观察池·仅利润断层,增速加速|正式财报|观察池,公告后无有效跳空,
002054,德美化工,主板,化学制品,2026-08-24,正式财报,2026年半年报,208.23,单季同比,48.61,159.62,49932525.01,2026-08-24,0.41,-1.78,False,27.0,-3.42,90167589.0,27.2,False,42.6,观察池·仅利润断层,增速加速|单季口径|正式财报|观察池,公告后无有效跳空|流通市值 < 30 亿元,
002108,沧州明珠,主板,塑料,2026-08-26,正式财报,2026年半年报,153.11,单季同比,-8.45,161.56,87339292.87,2026-08-27,0.23,0.45,False,24.0,-4.05,112422053.0,70.2,False,42.6,观察池·仅利润断层,增速加速|单季口径|正式财报|观察池,公告后无有效跳空,
601330,绿色动力,主板,环境治理,2026-08-29,正式财报,2026年半年报,34.22,单季同比,11.66,22.56,258059875.94000003,2026-08-31,5.35,10.0,True,22.0,8.82,214854259.0,80.5,False,42.6,核心池·双断层,增速加速|单季口径|正式财报|跳空高开|缺口未回补|核心池,,
300254,仟源医药,创业板,化学制药,2026-08-25,正式财报,2026年半年报,1025.28,累计同比,-67.83,1093.11,943547.3500000001,2026-08-26,-0.65,-0.76,False,25.0,0.0,208087579.0,21.2,True,42.2,观察池·低基数断层,增速加速|正式财报|低基数|观察池,低基数：上年同期亏损或微利，累计增速失真|增速极端（>500%），注意低基数|公告后无有效跳空|流通市值 < 30 亿元,
300834,星辉环材,创业板,塑料,2026-08-29,正式财报,2026年半年报,271.29,单季同比,13.93,257.36,28233138.219999995,2026-08-31,0.8,5.61,False,22.0,-4.36,96860149.0,71.6,True,42.1,观察池·低基数断层,增速加速|单季口径|正式财报|低基数|观察池,低基数：上年同期单季净利仅 760 万元，增速参考性弱|公告后无有效跳空,
000055,方大集团,主板,装修建材,2026-08-25,正式财报,2026年半年报,215.22,累计同比,-14.61,229.83,26299817.740000002,2026-08-26,0.28,0.56,False,25.0,7.22,27345917.0,26.1,False,42.1,观察池·仅利润断层,增速加速|正式财报|观察池,公告后无有效跳空|流通市值 < 30 亿元,
600648,外高桥,主板,房地产开发,2026-08-25,正式财报,2026年半年报,54.28,单季同比,-63.63,117.91,94937314.56,2026-08-25,0.11,2.77,True,26.0,6.98,40767413.0,109.9,False,42.0,观察池·仅利润断层,增速加速|单季口径|正式财报|缺口未回补|观察池,,
603015,弘讯科技,主板,自动化设备,2026-08-20,正式财报,2026年半年报,268.06,单季同比,-70.89,338.95,18351019.349999998,2026-08-20,1.17,-1.44,False,29.0,-8.12,103364062.0,41.6,True,41.9,观察池·低基数断层,增速加速|单季口径|正式财报|低基数|观察池,低基数：上年同期单季净利仅 499 万元，增速参考性弱|公告后无有效跳空,
002180,奔图科技,主板,计算机设备,2026-08-26,正式财报,2026年半年报,128.0,累计同比,-23.5,151.5,22744097.889999993,2026-08-27,1.43,3.57,False,24.0,-5.34,204331654.0,222.1,False,41.9,观察池·仅利润断层,增速加速|正式财报|观察池,公告后无有效跳空,
301059,金三江,创业板,化学制品,2026-08-25,正式财报,2026年半年报,41.1,单季同比,47.06,-5.96,21741393.63,2026-08-25,9.56,8.14,True,26.0,3.8,139598167.0,26.5,False,41.9,跟踪·仅价格缺口,单季口径|正式财报|跳空高开|缺口未回补|跟踪,接近一字板，恐难买入|流通市值 < 30 亿元,
301598,博科测试,创业板,专用设备,2026-08-24,正式财报,2026年半年报,27.16,单季同比,25.42,1.74,43036718.370000005,2026-08-24,10.28,17.08,True,27.0,-3.12,195738071.0,9.1,False,41.9,跟踪·仅价格缺口,单季口径|正式财报|跳空高开|缺口未回补|跟踪,接近一字板，恐难买入|流通市值 < 30 亿元,
002933,新兴装备,主板,航空装备Ⅱ,2026-08-18,正式财报,2026年半年报,266.9,单季同比,-120.95,387.85,18547100.56,2026-08-18,-0.22,3.55,False,31.0,1.41,105245339.0,32.0,True,41.8,观察池·低基数断层,续盈|增速加速|单季口径|正式财报|低基数|观察池,非经常损益嫌疑：非经常性/公允价值|低基数：上年同期单季净利仅 506 万元，增速参考性弱|公告后无有效跳空,"公司于2026年8月3日收到参股基金陕西汇盈润信兴秦股权投资合伙企业(有限合伙)基金管理人中信建投资本管理有限公司提供的《2026年第二季度报告》,依据报告所载期末基金单位净值及公司持有的基金份额重新测算,该项投资本期公允价值变动收益较前期业绩预告预估的金额增加800万元至1,000万元,属于非经常性损益。受该事项影响,公司对归属于上市公司股东的净利润、基本每股收益预测数据予以相应上调。"
301421,波长光电,创业板,光学光电子,2026-08-12,正式财报,2026年半年报,189.71,单季同比,-0.6,190.31,22373687.76,2026-08-13,1.64,-2.88,False,34.0,-14.01,490611081.0,43.3,True,41.8,观察池·低基数断层,增速加速|单季口径|正式财报|低基数|观察池,低基数：上年同期单季净利仅 772 万元，增速参考性弱|公告后无有效跳空,
002907,华森制药,主板,中药Ⅱ,2026-08-21,正式财报,2026年半年报,122.09,单季同比,-18.74,140.83,30193402.270000003,2026-08-24,0.0,0.35,False,27.0,4.49,291257310.0,50.5,False,41.8,观察池·仅利润断层,增速加速|单季口径|正式财报|观察池,公告后无有效跳空,
600257,大湖股份,主板,渔业,2026-08-13,正式财报,2026年半年报,2183.8,单季同比,14.61,2169.19,19818376.15,2026-08-13,1.82,2.37,False,34.0,-1.61,177604811.0,26.5,True,41.6,观察池·低基数断层,增速加速|单季口径|正式财报|低基数|观察池,低基数：上年同期单季净利仅 87 万元，增速参考性弱|增速极端（>500%），注意低基数|公告后无有效跳空|流通市值 < 30 亿元,
600392,盛和资源,主板,小金属,2026-08-29,正式财报,2026年半年报,168.15,单季同比,94.46,73.69,559276730.97,2026-09-01,0.34,-2.19,False,21.0,-13.58,891722617.0,353.5,False,41.6,观察池·仅利润断层,增速加速|单季口径|正式财报|观察池,公告后无有效跳空,
002298,中电鑫龙,主板,电网设备,2026-08-26,正式财报,2026年半年报,135.3,累计同比,1.73,133.57,714121.0899999961,2026-08-26,-0.13,2.01,False,25.0,10.19,260468262.0,58.3,False,41.5,观察池·仅利润断层,增速加速|正式财报|观察池,公告后无有效跳空,
000725,京东方A,主板,光学光电子,2026-08-29,正式财报,2026年半年报,116.82,单季同比,5.78,111.04,3540440001.0,2026-09-01,0.0,-1.66,False,21.0,-4.83,5817014907.0,2023.0,False,41.5,观察池·仅利润断层,增速加速|单季口径|正式财报|观察池,公告后无有效跳空,
688106,金宏气体,科创板,电子化学品Ⅱ,2026-08-26,正式财报,2026年半年报,64.99,单季同比,-88.93,153.92,63024269.989999995,2026-08-27,0.33,3.6,False,24.0,-9.81,551424994.0,130.8,False,41.5,观察池·仅利润断层,增速加速|单季口径|正式财报|观察池,公告后无有效跳空,
002753,永东股份,主板,橡胶,2026-08-26,正式财报,2026年半年报,204.75,单季同比,-95.5,300.25,31681275.46,2026-08-27,0.3,-0.15,False,24.0,1.05,46125130.0,19.9,False,41.4,观察池·仅利润断层,增速加速|单季口径|正式财报|观察池,公告后无有效跳空|流通市值 < 30 亿元,
300107,建新股份,创业板,化学制品,2026-08-12,正式财报,2026年半年报,996.29,单季同比,308.32,687.97,41295462.24,2026-08-12,0.93,3.87,False,35.0,9.05,157601053.0,24.7,True,41.2,观察池·低基数断层,增速加速|单季口径|正式财报|低基数|观察池,低基数：上年同期单季净利仅 377 万元，增速参考性弱|增速极端（>500%），注意低基数|公告后无有效跳空|流通市值 < 30 亿元,
000819,岳阳兴长,主板,炼化及贸易,2026-08-18,正式财报,2026年半年报,148.21,累计同比,-79.42,227.63,11413550.04,2026-08-18,0.24,-0.57,False,31.0,-0.97,70003654.0,44.7,False,41.2,观察池·仅利润断层,增速加速|正式财报|观察池,公告后无有效跳空,
002239,奥特佳,主板,汽车零部件,2026-08-27,正式财报,2026年半年报,132.49,单季同比,-11.25,143.74,62553034.3,2026-08-27,0.78,1.56,False,24.0,-3.88,187686011.0,81.4,False,41.2,观察池·仅利润断层,增速加速|单季口径|正式财报|观察池,公告后无有效跳空,
001205,盛航股份,主板,航运港口,2026-08-15,正式财报,2026年半年报,104.31,单季同比,3.7,100.61,33257009.83,2026-08-17,0.58,4.28,True,32.0,4.26,110955338.0,24.0,False,41.1,观察池·仅利润断层,增速加速|单季口径|正式财报|缺口未回补|观察池,流通市值 < 30 亿元,
688200,华峰测控,科创板,半导体,2026-08-31,正式财报,2026年半年报,140.58,单季同比,52.12,88.46,322019226.33,2026-09-01,0.0,-1.84,False,21.0,-5.57,1327277725.0,752.2,False,40.9,观察池·仅利润断层,增速加速|单季口径|正式财报|观察池,公告后无有效跳空,
300668,杰恩股份,创业板,工程咨询服务Ⅱ,2026-08-25,正式财报,2026年半年报,618.11,单季同比,-301.41,919.52,7404303.82,2026-08-25,0.89,1.48,False,26.0,-8.84,139827696.0,29.8,True,40.8,观察池·低基数断层,增速加速|单季口径|正式财报|低基数|观察池,低基数：上年同期单季净利仅 103 万元，增速参考性弱|增速极端（>500%），注意低基数|公告后无有效跳空|流通市值 < 30 亿元,
688306,均普智能,科创板,自动化设备,2026-08-27,正式财报,2026年半年报,264.22,单季同比,-13.73,277.95,8733836.910000004,2026-08-27,0.92,1.85,False,24.0,12.91,67004890.0,121.4,True,40.8,观察池·低基数断层,增速加速|单季口径|正式财报|低基数|观察池,低基数：上年同期单季净利仅 240 万元，增速参考性弱|公告后无有效跳空,
000980,众泰汽车,主板,汽车零部件,2026-08-29,正式财报,2026年半年报,154.36,累计同比,20.41,133.95,162399154.3,2026-08-31,0.59,-0.59,False,22.0,32.16,127379440.0,114.0,False,40.8,观察池·仅利润断层,增速加速|正式财报|观察池,公告后无有效跳空,
300655,晶瑞电材,创业板,电子化学品Ⅱ,2026-08-27,正式财报,2026年半年报,61.75,单季同比,-84.62,146.37,42460918.28,2026-08-27,0.72,4.95,False,24.0,-2.3,528030808.0,138.2,False,40.7,观察池·仅利润断层,增速加速|单季口径|正式财报|观察池,公告后无有效跳空,
603042,华脉科技,主板,通信设备,2026-08-21,正式财报,2026年半年报,185.06,累计同比,76.53,108.53,20734769.24,2026-08-24,1.01,-0.87,False,27.0,19.34,131867472.0,34.8,False,40.6,观察池·仅利润断层,增速加速|正式财报|观察池,公告后无有效跳空,
688227,品高股份,科创板,IT服务Ⅱ,2026-08-15,正式财报,2026年半年报,127.99,累计同比,1.49,126.5,19749918.82,2026-08-17,1.01,1.94,False,32.0,-15.13,289495536.0,79.5,False,40.5,观察池·仅利润断层,增速加速|正式财报|观察池,公告后无有效跳空,
300936,中英科技,创业板,元件,2026-08-24,正式财报,2026年半年报,55.08,累计同比,-871.69,926.77,-2467858.7800000003,2026-08-24,-2.13,-12.02,False,27.0,-19.23,516938654.0,32.7,False,40.5,观察池·仅利润断层,增速加速|正式财报|观察池,公告后无有效跳空,
002524,光正眼科,主板,医疗服务,2026-08-22,正式财报,2026年半年报,2457.01,单季同比,-768.46,3225.47,21611098.049999997,2026-08-24,0.0,-2.48,False,27.0,2.48,121607051.0,21.0,True,40.4,观察池·低基数断层,增速加速|单季口径|正式财报|低基数|观察池,低基数：上年同期单季净利仅 85 万元，增速参考性弱|增速极端（>500%），注意低基数|公告后无有效跳空|流通市值 < 30 亿元,
002584,西陇科学,主板,电子化学品Ⅱ,2026-08-28,正式财报,2026年半年报,152.33,累计同比,38.68,113.65,27432522.45,2026-08-28,0.0,1.08,False,23.0,5.9,250544014.0,42.3,False,40.4,观察池·仅利润断层,增速加速|正式财报|观察池,公告后无有效跳空,
002826,易明医药,主板,化学制药,2026-08-27,正式财报,2026年半年报,150.66,单季同比,4.55,146.11,47031324.150000006,2026-08-28,0.23,-0.86,False,23.0,1.15,43286865.0,32.5,False,40.4,观察池·仅利润断层,增速加速|单季口径|正式财报|观察池,公告后无有效跳空,
603071,物产环能,主板,贸易Ⅱ,2026-08-18,正式财报,2026年半年报,27.97,单季同比,11.73,16.24,189008024.95000002,2026-08-18,5.67,10.0,True,31.0,-1.5,139507729.0,69.7,False,40.4,跟踪·仅价格缺口,单季口径|正式财报|跳空高开|缺口未回补|跟踪,,
688455,科捷智能,科创板,自动化设备,2026-08-29,正式财报,2026年半年报,1524.56,单季同比,-0.98,1525.54,100385543.32,2026-08-31,1.79,3.82,False,22.0,5.27,113671993.0,29.2,True,40.3,观察池·低基数断层,增速加速|单季口径|正式财报|低基数|观察池,低基数：上年同期单季净利仅 618 万元，增速参考性弱|增速极端（>500%），注意低基数|公告后无有效跳空|流通市值 < 30 亿元,
688255,凯尔达,科创板,自动化设备,2026-08-28,正式财报,2026年半年报,1095.3,累计同比,121.42,973.88,17241253.910000004,2026-08-28,1.72,1.91,False,23.0,-0.23,115173623.0,28.5,True,40.3,观察池·低基数断层,增速加速|正式财报|低基数|观察池,低基数：上年同期亏损或微利，累计增速失真|增速极端（>500%），注意低基数|公告后无有效跳空|流通市值 < 30 亿元,
688758,赛分科技,科创板,化学制药,2026-08-28,正式财报,2026年半年报,150.95,单季同比,49.66,101.29,75149731.56,2026-08-28,1.54,2.0,False,23.0,11.76,336731152.0,89.8,False,40.3,观察池·仅利润断层,预增|增速加速|单季口径|正式财报|观察池,公告后无有效跳空,"2026年上半年,公司深耕分析色谱、工业纯化双赛道,落实双轮驱动战略。凭借二十余年色谱分离材料技术积累,公司持续推进自主创新与产品性能迭代,经营规模稳步扩张。报告期内,公司经营质量持续改善,盈利韧性凸显,整体盈利能力与经营效益显著提升。同时,公司核心竞争力稳步增强,中美双生产基地辐射全球市场的产业格局不断巩固,支撑企业中长期稳健成长。2026年作为""十五五""开局之年,国家将生物医药确立为国家新兴支柱产业,为行业长期发展提供坚实政策支撑。同时,全球多款重磅生物创新药迎来专利悬崖,驱动生物类似药研发与产业化进程提速,生物制药上游纯化填料市场需求持续扩容。公司紧抓行业高景气机遇,持续完善产业布局,覆"
300884,狄耐克,创业板,计算机设备,2026-08-26,正式财报,2026年半年报,6534.2,单季同比,28.01,6506.19,31916409.25,2026-08-26,1.65,1.57,False,25.0,-8.96,111544054.0,22.6,True,40.2,观察池·低基数断层,增速加速|单季口径|正式财报|低基数|观察池,低基数：上年同期单季净利仅 48 万元，增速参考性弱|增速极端（>500%），注意低基数|公告后无有效跳空|流通市值 < 30 亿元,
600893,航发动力,主板,航空装备Ⅱ,2026-08-25,正式财报,2026年半年报,70.49,单季同比,-65.93,136.42,143662016.78,2026-08-26,-0.11,1.16,False,25.0,7.23,861963334.0,1035.7,False,40.2,观察池·仅利润断层,增速加速|单季口径|正式财报|观察池,公告后无有效跳空,
688696,极米科技,科创板,黑色家电,2026-08-29,正式财报,2026年半年报,26.49,单季同比,-19.75,46.24,32917021.020000003,2026-08-31,3.77,8.86,True,22.0,17.89,148311549.0,59.4,False,40.2,核心池·双断层,增速加速|单季口径|正式财报|跳空高开|缺口未回补|核心池,,
002780,三夫户外,主板,服装家纺,2026-08-29,正式财报,2026年半年报,443.73,单季同比,141.94,301.79,22541715.029999997,2026-08-31,1.46,2.56,False,22.0,4.47,101736076.0,19.2,True,40.0,观察池·低基数断层,增速加速|单季口径|正式财报|低基数|观察池,低基数：上年同期单季净利仅 415 万元，增速参考性弱|公告后无有效跳空|流通市值 < 30 亿元,
002095,生意宝,主板,数字媒体,2026-08-27,正式财报,2026年半年报,143.28,累计同比,-28.74,172.02,1902786.0699999998,2026-08-28,0.07,0.76,False,23.0,5.56,31684552.0,38.2,False,40.0,观察池·仅利润断层,增速加速|正式财报|观察池,公告后无有效跳空,
600513,联环药业,主板,化学制药,2026-08-29,正式财报,2026年半年报,126.29,累计同比,-72.14,198.43,4097050.99,2026-09-01,0.06,-0.93,False,21.0,-6.39,119440723.0,43.1,False,40.0,观察池·仅利润断层,增速加速|正式财报|观察池,公告后无有效跳空,
300496,中科创达,创业板,IT服务Ⅱ,2026-08-26,正式财报,2026年半年报,117.31,单季同比,10.6,106.71,143212852.98,2026-08-27,0.2,1.68,False,24.0,-5.45,452052580.0,195.5,False,40.0,观察池·仅利润断层,增速加速|单季口径|正式财报|观察池,公告后无有效跳空,
688096,京源环保,科创板,环境治理,2026-08-29,正式财报,2026年半年报,1624.3,单季同比,-338.42,1962.72,6397928.33,2026-08-31,0.23,4.17,False,22.0,-9.47,89892699.0,18.3,True,39.8,观察池·低基数断层,增速加速|单季口径|正式财报|低基数|观察池,低基数：上年同期单季净利仅 37 万元，增速参考性弱|增速极端（>500%），注意低基数|公告后无有效跳空|流通市值 < 30 亿元,
301062,上海艾录,创业板,包装印刷,2026-08-18,正式财报,2026年半年报,783.74,单季同比,-354.11,1137.85,18886313.619999997,2026-08-18,0.0,-2.3,False,31.0,-1.43,88626168.0,18.9,True,39.8,观察池·低基数断层,增速加速|单季口径|正式财报|低基数|观察池,低基数：上年同期单季净利仅 214 万元，增速参考性弱|增速极端（>500%），注意低基数|公告后无有效跳空|流通市值 < 30 亿元,
301125,腾亚精工,创业板,通用设备,2026-08-29,正式财报,2026年半年报,13057.12,单季同比,-2348.55,15405.67,6147383.509999998,2026-09-01,1.06,-0.28,False,21.0,3.63,87391945.0,26.1,True,39.7,观察池·低基数断层,增速加速|单季口径|正式财报|低基数|观察池,低基数：上年同期单季净利仅 5 万元，增速参考性弱|增速极端（>500%），注意低基数|公告后无有效跳空|流通市值 < 30 亿元,
603768,常青股份,主板,汽车零部件,2026-08-28,正式财报,2026年半年报,190.66,累计同比,13.08,177.58,11674247.56,2026-08-28,1.82,0.87,False,23.0,3.32,31755986.0,28.9,False,39.7,观察池·仅利润断层,增速加速|正式财报|观察池,公告后无有效跳空|流通市值 < 30 亿元,
300877,金春股份,创业板,纺织制造,2026-08-26,正式财报,2026年半年报,131.21,单季同比,-15.74,146.95,28541863.32,2026-08-26,-0.38,-5.53,False,25.0,-6.32,100715298.0,32.2,False,39.7,观察池·仅利润断层,增速加速|单季口径|正式财报|观察池,公告后无有效跳空,
603583,捷昌驱动,主板,自动化设备,2026-08-27,正式财报,2026年半年报,12.77,单季同比,-55.15,67.92,178767113.70999998,2026-08-27,2.71,3.34,True,24.0,12.26,169274025.0,106.0,False,39.7,核心池·双断层,增速加速|单季口径|正式财报|跳空高开|缺口未回补|核心池,,
688226,威腾电气,科创板,电网设备,2026-08-28,正式财报,2026年半年报,231.76,单季同比,-47.55,279.31,10587173.759999998,2026-08-28,-1.0,0.07,False,23.0,2.66,166457117.0,57.6,True,39.5,观察池·低基数断层,增速加速|单季口径|正式财报|低基数|观察池,低基数：上年同期单季净利仅 319 万元，增速参考性弱|公告后无有效跳空,
002379,宏桥控股,主板,工业金属,2026-08-22,正式财报,2026年半年报,126.41,单季同比,37.56,88.85,8887483067.69,2026-08-24,0.33,1.26,False,27.0,-10.99,748359173.0,185.0,False,39.5,观察池·仅利润断层,增速加速|单季口径|正式财报|观察池,公告后无有效跳空,
601975,招商南油,主板,航运港口,2026-08-28,正式财报,2026年半年报,33.13,单季同比,51.73,-18.6,380179121.28999996,2026-08-28,2.77,4.53,True,23.0,10.78,1000179876.0,211.6,False,39.5,跟踪·仅价格缺口,单季口径|正式财报|跳空高开|缺口未回补|跟踪,,
601665,齐鲁银行,主板,银行Ⅱ,2026-08-29,正式财报,2026年半年报,18.13,单季同比,14.01,4.12,1609811000.0,2026-08-31,3.19,6.68,True,22.0,4.85,907724284.0,438.8,False,39.5,跟踪·仅价格缺口,单季口径|正式财报|跳空高开|缺口未回补|跟踪,,
002523,天桥起重,主板,专用设备,2026-08-22,正式财报,2026年半年报,126.95,单季同比,-20.5,147.45,47903096.67,2026-08-24,1.5,1.5,False,27.0,0.29,96402284.0,48.0,False,39.3,观察池·仅利润断层,增速加速|单季口径|正式财报|观察池,公告后无有效跳空,
002952,亚世光电,主板,光学光电子,2026-08-26,正式财报,2026年半年报,509.95,单季同比,100.28,409.67,5618498.02,2026-08-26,-0.1,-1.77,False,25.0,-3.79,57719507.0,25.5,True,39.2,观察池·低基数断层,增速加速|单季口径|正式财报|低基数|观察池,低基数：上年同期单季净利仅 92 万元，增速参考性弱|增速极端（>500%），注意低基数|公告后无有效跳空|流通市值 < 30 亿元,
300092,科新机电,创业板,专用设备,2026-08-22,正式财报,2026年半年报,305.36,单季同比,-47.06,352.42,15861641.280000001,2026-08-25,-0.08,1.01,False,26.0,-2.53,60624972.0,24.2,True,39.2,观察池·低基数断层,增速加速|单季口径|正式财报|低基数|观察池,低基数：上年同期单季净利仅 391 万元，增速参考性弱|公告后无有效跳空|流通市值 < 30 亿元,
605358,立昂微,主板,半导体,2026-08-08,正式财报,2026年半年报,166.11,累计同比,108.92,57.19,76748004.36,2026-08-10,0.27,-1.43,False,37.0,0.8,1667269630.0,350.3,False,39.2,观察池·仅利润断层,增速加速|正式财报|观察池,公告后无有效跳空,
002003,伟星股份,主板,纺织制造,2026-08-27,正式财报,2026年半年报,18.96,单季同比,-7.23,26.19,320059452.01,2026-08-27,2.28,6.93,True,24.0,0.8,439396894.0,117.1,False,39.2,核心池·双断层,增速加速|单季口径|正式财报|跳空高开|缺口未回补|核心池,,
002851,麦格米特,主板,其他电源设备Ⅱ,2026-08-28,正式财报,2026年半年报,107.11,单季同比,6.93,100.18,137382658.39,2026-08-28,1.83,-1.34,False,23.0,-10.98,4412140831.0,569.0,False,39.1,观察池·仅利润断层,增速加速|单季口径|正式财报|观察池,公告后无有效跳空,
605118,力鼎光电,主板,计算机设备,2026-08-27,正式财报,2026年半年报,47.45,单季同比,23.86,23.59,106325250.32,2026-08-27,3.69,4.61,True,24.0,10.1,151792771.0,131.5,False,39.1,核心池·双断层,增速加速|单季口径|正式财报|跳空高开|缺口未回补|核心池,,
002265,建设工业,主板,汽车零部件,2026-08-27,正式财报,2026年半年报,127.79,单季同比,0.22,127.57,32925456.6,2026-08-27,0.05,0.98,False,24.0,2.88,210479753.0,195.5,False,39.0,观察池·仅利润断层,增速加速|单季口径|正式财报|观察池,公告后无有效跳空,
605488,福莱新材,主板,塑料,2026-08-26,正式财报,2026年半年报,106.43,单季同比,-46.0,152.43,33137827.360000003,2026-08-26,0.8,-3.67,False,25.0,-2.68,169690761.0,87.8,False,39.0,观察池·仅利润断层,增速加速|单季口径|正式财报|观察池,公告后无有效跳空,
600692,亚通股份,主板,房地产开发,2026-08-26,正式财报,2026年半年报,4967.76,单季同比,116.43,4851.33,17234045.75,2026-08-27,0.47,0.16,False,24.0,4.02,43453481.0,17.1,True,38.9,观察池·低基数断层,增速加速|单季口径|正式财报|低基数|观察池,低基数：上年同期单季净利仅 34 万元，增速参考性弱|增速极端（>500%），注意低基数|公告后无有效跳空|流通市值 < 30 亿元,
688021,奥福科技,科创板,汽车零部件,2026-08-22,正式财报,2026年半年报,740.52,单季同比,434.22,306.3,7182680.030000001,2026-08-25,-0.2,3.82,False,26.0,-2.7,47313148.0,15.1,True,38.9,观察池·低基数断层,增速加速|单季口径|正式财报|低基数|观察池,低基数：上年同期单季净利仅 85 万元，增速参考性弱|增速极端（>500%），注意低基数|公告后无有效跳空|流通市值 < 30 亿元,
300992,泰福泵业,创业板,通用设备,2026-08-28,正式财报,2026年半年报,681.83,单季同比,-141.51,823.34,11930140.280000001,2026-08-31,0.99,3.14,False,22.0,5.75,47026523.0,20.9,True,38.9,观察池·低基数断层,增速加速|单季口径|正式财报|低基数|观察池,低基数：上年同期单季净利仅 153 万元，增速参考性弱|增速极端（>500%），注意低基数|公告后无有效跳空|流通市值 < 30 亿元,
605151,西上海,主板,汽车零部件,2026-08-27,正式财报,2026年半年报,2422.9,单季同比,359.82,2063.08,14316693.36,2026-08-28,0.78,0.68,False,23.0,-3.43,37522015.0,25.0,True,38.8,观察池·低基数断层,增速加速|单季口径|正式财报|低基数|观察池,低基数：上年同期单季净利仅 57 万元，增速参考性弱|增速极端（>500%），注意低基数|公告后无有效跳空|流通市值 < 30 亿元,
002769,普路通,主板,物流,2026-08-21,正式财报,2026年半年报,396.35,单季同比,-87.9,484.25,12444913.25,2026-08-24,0.86,-1.29,False,27.0,-4.68,41056080.0,25.1,True,38.8,观察池·低基数断层,增速加速|单季口径|正式财报|低基数|观察池,低基数：上年同期单季净利仅 251 万元，增速参考性弱|公告后无有效跳空|流通市值 < 30 亿元,
300219,鸿利智汇,创业板,光学光电子,2026-08-25,正式财报,2026年半年报,234.76,单季同比,63.46,171.3,31448419.849999998,2026-08-25,1.77,2.95,False,26.0,-3.48,115130565.0,47.1,True,38.8,观察池·低基数断层,增速加速|单季口径|正式财报|低基数|观察池,低基数：上年同期单季净利仅 939 万元，增速参考性弱|公告后无有效跳空,
001395,亚联机械,主板,专用设备,2026-08-21,正式财报,2026年半年报,170.77,单季同比,-18.35,189.12,110339787.29,2026-08-21,1.68,-0.62,False,28.0,0.17,88190708.0,15.8,False,38.8,观察池·仅利润断层,增速加速|单季口径|正式财报|观察池,公告后无有效跳空|流通市值 < 30 亿元,
300817,双飞集团,创业板,通用设备,2026-08-27,正式财报,2026年半年报,47.23,单季同比,28.27,18.96,27572765.630000003,2026-08-27,5.91,7.15,True,24.0,6.44,169810399.0,21.7,False,38.8,跟踪·仅价格缺口,单季口径|正式财报|跳空高开|缺口未回补|跟踪,流通市值 < 30 亿元,
601882,海天精工,主板,通用设备,2026-08-29,正式财报,2026年半年报,24.25,单季同比,12.57,11.68,171568318.93,2026-08-31,4.67,9.99,True,22.0,8.49,223856257.0,118.1,False,38.8,跟踪·仅价格缺口,单季口径|正式财报|跳空高开|缺口未回补|跟踪,,
688193,仁度生物,科创板,医疗器械,2026-08-29,正式财报,2026年半年报,460.58,单季同比,309.15,151.43,4580115.949999999,2026-08-31,1.9,3.76,False,22.0,6.9,35192479.0,20.9,True,38.7,观察池·低基数断层,增速加速|单季口径|正式财报|低基数|观察池,低基数：上年同期单季净利仅 82 万元，增速参考性弱|公告后无有效跳空|流通市值 < 30 亿元,
301251,威尔高,创业板,元件,2026-08-18,正式财报,2026年半年报,63.82,单季同比,-69.53,133.35,37493297.19,2026-08-18,-0.02,2.51,False,31.0,71.1,476644038.0,141.0,False,38.7,观察池·仅利润断层,增速加速|单季口径|正式财报|观察池,公告后无有效跳空,
688026,洁特生物,科创板,医疗器械,2026-08-31,正式财报,2026年半年报,-16.19,单季同比,-125.65,109.46,25039767.740000002,2026-08-31,1.88,13.99,True,22.0,64.15,205197909.0,38.8,False,38.7,观察池·仅利润断层,增速加速|单季口径|正式财报|缺口未回补|观察池,,
603860,中公高科,主板,工程咨询服务Ⅱ,2026-08-29,正式财报,2026年半年报,4186.85,单季同比,281.43,3905.42,1911149.35,2026-09-01,0.0,0.81,False,21.0,-2.88,30319636.0,17.6,True,38.6,观察池·低基数断层,增速加速|单季口径|正式财报|低基数|观察池,低基数：上年同期单季净利仅 4 万元，增速参考性弱|增速极端（>500%），注意低基数|公告后无有效跳空|流通市值 < 30 亿元,
300267,尔康制药,创业板,化学制药,2026-08-27,正式财报,2026年半年报,229.35,单季同比,-53.37,282.72,31360452.490000002,2026-08-28,-0.88,-1.46,False,23.0,-3.83,132871698.0,46.4,True,38.6,观察池·低基数断层,增速加速|单季口径|正式财报|低基数|观察池,低基数：上年同期单季净利仅 952 万元，增速参考性弱|公告后无有效跳空,
301113,雅艺科技,创业板,家居用品,2026-08-24,正式财报,2026年半年报,333.06,单季同比,-205.19,538.25,6913947.199999999,2026-08-24,0.06,-1.26,False,27.0,6.12,25475704.0,12.7,True,38.5,观察池·低基数断层,增速加速|单季口径|正式财报|低基数|观察池,低基数：上年同期单季净利仅 160 万元，增速参考性弱|公告后无有效跳空|流通市值 < 30 亿元,
000818,航锦科技,主板,化学原料,2026-08-14,正式财报,2026年半年报,293.18,单季同比,213.64,79.54,33701584.55,2026-08-14,0.89,-0.22,False,33.0,-17.21,276431036.0,74.1,True,38.5,观察池·低基数断层,增速加速|单季口径|正式财报|低基数|观察池,低基数：上年同期单季净利仅 857 万元，增速参考性弱|公告后无有效跳空,
000049,德赛电池,主板,电池,2026-08-18,正式财报,2026年半年报,156.45,单季同比,64.23,92.22,125360775.96,2026-08-19,-1.46,-4.31,False,30.0,-7.59,275960889.0,86.1,False,38.5,观察池·仅利润断层,增速加速|单季口径|正式财报|观察池,公告后无有效跳空,
000628,高新发展,主板,房屋建设Ⅱ,2026-08-24,正式财报,2026年半年报,-27.11,单季同比,-35.8,8.69,46746202.0,2026-08-24,3.29,5.31,True,27.0,15.48,1330483091.0,104.0,False,38.5,跟踪·仅价格缺口,单季口径|正式财报|跳空高开|缺口未回补|跟踪,,
603135,中重科技,主板,专用设备,2026-08-28,正式财报,2026年半年报,220.92,单季同比,34.85,186.07,18947266.210000005,2026-08-28,0.88,0.44,False,23.0,-7.08,164710566.0,53.7,True,38.4,观察池·低基数断层,增速加速|单季口径|正式财报|低基数|观察池,低基数：上年同期单季净利仅 590 万元，增速参考性弱|公告后无有效跳空,
300224,正海磁材,创业板,金属新材料,2026-08-28,正式财报,2026年半年报,105.68,单季同比,-32.29,137.97,89708875.28,2026-08-28,1.82,-0.87,False,23.0,-1.28,223304937.0,107.3,False,38.4,观察池·仅利润断层,增速加速|单季口径|正式财报|观察池,公告后无有效跳空,
603876,鼎胜新材,主板,工业金属,2026-08-29,正式财报,2026年半年报,178.79,单季同比,127.28,51.51,286069080.15999997,2026-09-01,-0.13,-3.21,False,21.0,-23.1,428923209.0,160.2,False,38.3,观察池·仅利润断层,增速加速|单季口径|正式财报|观察池,公告后无有效跳空,
603605,珀莱雅,主板,化妆品,2026-08-25,正式财报,2026年半年报,96.26,单季同比,-6.05,102.31,801209765.2700001,2026-08-25,1.91,8.2,False,26.0,-5.1,1044084512.0,216.6,False,38.3,观察池·仅利润断层,增速加速|单季口径|正式财报|观察池,公告后无有效跳空,
600038,中直股份,主板,航空装备Ⅱ,2026-08-27,正式财报,2026年半年报,86.32,单季同比,-81.26,167.58,149661536.35000002,2026-08-28,0.0,1.99,False,23.0,-0.11,233797557.0,181.0,False,38.3,观察池·仅利润断层,增速加速|单季口径|正式财报|观察池,公告后无有效跳空,
301717,超纯应材,创业板,半导体,2026-08-27,正式财报,2026年半年报,132.47,单季同比,58.85,73.62,51700164.029999994,2026-08-28,-1.55,-8.66,False,23.0,-17.17,1810474272.0,58.9,False,38.1,观察池·仅利润断层,预增|增速加速|单季口径|正式财报|观察池,公告后无有效跳空,nan
301120,新特电气,创业板,电网设备,2026-08-27,正式财报,2026年半年报,109.32,累计同比,-120.54,229.86,13031269.73,2026-08-27,1.75,1.34,False,24.0,-5.88,106164635.0,32.2,False,38.1,观察池·仅利润断层,增速加速|正式财报|观察池,公告后无有效跳空,
301236,软通动力,创业板,IT服务Ⅱ,2026-08-26,正式财报,2026年半年报,54.71,单季同比,-76.99,131.7,85229974.50000003,2026-08-26,-0.97,-0.89,False,25.0,-4.53,511106009.0,305.8,False,38.0,观察池·仅利润断层,增速加速|单季口径|正式财报|观察池,公告后无有效跳空,
600151,航天机电,主板,汽车零部件,2026-08-26,正式财报,2026年半年报,93.76,累计同比,-49.23,142.99,3253211.290000001,2026-08-26,-0.59,-2.25,False,25.0,-10.05,218496010.0,130.9,False,37.8,观察池·仅利润断层,增速加速|正式财报|观察池,公告后无有效跳空,
300077,国民技术,创业板,半导体,2026-08-22,正式财报,2026年半年报,112.0,累计同比,26.34,85.66,20159937.44,2026-08-24,0.41,1.6,False,27.0,7.03,1184202543.0,119.0,False,37.6,观察池·仅利润断层,增速加速|正式财报|观察池,公告后无有效跳空,
600309,万华化学,主板,化学制品,2026-08-25,正式财报,2026年半年报,108.68,单季同比,20.62,88.06,6345255670.879999,2026-08-25,1.15,-0.44,False,26.0,-6.93,2998733819.0,2156.9,False,37.6,观察池·仅利润断层,增速加速|单季口径|正式财报|观察池,公告后无有效跳空,
600749,西藏旅游,主板,旅游及景区,2026-08-25,正式财报,2026年半年报,104.25,单季同比,-119.22,223.47,22907413.71,2026-08-25,1.35,5.95,False,26.0,-11.6,358701305.0,28.7,False,37.6,观察池·仅利润断层,增速加速|单季口径|正式财报|观察池,公告后无有效跳空|流通市值 < 30 亿元,
300455,航天智装,创业板,计算机设备,2026-08-08,正式财报,2026年半年报,101.66,累计同比,-42.55,144.21,-476884.29000000004,2026-08-10,0.51,1.85,False,37.0,-17.51,158967372.0,114.2,False,37.6,观察池·仅利润断层,增速加速|正式财报|观察池,公告后无有效跳空,
688729,屹唐股份,科创板,半导体,2026-08-29,正式财报,2026年半年报,81.48,单季同比,-26.76,108.24,236337917.63000003,2026-09-01,-0.12,-4.94,False,21.0,-11.74,735983006.0,383.7,False,37.6,观察池·仅利润断层,增速加速|单季口径|正式财报|观察池,公告后无有效跳空,
600359,新农开发,主板,种植业,2026-08-27,正式财报,2026年半年报,-1.93,累计同比,-23.67,21.74,-3785466.41,2026-08-27,7.22,10.01,True,24.0,1.65,182766853.0,28.2,False,37.6,核心池·双断层,增速加速|正式财报|跳空高开|缺口未回补|核心池,流通市值 < 30 亿元,
601360,三六零,主板,软件开发,2026-08-20,正式财报,2026年半年报,176.54,累计同比,140.0,36.54,106422000.0,2026-08-20,0.11,-0.34,False,29.0,1.24,727894660.0,626.5,False,37.5,观察池·仅利润断层,增速加速|正式财报|观察池,公告后无有效跳空,
603099,长白山,主板,旅游及景区,2026-08-25,正式财报,2026年半年报,161.84,累计同比,84.23,77.61,-6827932.54,2026-08-25,0.16,-1.07,False,26.0,5.53,300332913.0,110.8,False,37.5,观察池·仅利润断层,增速加速|正式财报|观察池,公告后无有效跳空,
603387,基蛋生物,主板,医疗器械,2026-08-27,正式财报,2026年半年报,142.66,单季同比,18.65,124.01,107988104.11,2026-08-28,1.28,-0.85,False,23.0,5.04,86153014.0,50.8,False,37.5,观察池·仅利润断层,增速加速|单季口径|正式财报|观察池,公告后无有效跳空,
300070,碧水源,创业板,环境治理,2026-08-25,正式财报,2026年半年报,128.49,累计同比,0.75,127.74,-30012695.880000003,2026-08-25,0.0,0.58,False,26.0,-0.29,127591964.0,118.9,False,37.4,观察池·仅利润断层,增速加速|正式财报|观察池,公告后无有效跳空,
300998,宁波方正,创业板,汽车零部件,2026-08-29,正式财报,2026年半年报,106.69,累计同比,-60.67,167.36,-1122919.2100000002,2026-09-01,0.18,-0.53,False,21.0,4.11,87476784.0,31.9,False,37.4,观察池·仅利润断层,增速加速|正式财报|观察池,公告后无有效跳空,
000783,长江证券,主板,证券Ⅱ,2026-08-26,正式财报,2026年半年报,125.28,单季同比,51.73,73.55,1706229294.55,2026-08-26,-0.23,5.58,False,25.0,-7.46,1916286094.0,439.1,False,37.3,观察池·仅利润断层,增速加速|单季口径|正式财报|观察池,公告后无有效跳空,
600217,中再资环,主板,环境治理,2026-08-28,正式财报,2026年半年报,91.59,累计同比,-1166.07,1257.66,-4787411.129999999,2026-08-28,0.0,4.94,False,23.0,0.93,148833246.0,54.2,False,37.1,观察池·仅利润断层,增速加速|正式财报|观察池,公告后无有效跳空,
002120,韵达股份,主板,物流,2026-08-26,正式财报,2026年半年报,146.27,单季同比,51.67,94.6,511403121.72,2026-08-26,0.45,1.06,False,25.0,2.71,237595806.0,192.0,False,37.0,观察池·仅利润断层,增速加速|单季口径|正式财报|观察池,公告后无有效跳空,
000629,钒钛股份,主板,冶钢原料,2026-08-24,正式财报,2026年半年报,211.1,累计同比,173.33,37.77,149546490.93,2026-08-24,0.66,-0.33,False,27.0,-7.82,287526597.0,262.9,False,36.9,观察池·仅利润断层,增速加速|正式财报|观察池,公告后无有效跳空,
688181,八亿时空,科创板,光学光电子,2026-08-15,正式财报,2026年半年报,177.47,单季同比,2.93,174.54,18949319.759999998,2026-08-18,-0.46,0.44,False,31.0,3.15,308543002.0,56.3,True,36.9,观察池·低基数断层,增速加速|单季口径|正式财报|低基数|观察池,低基数：上年同期单季净利仅 683 万元，增速参考性弱|公告后无有效跳空,
300523,辰安科技,创业板,IT服务Ⅱ,2026-08-29,正式财报,2026年半年报,19.94,累计同比,12.33,7.61,-29220710.729999997,2026-08-31,4.84,3.83,True,22.0,11.58,153545993.0,54.0,False,36.8,跟踪·仅价格缺口,正式财报|跳空高开|缺口未回补|跟踪,,
600774,汉商集团,主板,化学制药,2026-08-31,正式财报,2026年半年报,153.19,累计同比,-297.72,450.91,9565214.22,2026-09-01,0.26,3.02,False,21.0,4.32,69952917.0,23.0,False,36.7,观察池·仅利润断层,增速加速|正式财报|观察池,公告后无有效跳空|流通市值 < 30 亿元,
000829,天音控股,主板,专业连锁Ⅱ,2026-08-28,正式财报,2026年半年报,125.34,累计同比,11.01,114.33,41225683.010000005,2026-08-28,0.0,0.57,False,23.0,4.94,194905009.0,93.6,False,36.7,观察池·仅利润断层,增速加速|正式财报|观察池,公告后无有效跳空,
603269,海鸥股份,主板,通用设备,2026-08-28,正式财报,2026年半年报,6.2,单季同比,18.26,-12.06,16923959.100000005,2026-08-28,4.17,10.02,True,23.0,10.29,341607946.0,100.0,False,36.7,跟踪·仅价格缺口,单季口径|正式财报|跳空高开|缺口未回补|跟踪,,
300497,富祥股份,创业板,化学制药,2026-08-12,正式财报,2026年半年报,2660.26,累计同比,2633.39,26.87,115747911.44,2026-08-13,0.05,-0.38,False,34.0,-2.56,601498135.0,81.5,True,36.6,观察池·低基数断层,增速加速|正式财报|低基数|观察池,低基数：上年同期亏损或微利，累计增速失真|增速极端（>500%），注意低基数|公告后无有效跳空,
600391,航发科技,主板,航空装备Ⅱ,2026-08-27,正式财报,2026年半年报,161.69,单季同比,-418.0,579.69,17393808.04,2026-08-28,-0.06,2.74,False,23.0,22.32,369860851.0,134.1,True,36.6,观察池·低基数断层,增速加速|单季口径|正式财报|低基数|观察池,低基数：上年同期单季净利仅 665 万元，增速参考性弱|公告后无有效跳空,
600676,久事动娱,主板,体育Ⅱ,2026-08-29,正式财报,2026年半年报,121.92,累计同比,-13.37,135.29,83842848.78999999,2026-08-31,-0.3,0.59,False,22.0,-2.22,69684817.0,67.9,False,36.6,观察池·仅利润断层,增速加速|正式财报|观察池,公告后无有效跳空,
600497,驰宏锌锗,主板,工业金属,2026-08-26,正式财报,2026年半年报,112.02,单季同比,33.88,78.14,928475505.2800001,2026-08-26,1.21,4.73,False,25.0,-10.85,2166624930.0,451.6,False,36.6,观察池·仅利润断层,增速加速|单季口径|正式财报|观察池,公告后无有效跳空,
600103,青山纸业,主板,造纸,2026-08-25,正式财报,2026年半年报,-1.28,单季同比,-50.59,49.31,25066876.11,2026-08-26,1.59,10.16,True,25.0,6.25,755668968.0,75.2,False,36.6,观察池·仅利润断层,增速加速|单季口径|正式财报|缺口未回补|观察池,,
600551,时代出版,主板,出版,2026-08-28,正式财报,2026年半年报,1.2,单季同比,-14.86,16.06,151168594.1,2026-08-28,5.13,9.97,True,23.0,11.3,138324673.0,54.1,False,36.4,跟踪·仅价格缺口,单季口径|正式财报|跳空高开|缺口未回补|跟踪,,
600428,中远海特,主板,航运港口,2026-08-27,正式财报,2026年半年报,101.31,单季同比,17.53,83.78,965454967.5300001,2026-08-28,0.64,4.46,False,23.0,-3.08,735838317.0,293.9,False,36.3,观察池·仅利润断层,增速加速|单季口径|正式财报|观察池,公告后无有效跳空,
300816,艾可蓝,创业板,汽车零部件,2026-08-26,正式财报,2026年半年报,-24.93,单季同比,7.11,-32.04,19310390.919999998,2026-08-26,2.81,11.18,True,25.0,8.48,597746146.0,34.1,False,36.2,跟踪·仅价格缺口,单季口径|正式财报|跳空高开|缺口未回补|跟踪,,
688220,翱捷科技,科创板,半导体,2026-08-29,正式财报,2026年半年报,134.33,累计同比,77.08,57.25,112262103.57,2026-09-01,1.62,-5.03,False,21.0,-13.79,705904304.0,377.4,False,36.1,观察池·仅利润断层,增速加速|正式财报|观察池,公告后无有效跳空,
688268,华特气体,科创板,电子化学品Ⅱ,2026-08-26,正式财报,2026年半年报,75.93,单季同比,-23.7,99.63,58956101.76,2026-08-26,0.86,1.19,False,25.0,-15.8,632660648.0,154.3,False,35.9,观察池·仅利润断层,增速加速|单季口径|正式财报|观察池,公告后无有效跳空,
600249,两面针,主板,个护用品,2026-08-28,正式财报,2026年半年报,269.78,单季同比,-170.14,439.92,33595829.17,2026-08-28,0.75,1.32,False,23.0,-0.19,35211790.0,29.4,True,35.7,观察池·低基数断层,增速加速|单季口径|正式财报|低基数|观察池,低基数：上年同期单季净利仅 909 万元，增速参考性弱|公告后无有效跳空|流通市值 < 30 亿元,
002863,今飞凯达,主板,汽车零部件,2026-08-15,正式财报,2026年半年报,0.98,单季同比,15.95,-14.97,20151563.470000003,2026-08-17,7.27,9.91,True,32.0,-2.26,215558164.0,28.5,False,35.6,跟踪·仅价格缺口,单季口径|正式财报|跳空高开|缺口未回补|跟踪,流通市值 < 30 亿元,
600768,富邦新材,主板,工业金属,2026-08-11,正式财报,2026年半年报,564.21,单季同比,450.49,113.72,30526675.76,2026-08-11,0.67,-1.4,False,36.0,-2.25,109769395.0,19.7,True,35.4,观察池·低基数断层,增速加速|单季口径|正式财报|低基数|观察池,低基数：上年同期单季净利仅 460 万元，增速参考性弱|增速极端（>500%），注意低基数|公告后无有效跳空|流通市值 < 30 亿元,
300814,中富电路,创业板,元件,2026-08-14,正式财报,2026年半年报,189.89,单季同比,89.32,100.57,19719115.31,2026-08-17,-1.6,1.24,False,32.0,-20.56,1731075351.0,233.3,True,35.4,观察池·低基数断层,增速加速|单季口径|正式财报|低基数|观察池,低基数：上年同期单季净利仅 680 万元，增速参考性弱|公告后无有效跳空,
688320,禾川科技,科创板,自动化设备,2026-08-28,正式财报,2026年半年报,159.48,累计同比,79.1,80.38,28328074.65,2026-08-28,-0.14,-6.82,False,23.0,-2.01,185060065.0,53.1,False,35.4,观察池·仅利润断层,增速加速|正式财报|观察池,公告后无有效跳空,
601169,北京银行,主板,银行Ⅱ,2026-08-29,正式财报,2026年半年报,5.7,单季同比,5.55,0.15,7802000000.0,2026-08-31,2.16,5.11,True,22.0,7.12,3143131155.0,1177.7,False,35.4,跟踪·仅价格缺口,单季口径|正式财报|跳空高开|缺口未回补|跟踪,,
600418,江淮汽车,主板,商用车,2026-08-20,正式财报,2026年半年报,3.09,累计同比,-171.74,174.83,-142935101.54000008,2026-08-20,0.76,0.86,False,29.0,30.19,1442339878.0,619.2,False,35.3,观察池·仅利润断层,增速加速|正式财报|观察池,公告后无有效跳空,
600626,申达股份,主板,汽车零部件,2026-08-27,正式财报,2026年半年报,169.48,累计同比,77.22,92.26,49180762.55,2026-08-28,1.37,1.37,False,23.0,1.89,48966220.0,49.8,False,35.2,观察池·仅利润断层,增速加速|正式财报|观察池,公告后无有效跳空,
600183,生益科技,主板,元件,2026-08-15,正式财报,2026年半年报,146.72,单季同比,105.47,41.25,2128837953.77,2026-08-17,1.88,0.89,False,32.0,-10.93,10971906097.0,3134.3,False,35.2,观察池·仅利润断层,增速加速|单季口径|正式财报|观察池,公告后无有效跳空,
301280,珠城科技,创业板,家电零部件Ⅱ,2026-08-26,正式财报,2026年半年报,119.12,单季同比,4.58,114.54,75808391.4,2026-08-26,0.02,-4.51,False,25.0,-7.94,150604095.0,40.8,False,35.2,观察池·仅利润断层,增速加速|单季口径|正式财报|观察池,公告后无有效跳空,
301278,快可电子,创业板,光伏设备,2026-08-28,正式财报,2026年半年报,261.77,单季同比,-45.23,307.0,10398212.66,2026-08-28,0.54,2.4,False,23.0,3.27,45938532.0,15.7,True,35.1,观察池·低基数断层,增速加速|单季口径|正式财报|低基数|观察池,低基数：上年同期单季净利仅 287 万元，增速参考性弱|公告后无有效跳空|流通市值 < 30 亿元,
002105,信隆健康,主板,摩托车及其他,2026-08-22,正式财报,2026年半年报,151.02,累计同比,9.46,141.56,9978373.03,2026-08-24,1.2,0.17,False,27.0,2.37,57805341.0,22.1,False,35.1,观察池·仅利润断层,增速加速|正式财报|观察池,公告后无有效跳空|流通市值 < 30 亿元,
002340,格林美,主板,电池,2026-08-29,正式财报,2026年半年报,92.41,单季同比,2.18,90.23,553804645.67,2026-09-01,-0.46,-0.31,False,21.0,-6.0,443228266.0,310.1,False,35.1,观察池·仅利润断层,增速加速|单季口径|正式财报|观察池,公告后无有效跳空,
300866,安克创新,创业板,消费电子,2026-08-31,正式财报,2026年半年报,83.33,单季同比,-4.87,88.2,1230443025.68,2026-09-01,-0.61,2.09,False,21.0,-0.3,626847618.0,387.2,False,35.1,观察池·仅利润断层,增速加速|单季口径|正式财报|观察池,公告后无有效跳空,
002172,澳洋健康,主板,医疗服务,2026-08-18,正式财报,2026年半年报,44.97,单季同比,-71.7,116.67,18928630.509999998,2026-08-19,0.22,-10.02,False,30.0,20.67,1010261921.0,41.5,False,35.1,观察池·仅利润断层,增速加速|单季口径|正式财报|观察池,公告后无有效跳空,
603587,地素时尚,主板,服装家纺,2026-08-28,正式财报,2026年半年报,24.5,单季同比,21.84,2.66,108980644.71,2026-08-28,4.72,5.75,True,23.0,1.8,91124697.0,58.8,False,35.1,跟踪·仅价格缺口,单季口径|正式财报|跳空高开|缺口未回补|跟踪,,
688733,壹石通,科创板,电池,2026-08-27,正式财报,2026年半年报,167.11,累计同比,102.5,64.61,11312687.52,2026-08-27,0.87,5.4,False,24.0,-8.76,234921387.0,55.1,False,35.0,观察池·仅利润断层,增速加速|正式财报|观察池,公告后无有效跳空,
301275,汉朔科技,创业板,其他电子Ⅱ,2026-08-26,正式财报,2026年半年报,114.64,单季同比,20.68,93.96,154798586.84,2026-08-26,1.08,-3.3,False,25.0,-11.14,300501687.0,115.4,False,35.0,观察池·仅利润断层,增速加速|单季口径|正式财报|观察池,公告后无有效跳空,
300276,三丰智能,创业板,自动化设备,2026-08-27,正式财报,2026年半年报,74.62,单季同比,-311.78,386.4,27957374.439999998,2026-08-28,0.0,0.16,False,23.0,-3.76,126836531.0,74.1,False,35.0,观察池·仅利润断层,增速加速|单季口径|正式财报|观察池,公告后无有效跳空,
688020,方邦股份,科创板,元件,2026-08-28,正式财报,2026年半年报,-38.32,累计同比,-1305.94,1267.62,-15688485.899999999,2026-08-28,-2.3,0.24,False,23.0,2.8,534449269.0,107.6,False,35.0,观察池·仅利润断层,增速加速|正式财报|观察池,公告后无有效跳空,
300204,舒泰神,创业板,化学制药,2026-08-25,正式财报,2026年半年报,-49.25,累计同比,-261.1,211.85,-28335662.07,2026-08-26,-0.8,1.88,False,25.0,-3.36,544927385.0,92.7,False,35.0,观察池·仅利润断层,增速加速|正式财报|观察池,公告后无有效跳空,
600121,郑州煤电,主板,煤炭开采,2026-08-25,正式财报,2026年半年报,-51.33,累计同比,-224.78,173.45,-143391615.39999998,2026-08-25,-0.74,3.21,False,26.0,32.84,581110126.0,65.1,False,35.0,观察池·仅利润断层,增速加速|正式财报|观察池,公告后无有效跳空,
000998,隆平高科,主板,种植业,2026-08-21,正式财报,2026年半年报,-66.41,累计同比,-6145.62,6079.21,-141875715.05,2026-08-24,-0.36,3.83,False,27.0,4.09,562784166.0,113.9,False,35.0,观察池·仅利润断层,增速加速|正式财报|观察池,公告后无有效跳空,
002176,江特电机,主板,电机Ⅱ,2026-08-26,正式财报,2026年半年报,-86.55,累计同比,-316.92,230.37,-33389764.96000001,2026-08-27,-1.57,-0.22,False,24.0,-2.05,725206526.0,146.3,False,35.0,观察池·仅利润断层,增速加速|正式财报|观察池,公告后无有效跳空,
600611,大众交通,主板,铁路公路,2026-08-29,正式财报,2026年半年报,-101.85,单季同比,-360.62,258.77,-2071382.5300000012,2026-09-01,0.63,5.06,False,21.0,-10.06,703269254.0,67.1,False,35.0,观察池·仅利润断层,增速加速|单季口径|正式财报|观察池,公告后无有效跳空,
300164,通源石油,创业板,油服工程,2026-08-22,正式财报,2026年半年报,-131.01,单季同比,-1748.35,1617.34,-11737718.140000002,2026-08-25,-1.05,3.79,False,26.0,-7.56,1304976902.0,50.6,False,35.0,观察池·仅利润断层,增速加速|单季口径|正式财报|观察池,公告后无有效跳空,
300762,上海瀚讯,创业板,军工电子Ⅱ,2026-08-28,正式财报,2026年半年报,-265.39,累计同比,-434.16,168.77,-60432752.18000001,2026-08-31,-0.94,1.64,False,22.0,-13.32,511303965.0,154.1,False,35.0,观察池·仅利润断层,增速加速|正式财报|观察池,公告后无有效跳空,
601519,大智慧,主板,软件开发,2026-08-27,正式财报,2026年半年报,-707.83,累计同比,-1344.05,636.22,1552588.5300000012,2026-08-27,-0.47,4.5,False,24.0,2.98,824403693.0,172.1,False,35.0,观察池·仅利润断层,增速加速|正式财报|观察池,公告后无有效跳空,
300711,广哈通信,创业板,通信设备,2026-08-21,正式财报,2026年半年报,29.72,单季同比,-192.02,221.74,20000314.82,2026-08-24,-0.4,9.04,False,27.0,-3.2,346379280.0,47.4,False,34.9,观察池·仅利润断层,增速加速|单季口径|正式财报|观察池,公告后无有效跳空,
300709,精研科技,创业板,消费电子,2026-08-29,正式财报,2026年半年报,-35.18,单季同比,-184.18,149.0,63686056.73,2026-08-31,-0.02,16.16,False,22.0,-17.27,1616140027.0,51.5,False,34.9,观察池·仅利润断层,增速加速|单季口径|正式财报|观察池,公告后无有效跳空,
300890,翔丰华,创业板,电池,2026-08-26,正式财报,2026年半年报,427.83,单季同比,387.54,40.29,27473330.34,2026-08-26,0.0,4.3,False,25.0,7.04,322704055.0,31.6,True,34.8,观察池·低基数断层,增速加速|单季口径|正式财报|低基数|观察池,低基数：上年同期单季净利仅 521 万元，增速参考性弱|公告后无有效跳空,
002468,申通快递,主板,物流,2026-08-28,正式财报,2026年半年报,165.27,单季同比,94.29,70.98,576280399.45,2026-08-28,-0.21,0.07,False,23.0,4.21,188548635.0,215.5,False,34.8,观察池·仅利润断层,增速加速|单季口径|正式财报|观察池,公告后无有效跳空,
600390,五矿资本,主板,多元金融,2026-08-27,正式财报,2026年半年报,137.24,单季同比,48.0,89.24,790836747.7199999,2026-08-28,-0.39,-0.97,False,23.0,-5.27,210182684.0,218.2,False,34.8,观察池·仅利润断层,增速加速|单季口径|正式财报|观察池,公告后无有效跳空,
300083,创世纪,创业板,自动化设备,2026-08-26,正式财报,2026年半年报,69.66,单季同比,-26.57,96.23,228921924.17,2026-08-26,0.51,-3.12,False,25.0,-16.97,1771106343.0,171.7,False,34.8,观察池·仅利润断层,增速加速|单季口径|正式财报|观察池,公告后无有效跳空,
300852,四会富仕,创业板,元件,2026-08-04,正式财报,2026年半年报,25.03,单季同比,2.71,22.32,58384785.24000001,2026-08-04,0.0,4.13,True,41.0,83.54,465112966.0,109.6,False,34.8,观察池·仅利润断层,增速加速|单季口径|正式财报|缺口未回补|观察池,,
003816,中国广核,主板,电力,2026-08-26,正式财报,2026年半年报,15.06,单季同比,-9.33,24.39,3364347125.8899994,2026-08-26,0.0,4.55,True,25.0,6.82,902172790.0,1663.9,False,34.8,观察池·仅利润断层,增速加速|单季口径|正式财报|缺口未回补|观察池,,
300343,联创股份,创业板,化学制品,2026-08-15,正式财报,2026年半年报,202.53,单季同比,62.2,140.33,20217598.119999997,2026-08-17,1.33,0.66,False,32.0,-15.71,132347815.0,54.9,True,34.6,观察池·低基数断层,增速加速|单季口径|正式财报|低基数|观察池,低基数：上年同期单季净利仅 668 万元，增速参考性弱|公告后无有效跳空,
600810,神马股份,主板,化学纤维,2026-08-28,正式财报,2026年半年报,149.14,累计同比,57.27,91.87,94304659.49000001,2026-08-28,0.46,1.37,False,23.0,-4.55,120827343.0,67.9,False,34.6,观察池·仅利润断层,增速加速|正式财报|观察池,公告后无有效跳空,
002556,辉隆股份,主板,农业综合Ⅱ,2026-08-13,正式财报,2026年半年报,103.12,单季同比,-34.54,137.66,59001771.2,2026-08-14,0.0,0.8,False,33.0,1.81,48001201.0,47.3,False,34.6,观察池·仅利润断层,增速加速|单季口径|正式财报|观察池,公告后无有效跳空,
300587,天铁科技,创业板,橡胶,2026-08-29,正式财报,2026年半年报,147.17,累计同比,76.58,70.59,14113428.280000001,2026-08-31,1.24,4.15,False,22.0,-9.02,263315058.0,46.7,False,34.4,观察池·仅利润断层,增速加速|正式财报|观察池,公告后无有效跳空,
600584,长电科技,主板,半导体,2026-08-21,正式财报,2026年半年报,107.3,单季同比,42.74,64.56,554371504.3699999,2026-08-24,-0.01,-6.07,False,27.0,-18.18,8343892121.0,1150.2,False,34.3,观察池·仅利润断层,增速加速|单季口径|正式财报|观察池,公告后无有效跳空,
300686,智动力,创业板,消费电子,2026-08-22,正式财报,2026年半年报,61.92,累计同比,-116.3,178.22,35922792.599999994,2026-08-24,0.07,-3.0,False,27.0,-2.59,157626068.0,37.0,False,34.3,观察池·仅利润断层,增速加速|正式财报|观察池,公告后无有效跳空,
301068,大地海洋,创业板,环境治理,2026-08-26,正式财报,2026年半年报,179.93,累计同比,65.32,114.61,17689537.700000003,2026-08-26,1.41,-0.14,False,25.0,-18.72,43279732.0,23.5,False,34.1,观察池·仅利润断层,增速加速|正式财报|观察池,公告后无有效跳空|流通市值 < 30 亿元,
002025,航天电器,主板,军工电子Ⅱ,2026-08-29,正式财报,2026年半年报,88.98,单季同比,12.18,76.8,75844999.75,2026-09-01,-0.03,1.97,False,21.0,2.32,1173984916.0,304.1,False,34.1,观察池·仅利润断层,增速加速|单季口径|正式财报|观察池,公告后无有效跳空,
000027,深圳能源,主板,电力,2026-08-26,正式财报,2026年半年报,84.95,单季同比,-7.56,92.51,653380405.99,2026-08-26,0.65,3.89,False,25.0,1.13,413066766.0,298.8,False,34.1,观察池·仅利润断层,增速加速|单季口径|正式财报|观察池,公告后无有效跳空,
002597,金禾实业,主板,化学制品,2026-08-29,正式财报,2026年半年报,73.06,单季同比,-60.35,133.41,159733881.01,2026-08-31,0.29,1.92,False,22.0,1.48,200183687.0,120.2,False,34.1,观察池·仅利润断层,增速加速|单季口径|正式财报|观察池,公告后无有效跳空,
002786,银宝山新,主板,专用设备,2026-08-29,正式财报,2026年半年报,226.46,累计同比,188.41,38.05,19521954.31,2026-09-01,-0.49,-0.37,False,21.0,-6.67,55837464.0,37.2,False,33.8,观察池·仅利润断层,增速加速|正式财报|观察池,公告后无有效跳空,
601555,东吴证券,主板,证券Ⅱ,2026-08-31,正式财报,2026年半年报,70.12,单季同比,-18.22,88.34,1619359663.44,2026-08-31,1.72,4.17,False,22.0,-2.05,964579224.0,404.0,False,33.8,观察池·仅利润断层,增速加速|单季口径|正式财报|观察池,公告后无有效跳空,
688225,亚信安全,科创板,软件开发,2026-08-25,正式财报,2026年半年报,28.31,累计同比,18.11,10.2,-69129572.41,2026-08-26,3.91,0.67,True,25.0,25.6,47868938.0,62.8,False,33.8,跟踪·仅价格缺口,正式财报|跳空高开|缺口未回补|跟踪,,
688206,概伦电子,科创板,软件开发,2026-08-27,正式财报,2026年半年报,-87.55,单季同比,-917.21,829.66,5560158.0600000005,2026-08-27,-0.71,3.45,False,24.0,-18.24,433212384.0,149.9,False,33.7,观察池·仅利润断层,增速加速|单季口径|正式财报|观察池,公告后无有效跳空,
688623,双元科技,科创板,自动化设备,2026-08-15,正式财报,2026年半年报,124.27,单季同比,-26.49,150.76,25075728.369999997,2026-08-18,-0.53,-1.32,False,31.0,1.5,56248072.0,22.5,False,33.6,观察池·仅利润断层,增速加速|单季口径|正式财报|观察池,公告后无有效跳空|流通市值 < 30 亿元,
688336,三生国健,科创板,生物制品,2026-08-21,正式财报,2026年半年报,121.14,单季同比,73.0,48.14,193205800.0,2026-08-24,0.02,-8.81,False,27.0,-13.07,577138728.0,371.3,False,33.5,观察池·仅利润断层,增速加速|单季口径|正式财报|观察池,公告后无有效跳空,
688286,敏芯股份,科创板,半导体,2026-08-15,正式财报,2026年半年报,-145.9,单季同比,-463.72,317.82,-10254454.830000002,2026-08-18,-0.49,-4.12,False,31.0,-2.47,424975706.0,40.2,False,33.5,观察池·仅利润断层,增速加速|单季口径|正式财报|观察池,公告后无有效跳空,
600483,福能股份,主板,电力,2026-08-22,正式财报,2026年半年报,15.99,单季同比,-13.57,29.56,678442597.28,2026-08-24,0.97,5.45,True,27.0,6.27,394517915.0,306.4,False,33.4,观察池·仅利润断层,增速加速|单季口径|正式财报|缺口未回补|观察池,,
300433,蓝思科技,创业板,消费电子,2026-08-22,正式财报,2026年半年报,1.77,单季同比,-134.88,136.65,726413419.51,2026-08-24,0.32,2.04,False,27.0,-13.4,4572098933.0,1599.9,False,33.4,观察池·仅利润断层,增速加速|单季口径|正式财报|观察池,公告后无有效跳空,
688231,隆达股份,科创板,金属新材料,2026-08-26,正式财报,2026年半年报,143.74,单季同比,66.7,77.04,59725703.879999995,2026-08-27,0.98,5.91,False,24.0,8.41,184708270.0,100.1,False,33.3,观察池·仅利润断层,增速加速|单季口径|正式财报|观察池,公告后无有效跳空,
601666,平煤股份,主板,煤炭开采,2026-08-25,正式财报,2026年半年报,85.33,单季同比,-20.85,106.18,196635918.14999998,2026-08-26,-0.63,1.78,False,25.0,-7.16,281390746.0,217.8,False,33.3,观察池·仅利润断层,增速加速|单季口径|正式财报|观察池,公告后无有效跳空,
300560,中富通,创业板,通信服务,2026-08-29,正式财报,2026年半年报,196.82,单季同比,5.38,191.44,6864110.24,2026-09-01,-0.05,2.09,False,21.0,-15.49,274117711.0,28.8,True,33.2,观察池·低基数断层,增速加速|单季口径|正式财报|低基数|观察池,低基数：上年同期单季净利仅 231 万元，增速参考性弱|公告后无有效跳空|流通市值 < 30 亿元,
300933,中辰股份,创业板,电网设备,2026-08-27,正式财报,2026年半年报,186.55,单季同比,10.86,175.69,9133361.69,2026-08-27,0.0,-0.75,False,24.0,-1.65,74963629.0,35.9,True,33.2,观察池·低基数断层,增速加速|单季口径|正式财报|低基数|观察池,低基数：上年同期单季净利仅 319 万元，增速参考性弱|公告后无有效跳空,
601002,晋亿实业,主板,通用设备,2026-08-27,正式财报,2026年半年报,126.61,单季同比,25.11,101.5,135459012.98,2026-08-27,0.94,-1.31,False,24.0,-2.23,100273222.0,50.2,False,33.2,观察池·仅利润断层,增速加速|单季口径|正式财报|观察池,公告后无有效跳空,
300542,新晨科技,创业板,软件开发,2026-08-29,正式财报,2026年半年报,26.17,累计同比,-177.25,203.42,7775047.27,2026-09-01,-0.23,4.52,False,21.0,-4.69,278434130.0,30.7,False,33.2,观察池·仅利润断层,增速加速|正式财报|观察池,公告后无有效跳空,
601336,新华保险,主板,保险Ⅱ,2026-08-27,正式财报,2026年半年报,82.71,单季同比,10.5,72.21,16292000000.0,2026-08-28,-0.46,-1.3,False,23.0,-6.57,1148901469.0,1175.1,False,32.9,观察池·仅利润断层,增速加速|单季口径|正式财报|观察池,公告后无有效跳空,
603261,立航科技,主板,航空装备Ⅱ,2026-08-25,正式财报,2026年半年报,48.77,累计同比,-146.22,194.99,-10693234.64,2026-08-26,0.3,6.78,False,25.0,-5.62,148241213.0,36.7,False,32.8,观察池·仅利润断层,增速加速|正式财报|观察池,公告后无有效跳空,
300682,朗新科技,创业板,IT服务Ⅱ,2026-08-17,正式财报,2026年半年报,-617.56,单季同比,-1574.78,957.22,-130771764.29999998,2026-08-18,-0.39,-3.53,False,31.0,-14.67,389869839.0,89.6,False,32.8,观察池·仅利润断层,增速加速|单季口径|正式财报|观察池,公告后无有效跳空,
002266,浙富控股,主板,环境治理,2026-08-29,正式财报,2026年半年报,155.09,单季同比,122.4,32.69,753408650.5899999,2026-09-01,-0.2,0.0,False,21.0,-5.12,389662936.0,224.2,False,32.7,观察池·仅利润断层,增速加速|单季口径|正式财报|观察池,公告后无有效跳空,
000636,风华高科,主板,元件,2026-08-28,正式财报,2026年半年报,97.29,单季同比,37.14,60.15,201741039.85999998,2026-08-28,1.64,2.48,False,23.0,-9.8,9086726733.0,569.3,False,32.7,观察池·仅利润断层,增速加速|单季口径|正式财报|观察池,公告后无有效跳空,
002979,雷赛智能,主板,自动化设备,2026-08-27,正式财报,2026年半年报,92.49,单季同比,29.2,63.29,121505434.34,2026-08-27,1.32,1.65,False,24.0,-6.34,516210907.0,117.6,False,32.7,观察池·仅利润断层,增速加速|单季口径|正式财报|观察池,公告后无有效跳空,
600255,鑫科材料,主板,金属新材料,2026-08-11,正式财报,2026年半年报,142.19,单季同比,84.28,57.91,26151043.529999997,2026-08-11,-0.29,-2.61,False,36.0,-2.62,283906686.0,60.5,False,32.6,观察池·仅利润断层,增速加速|单季口径|正式财报|观察池,公告后无有效跳空,
600653,申华控股,主板,汽车服务,2026-08-27,正式财报,2026年半年报,68.68,累计同比,-86.21,154.89,3673474.290000003,2026-08-27,0.0,0.0,False,24.0,-2.89,35110657.0,32.7,False,32.6,观察池·仅利润断层,增速加速|正式财报|观察池,公告后无有效跳空,
603486,科沃斯,主板,小家电,2026-08-22,正式财报,2026年半年报,67.02,单季同比,-14.73,81.75,843076664.02,2026-08-25,-2.05,2.11,False,26.0,-7.47,719231824.0,286.7,False,32.6,观察池·仅利润断层,增速加速|单季口径|正式财报|观察池,公告后无有效跳空,
000060,中金岭南,主板,工业金属,2026-08-28,正式财报,2026年半年报,123.36,单季同比,84.45,38.91,638408462.9000001,2026-08-28,0.0,1.32,False,23.0,-14.62,1131507166.0,259.4,False,32.5,观察池·仅利润断层,增速加速|单季口径|正式财报|观察池,公告后无有效跳空,
300748,金力永磁,创业板,金属新材料,2026-08-21,正式财报,2026年半年报,86.57,单季同比,20.09,66.48,269462073.13,2026-08-24,1.52,0.51,False,27.0,-13.86,766159464.0,272.9,False,32.5,观察池·仅利润断层,增速加速|单季口径|正式财报|观察池,公告后无有效跳空,
002335,科华数据,主板,其他电源设备Ⅱ,2026-08-28,正式财报,2026年半年报,82.25,单季同比,13.15,69.1,318197718.90999997,2026-08-28,1.3,-0.68,False,23.0,-4.16,587817136.0,197.6,False,32.4,观察池·仅利润断层,增速加速|单季口径|正式财报|观察池,公告后无有效跳空,
002422,科伦药业,主板,化学制药,2026-08-27,正式财报,2026年半年报,61.89,单季同比,-22.34,84.23,674067552.0,2026-08-28,-0.66,-1.25,False,23.0,-2.74,721007478.0,530.5,False,32.4,观察池·仅利润断层,增速加速|单季口径|正式财报|观察池,公告后无有效跳空,
300691,联合光电,创业板,计算机设备,2026-08-28,正式财报,2026年半年报,210.96,单季同比,83.89,127.07,11689352.54,2026-08-28,0.07,-1.97,False,23.0,34.93,63186582.0,45.4,True,32.3,观察池·低基数断层,增速加速|单季口径|正式财报|低基数|观察池,低基数：上年同期单季净利仅 376 万元，增速参考性弱|公告后无有效跳空,
002685,华东重机,主板,工程机械,2026-08-25,正式财报,2026年半年报,137.31,累计同比,57.52,79.79,7934160.990000002,2026-08-26,0.72,0.54,False,25.0,-7.01,145119106.0,52.1,False,32.3,观察池·仅利润断层,增速加速|正式财报|观察池,公告后无有效跳空,
300958,建工修复,创业板,环境治理,2026-08-21,正式财报,2026年半年报,105.76,累计同比,-178.31,284.07,23045905.400000002,2026-08-21,0.42,3.92,False,28.0,3.07,82378426.0,11.3,False,32.2,观察池·仅利润断层,增速加速|正式财报|观察池,公告后无有效跳空|流通市值 < 30 亿元,
688656,浩欧博,科创板,医疗器械,2026-08-18,正式财报,2026年半年报,56.7,单季同比,-89.18,145.88,16500105.72,2026-08-18,1.19,7.91,False,31.0,38.8,106049326.0,83.7,False,32.2,观察池·仅利润断层,增速加速|单季口径|正式财报|观察池,公告后无有效跳空,
300053,航宇微,创业板,半导体,2026-08-24,正式财报,2026年半年报,35.67,累计同比,-1611.48,1647.15,-21520168.250000004,2026-08-24,0.42,-3.53,False,27.0,-3.18,179870426.0,76.6,False,32.2,观察池·仅利润断层,增速加速|正式财报|观察池,公告后无有效跳空,
002838,道恩股份,主板,塑料,2026-08-26,正式财报,2026年半年报,196.44,单季同比,168.92,27.52,117865128.80000001,2026-08-27,0.98,3.77,False,24.0,-0.37,189048714.0,103.3,False,32.1,观察池·仅利润断层,增速加速|单季口径|正式财报|观察池,公告后无有效跳空,
002693,双成药业,主板,化学制药,2026-08-22,正式财报,2026年半年报,173.8,累计同比,134.34,39.46,10179576.3,2026-08-24,0.11,-5.42,False,27.0,-2.12,221461935.0,37.9,False,32.1,观察池·仅利润断层,增速加速|正式财报|观察池,公告后无有效跳空,
601512,中新集团,主板,房地产开发,2026-08-26,正式财报,2026年半年报,17.76,单季同比,-54.11,71.87,391962978.96,2026-08-26,0.39,1.94,True,25.0,8.74,31036647.0,126.8,False,32.0,观察池·仅利润断层,增速加速|单季口径|正式财报|缺口未回补|观察池,,
000710,贝瑞基因,主板,医疗服务,2026-08-24,正式财报,2026年半年报,-61.32,累计同比,-205.44,144.12,-24209721.949999996,2026-08-25,-0.93,-1.96,False,26.0,13.11,385953411.0,36.5,False,31.9,观察池·仅利润断层,增速加速|正式财报|观察池,公告后无有效跳空,
688125,安达智能,科创板,自动化设备,2026-08-28,正式财报,2026年半年报,69.17,累计同比,-54.95,124.12,13247827.650000002,2026-08-28,-0.01,-1.83,False,23.0,-10.07,160278414.0,93.8,False,31.7,观察池·仅利润断层,增速加速|正式财报|观察池,公告后无有效跳空,
002476,新叶股份,主板,炼化及贸易,2026-08-28,正式财报,2026年半年报,227.72,单季同比,-9.46,237.18,7906569.480000002,2026-08-28,0.6,1.59,False,23.0,-4.93,40244630.0,29.5,True,31.6,观察池·低基数断层,增速加速|单季口径|正式财报|低基数|观察池,低基数：上年同期单季净利仅 241 万元，增速参考性弱|公告后无有效跳空|流通市值 < 30 亿元,
601798,蓝科高新,主板,专用设备,2026-08-28,正式财报,2026年半年报,181.73,单季同比,89.69,92.04,40743716.18,2026-08-28,0.0,-0.13,False,23.0,-2.04,57905088.0,27.2,False,31.6,观察池·仅利润断层,增速加速|单季口径|正式财报|观察池,公告后无有效跳空|流通市值 < 30 亿元,
688663,新风光,科创板,电网设备,2026-08-27,正式财报,2026年半年报,47.27,单季同比,-85.1,132.37,47233947.54,2026-08-27,0.28,0.24,False,24.0,5.52,210894412.0,112.4,False,31.6,观察池·仅利润断层,增速加速|单季口径|正式财报|观察池,公告后无有效跳空,
603855,华荣股份,主板,专用设备,2026-08-27,正式财报,2026年半年报,13.1,单季同比,-18.72,31.82,92472574.56000002,2026-08-27,2.25,1.75,True,24.0,2.75,47364276.0,56.4,False,31.5,核心池·双断层,增速加速|单季口径|正式财报|跳空高开|缺口未回补|核心池,,
605007,五洲特纸,主板,造纸,2026-08-08,正式财报,2026年半年报,128.86,单季同比,53.78,75.08,130435814.47,2026-08-10,0.7,6.14,False,37.0,-9.62,173492381.0,68.2,False,31.4,观察池·仅利润断层,增速加速|单季口径|正式财报|观察池,公告后无有效跳空,
300235,方直科技,创业板,软件开发,2026-08-25,正式财报,2026年半年报,92.3,累计同比,-68.27,160.57,3706521.9899999998,2026-08-25,0.85,4.15,False,26.0,8.5,106382021.0,23.8,False,31.4,观察池·仅利润断层,增速加速|正式财报|观察池,公告后无有效跳空|流通市值 < 30 亿元,
603296,华勤技术,主板,消费电子,2026-08-26,正式财报,2026年半年报,85.2,单季同比,25.96,59.24,1939038178.56,2026-08-26,1.19,2.92,False,25.0,-1.84,1613953326.0,594.9,False,31.4,观察池·仅利润断层,增速加速|单季口径|正式财报|观察池,公告后无有效跳空,
300179,四方达,创业板,通用设备,2026-08-26,正式财报,2026年半年报,84.98,单季同比,25.66,59.32,35250820.089999996,2026-08-27,0.17,8.08,False,24.0,12.76,1642470493.0,147.1,False,31.4,观察池·仅利润断层,增速加速|单季口径|正式财报|观察池,公告后无有效跳空,
000532,华金资本,主板,多元金融,2026-08-21,正式财报,2026年半年报,43.76,累计同比,-114.58,158.34,57553957.76,2026-08-21,1.9,-0.54,False,28.0,8.98,103442878.0,42.1,False,31.4,观察池·仅利润断层,增速加速|正式财报|观察池,公告后无有效跳空,
688276,百克生物,科创板,生物制品,2026-08-21,正式财报,2026年半年报,29.19,累计同比,-426.43,455.62,-48625972.81999999,2026-08-24,0.0,-6.57,False,27.0,3.4,172352549.0,74.3,False,31.4,观察池·仅利润断层,增速加速|正式财报|观察池,公告后无有效跳空,
603889,新澳股份,主板,纺织制造,2026-08-26,正式财报,2026年半年报,21.2,单季同比,18.62,2.58,205340978.74,2026-08-26,2.1,5.07,True,25.0,3.6,211884730.0,57.0,False,31.4,跟踪·仅价格缺口,单季口径|正式财报|跳空高开|缺口未回补|跟踪,,
300375,鹏翎股份,创业板,汽车零部件,2026-08-28,正式财报,2026年半年报,215.11,单季同比,-83.66,298.77,13456862.88,2026-08-28,0.0,2.18,False,23.0,-0.97,89895819.0,21.8,True,31.3,观察池·低基数断层,增速加速|单季口径|正式财报|低基数|观察池,低基数：上年同期单季净利仅 427 万元，增速参考性弱|公告后无有效跳空|流通市值 < 30 亿元,
300575,中旗股份,创业板,农化制品,2026-08-18,正式财报,2026年半年报,181.57,累计同比,101.97,79.6,48709234.989999995,2026-08-19,-0.67,-1.33,False,30.0,2.52,126528284.0,21.2,False,31.3,观察池·仅利润断层,增速加速|正式财报|观察池,公告后无有效跳空|流通市值 < 30 亿元,
603282,亚光股份,主板,环保设备Ⅱ,2026-08-28,正式财报,2026年半年报,97.4,单季同比,-112.29,209.69,29168259.259999998,2026-08-31,0.0,6.07,False,22.0,3.7,78901810.0,22.9,False,31.3,观察池·仅利润断层,增速加速|单季口径|正式财报|观察池,公告后无有效跳空|流通市值 < 30 亿元,
301183,东田微,创业板,光学光电子,2026-08-18,正式财报,2026年半年报,92.55,单季同比,39.64,52.91,58893770.08,2026-08-18,0.53,0.85,False,31.0,27.57,1027743184.0,162.4,False,31.3,观察池·仅利润断层,增速加速|单季口径|正式财报|观察池,公告后无有效跳空,
000758,中色股份,主板,工业金属,2026-08-28,正式财报,2026年半年报,78.87,单季同比,4.94,73.93,345148329.71000004,2026-08-28,0.0,3.16,False,23.0,-9.49,428957733.0,113.4,False,31.3,观察池·仅利润断层,增速加速|单季口径|正式财报|观察池,公告后无有效跳空,
688061,灿瑞科技,科创板,半导体,2026-08-26,正式财报,2026年半年报,10.31,累计同比,-55.73,66.04,-3060984.6900000013,2026-08-27,0.68,5.44,True,24.0,14.54,74685671.0,48.7,False,31.3,观察池·仅利润断层,增速加速|正式财报|缺口未回补|观察池,,
603408,建霖家居,主板,家居用品,2026-08-22,正式财报,2026年半年报,-2.84,单季同比,-23.56,20.72,111600565.63,2026-08-24,3.01,4.66,True,27.0,9.34,91051965.0,51.9,False,31.3,核心池·双断层,增速加速|单季口径|正式财报|跳空高开|缺口未回补|核心池,,
000856,冀东装备,主板,专用设备,2026-08-22,正式财报,2026年半年报,84.11,单季同比,-11547.72,11631.83,20152477.52,2026-08-24,-0.82,-2.58,False,27.0,4.96,133713142.0,20.2,False,31.1,观察池·仅利润断层,增速加速|单季口径|正式财报|观察池,公告后无有效跳空|流通市值 < 30 亿元,
600782,新钢股份,主板,普钢,2026-08-27,正式财报,2026年半年报,27.55,单季同比,-5959.09,5986.64,124075037.34000003,2026-08-28,0.0,1.4,False,23.0,-5.59,166098165.0,84.9,False,31.1,观察池·仅利润断层,增速加速|单季口径|正式财报|观察池,公告后无有效跳空,
300327,中颖电子,创业板,半导体,2026-08-26,正式财报,2026年半年报,98.05,单季同比,31.66,66.39,50510623.11,2026-08-26,1.58,2.86,False,25.0,7.23,368109920.0,83.9,False,31.0,观察池·仅利润断层,增速加速|单季口径|正式财报|观察池,公告后无有效跳空,
300688,创业黑马,创业板,教育,2026-08-29,正式财报,2026年半年报,9.17,累计同比,-520.85,530.02,-6110842.21,2026-09-01,0.1,0.99,False,21.0,5.93,254318660.0,49.3,False,31.0,观察池·仅利润断层,增速加速|正式财报|观察池,公告后无有效跳空,
002036,联创电子,主板,光学光电子,2026-08-20,正式财报,2026年半年报,-1353.67,单季同比,-3066.81,1713.14,-261156873.39999998,2026-08-20,0.0,1.37,False,29.0,-9.13,302134001.0,63.0,False,31.0,观察池·仅利润断层,增速加速|单季口径|正式财报|观察池,公告后无有效跳空,
601500,通用股份,主板,汽车零部件,2026-08-28,正式财报,2026年半年报,114.84,累计同比,23.24,91.6,11582001.489999995,2026-08-28,0.25,1.52,False,23.0,-2.53,107634528.0,61.1,False,30.9,观察池·仅利润断层,增速加速|正式财报|观察池,公告后无有效跳空,
600684,珠江股份,主板,房地产服务,2026-08-27,正式财报,2026年半年报,44.58,单季同比,-218.25,262.83,20223597.03,2026-08-28,0.54,0.8,False,23.0,-2.93,65589431.0,31.1,False,30.8,观察池·仅利润断层,增速加速|单季口径|正式财报|观察池,公告后无有效跳空,
600722,金牛化工,主板,化学原料,2026-08-27,正式财报,2026年半年报,65.84,单季同比,-2.71,68.55,22052491.489999995,2026-08-28,-0.94,10.01,False,23.0,7.05,2059541721.0,100.1,False,30.7,观察池·仅利润断层,增速加速|单季口径|正式财报|观察池,公告后无有效跳空,
603678,火炬电子,主板,军工电子Ⅱ,2026-08-22,正式财报,2026年半年报,31.21,单季同比,-62.82,94.03,202840442.14,2026-08-25,-0.34,-2.53,False,26.0,-8.27,703553318.0,203.2,False,30.7,观察池·仅利润断层,增速加速|单季口径|正式财报|观察池,公告后无有效跳空,
300369,绿盟科技,创业板,软件开发,2026-08-26,正式财报,2026年半年报,24.77,累计同比,3.62,21.15,-30841155.439999998,2026-08-27,1.02,2.05,True,24.0,34.2,271090843.0,74.8,False,30.7,观察池·仅利润断层,增速加速|正式财报|缺口未回补|观察池,,
002724,海洋王,主板,照明设备Ⅱ,2026-08-22,正式财报,2026年半年报,-33.99,单季同比,-318.19,284.2,52355329.11,2026-08-25,0.16,5.01,False,26.0,9.06,284605124.0,39.5,False,30.7,观察池·仅利润断层,增速加速|单季口径|正式财报|观察池,公告后无有效跳空,
688362,甬矽电子,科创板,半导体,2026-08-26,正式财报,2026年半年报,123.08,单季同比,8.15,114.93,12753157.650000002,2026-08-27,1.66,4.3,False,24.0,-13.28,1391608186.0,245.6,True,30.6,观察池·低基数断层,增速加速|单季口径|正式财报|低基数|观察池,低基数：上年同期单季净利仅 572 万元，增速参考性弱|公告后无有效跳空,
600763,通策医疗,主板,医疗服务,2026-08-15,正式财报,2026年半年报,68.02,单季同比,1.66,66.36,271536606.22,2026-08-17,0.11,-1.2,False,32.0,-9.24,633822415.0,151.4,False,30.6,观察池·仅利润断层,增速加速|单季口径|正式财报|观察池,公告后无有效跳空,
002030,达安基因,主板,医疗器械,2026-08-29,正式财报,2026年半年报,33.91,累计同比,-285.46,319.37,-22231252.230000004,2026-09-01,-0.18,1.47,False,21.0,5.5,110941439.0,80.7,False,30.6,观察池·仅利润断层,增速加速|正式财报|观察池,公告后无有效跳空,
603235,天新药业,主板,化学制品,2026-08-29,正式财报,2026年半年报,25.37,单季同比,-32.74,58.11,172321193.92999998,2026-08-31,0.56,2.11,True,22.0,11.04,17558018.0,113.6,False,30.6,观察池·仅利润断层,增速加速|单季口径|正式财报|缺口未回补|观察池,,
002441,众业达,主板,电网设备,2026-08-27,正式财报,2026年半年报,100.13,单季同比,-3.53,103.66,62044380.61,2026-08-27,1.61,2.24,False,24.0,0.86,84202183.0,32.9,False,30.5,观察池·仅利润断层,增速加速|单季口径|正式财报|观察池,公告后无有效跳空,
603637,镇海股份,主板,专业工程,2026-08-21,正式财报,2026年半年报,14.01,单季同比,-131.77,145.78,22834501.62,2026-08-21,0.14,-7.25,False,28.0,-1.49,230363166.0,33.1,False,30.4,观察池·仅利润断层,增速加速|单季口径|正式财报|观察池,公告后无有效跳空,
601038,一拖股份,主板,专用设备,2026-08-26,正式财报,2026年半年报,-8.25,单季同比,6.23,-14.48,219775624.88,2026-08-26,2.07,9.98,True,25.0,3.08,289921066.0,100.3,False,30.4,跟踪·仅价格缺口,单季口径|正式财报|跳空高开|缺口未回补|跟踪,,
300530,领湃科技,创业板,电池,2026-08-29,正式财报,2026年半年报,75.73,累计同比,-19.72,95.45,14753803.680000003,2026-09-01,-0.68,11.14,False,21.0,6.19,252228723.0,34.5,False,30.3,观察池·仅利润断层,增速加速|正式财报|观察池,公告后无有效跳空,
002955,鸿合科技,主板,光学光电子,2026-08-26,正式财报,2026年半年报,23.14,单季同比,-723.86,747.0,47826335.14,2026-08-27,0.77,0.74,False,24.0,4.21,147849555.0,72.9,False,30.3,观察池·仅利润断层,增速加速|单季口径|正式财报|观察池,公告后无有效跳空,
002164,宁波东力,主板,通用设备,2026-08-18,正式财报,2026年半年报,113.75,单季同比,37.4,76.35,31478981.110000003,2026-08-18,-0.33,-0.42,False,31.0,10.87,184166512.0,63.6,False,30.2,观察池·仅利润断层,增速加速|单季口径|正式财报|观察池,公告后无有效跳空,
002583,海能达,主板,通信设备,2026-08-25,正式财报,2026年半年报,10.87,单季同比,-214.53,225.4,73674182.03999999,2026-08-26,0.12,1.08,False,25.0,-3.7,204684730.0,103.5,False,30.2,观察池·仅利润断层,增速加速|单季口径|正式财报|观察池,公告后无有效跳空,
600803,新奥股份,主板,燃气Ⅱ,2026-08-29,正式财报,2026年半年报,0.11,单季同比,-32.92,33.03,1432760000.0,2026-08-31,1.39,1.5,True,22.0,5.09,289785386.0,589.8,False,30.2,观察池·仅利润断层,增速加速|单季口径|正式财报|缺口未回补|观察池,,
603657,春光科技,主板,家电零部件Ⅱ,2026-08-29,正式财报,2026年半年报,-1086.62,单季同比,-1316.16,229.54,-44073569.14,2026-08-31,-0.5,3.82,True,22.0,64.86,110335043.0,53.4,True,30.2,观察池·低基数断层,增速加速|单季口径|正式财报|低基数|缺口未回补|观察池,低基数：上年同期单季净利仅 447 万元，增速参考性弱,
002083,孚日股份,主板,纺织制造,2026-08-18,正式财报,2026年半年报,88.25,单季同比,41.52,46.73,222613794.29999998,2026-08-18,-1.16,-6.15,False,31.0,-19.33,746014026.0,90.8,False,30.1,观察池·仅利润断层,增速加速|单季口径|正式财报|观察池,公告后无有效跳空,
300766,每日互动,创业板,软件开发,2026-08-29,正式财报,2026年半年报,66.03,累计同比,2.67,63.36,5258655.469999999,2026-09-01,0.36,2.73,False,21.0,-3.99,598100917.0,75.8,False,30.1,观察池·仅利润断层,增速加速|正式财报|观察池,公告后无有效跳空,
688726,拉普拉斯,科创板,光伏设备,2026-08-25,正式财报,2026年半年报,35.06,单季同比,-52.23,87.29,195866840.60000002,2026-08-25,1.0,-1.77,False,26.0,-6.25,615721104.0,97.9,False,30.1,观察池·仅利润断层,增速加速|单季口径|正式财报|观察池,公告后无有效跳空,
300806,斯迪克,创业板,塑料,2026-08-27,正式财报,2026年半年报,97.49,单季同比,57.96,39.53,30783779.060000002,2026-08-28,1.69,-5.05,False,23.0,-8.54,1458007044.0,218.7,False,30.0,观察池·仅利润断层,增速加速|单季口径|正式财报|观察池,公告后无有效跳空,
000890,法尔胜,主板,环保设备Ⅱ,2026-08-29,正式财报,2026年半年报,-80.93,累计同比,-1123.53,1042.6,-18016110.85,2026-09-01,-1.0,1.44,False,21.0,-22.15,1064742699.0,29.2,False,30.0,观察池·仅利润断层,增速加速|正式财报|观察池,公告后无有效跳空|流通市值 < 30 亿元,
300615,欣天科技,创业板,通信设备,2026-08-25,正式财报,2026年半年报,-181.12,单季同比,-789.84,608.72,-12236848.059999995,2026-08-25,-0.06,-4.58,False,26.0,-23.65,590706702.0,19.6,False,30.0,观察池·仅利润断层,增速加速|单季口径|正式财报|观察池,公告后无有效跳空|流通市值 < 30 亿元,
688568,中科星图,科创板,IT服务Ⅱ,2026-08-26,正式财报,2026年半年报,-396.29,单季同比,-816.31,420.02,-169850681.29000002,2026-08-27,-0.33,3.27,False,24.0,-4.3,248593553.0,235.9,False,30.0,观察池·仅利润断层,增速加速|单季口径|正式财报|观察池,公告后无有效跳空,
301248,杰创智能,创业板,IT服务Ⅱ,2026-08-26,正式财报,2026年半年报,115.23,单季同比,-204.34,319.57,10963991.12,2026-08-26,1.39,-1.96,False,25.0,-13.3,268740660.0,59.6,True,29.9,观察池·低基数断层,增速加速|单季口径|正式财报|低基数|观察池,低基数：上年同期单季净利仅 509 万元，增速参考性弱|公告后无有效跳空,
002985,北摩高科,主板,航空装备Ⅱ,2026-08-26,正式财报,2026年半年报,22.54,单季同比,24.98,-2.44,33307631.86999999,2026-08-26,2.11,2.43,True,25.0,0.23,148289833.0,86.6,False,29.9,跟踪·仅价格缺口,单季口径|正式财报|跳空高开|缺口未回补|跟踪,,
000850,华茂股份,主板,纺织制造,2026-08-25,正式财报,2026年半年报,33.73,单季同比,-383.4,417.13,183646632.61,2026-08-25,0.71,4.5,False,26.0,-1.88,72894073.0,39.3,False,29.8,观察池·仅利润断层,增速加速|单季口径|正式财报|观察池,公告后无有效跳空,
002149,西部材料,主板,小金属,2026-08-25,正式财报,2026年半年报,22.71,单季同比,-71.4,94.11,35594197.54000001,2026-08-26,-0.28,-0.96,False,25.0,-14.36,577611429.0,151.3,False,29.8,观察池·仅利润断层,增速加速|单季口径|正式财报|观察池,公告后无有效跳空,
603088,宁波精达,主板,通用设备,2026-08-28,正式财报,2026年半年报,46.26,单季同比,-77.94,124.2,41942269.88,2026-08-28,1.07,-0.49,False,23.0,-4.81,175173333.0,43.3,False,29.7,观察池·仅利润断层,增速加速|单季口径|正式财报|观察池,公告后无有效跳空,
301365,矩阵股份,创业板,工程咨询服务Ⅱ,2026-08-25,正式财报,2026年半年报,16.49,单季同比,-502.94,519.43,42679849.95,2026-08-25,1.42,2.77,False,26.0,-14.19,150173176.0,41.4,False,29.7,观察池·仅利润断层,增速加速|单季口径|正式财报|观察池,公告后无有效跳空,
300461,田中精机,创业板,自动化设备,2026-08-26,正式财报,2026年半年报,9.44,累计同比,-138.93,148.37,2357076.9299999997,2026-08-27,1.16,5.5,False,24.0,18.68,196582525.0,54.0,False,29.7,观察池·仅利润断层,增速加速|正式财报|观察池,公告后无有效跳空,
603313,梦百合,主板,家居用品,2026-08-29,正式财报,2026年半年报,-22.25,单季同比,-164.91,142.66,43411041.739999995,2026-09-01,0.0,-1.48,False,21.0,-7.86,282868943.0,35.4,False,29.7,观察池·仅利润断层,增速加速|单季口径|正式财报|观察池,公告后无有效跳空,
688531,日联科技,科创板,专用设备,2026-08-15,正式财报,2026年半年报,76.7,单季同比,24.98,51.72,83869537.56,2026-08-18,1.54,2.16,False,31.0,-16.59,770893746.0,206.3,False,29.6,观察池·仅利润断层,增速加速|单季口径|正式财报|观察池,公告后无有效跳空,
300664,鹏鹞环保,创业板,环境治理,2026-08-27,正式财报,2026年半年报,74.52,单季同比,-45.8,120.32,89317273.96,2026-08-27,1.28,0.0,False,24.0,-2.74,56591530.0,33.5,False,29.6,观察池·仅利润断层,增速加速|单季口径|正式财报|观察池,公告后无有效跳空,
300843,胜蓝股份,创业板,消费电子,2026-08-25,正式财报,2026年半年报,73.87,单季同比,19.63,54.24,93653610.88,2026-08-26,0.04,-3.7,False,25.0,-11.46,966915038.0,199.4,False,29.6,观察池·仅利润断层,增速加速|单季口径|正式财报|观察池,公告后无有效跳空,
001269,欧晶科技,主板,光伏设备,2026-08-29,正式财报,2026年半年报,39.23,累计同比,-196.53,235.76,-34218565.080000006,2026-08-31,0.46,0.51,False,22.0,-2.35,32470185.0,36.8,False,29.6,观察池·仅利润断层,增速加速|正式财报|观察池,公告后无有效跳空,
300348,长亮科技,创业板,软件开发,2026-08-27,正式财报,2026年半年报,-133.68,累计同比,-1383.0,1249.32,-6267455.789999999,2026-08-28,0.59,-1.28,False,23.0,-9.85,232012696.0,67.5,False,29.6,观察池·仅利润断层,增速加速|正式财报|观察池,公告后无有效跳空,
000045,深纺织A,主板,光学光电子,2026-08-26,正式财报,2026年半年报,98.79,单季同比,6.44,92.35,28567650.909999996,2026-08-26,0.09,-0.74,False,25.0,3.25,117825534.0,50.9,False,29.5,观察池·仅利润断层,增速加速|单季口径|正式财报|观察池,公告后无有效跳空,
300229,拓尔思,创业板,软件开发,2026-08-29,正式财报,2026年半年报,-129.18,累计同比,-237.58,108.4,-91343568.81000002,2026-09-01,1.62,3.31,False,21.0,-7.46,660870449.0,111.5,False,29.5,观察池·仅利润断层,增速加速|正式财报|观察池,公告后无有效跳空,
600251,冠农股份,主板,农产品加工,2026-08-26,正式财报,2026年半年报,114.25,单季同比,57.31,56.94,245826949.70000005,2026-08-27,0.57,1.9,False,24.0,-5.4,265482008.0,77.6,False,29.3,观察池·仅利润断层,增速加速|单季口径|正式财报|观察池,公告后无有效跳空,
600039,四川路桥,主板,基础建设,2026-08-29,正式财报,2026年半年报,58.69,单季同比,-15.72,74.41,1595369310.37,2026-08-31,1.93,2.72,False,22.0,-2.89,425385046.0,759.1,False,29.3,观察池·仅利润断层,增速加速|单季口径|正式财报|观察池,公告后无有效跳空,
002594,比亚迪,主板,乘用车,2026-08-29,正式财报,2026年半年报,29.66,单季同比,-55.38,85.04,8240857000.0,2026-09-01,0.23,0.58,False,21.0,-5.76,2567976994.0,2905.1,False,29.3,观察池·仅利润断层,增速加速|单季口径|正式财报|观察池,公告后无有效跳空,
002659,凯文教育,主板,教育,2026-08-26,正式财报,2026年半年报,202.39,单季同比,-58.81,261.2,806376.08,2026-08-27,0.0,-0.66,False,24.0,2.84,47061693.0,28.1,True,29.2,观察池·低基数断层,增速加速|单季口径|正式财报|低基数|观察池,低基数：上年同期单季净利仅 27 万元，增速参考性弱|公告后无有效跳空|流通市值 < 30 亿元,
000421,南京公用,主板,综合Ⅱ,2026-08-24,正式财报,2026年半年报,163.53,累计同比,119.93,43.6,10052135.760000005,2026-08-25,-0.36,2.54,False,26.0,4.36,101924206.0,33.0,False,29.2,观察池·仅利润断层,增速加速|正式财报|观察池,公告后无有效跳空,
002602,世纪华通,主板,游戏Ⅱ,2026-08-28,正式财报,2026年半年报,89.47,单季同比,50.18,39.29,2475420186.29,2026-08-28,1.01,0.36,False,23.0,-1.85,1317492535.0,938.0,False,29.2,观察池·仅利润断层,增速加速|单季口径|正式财报|观察池,公告后无有效跳空,
688837,信诺维,科创板,化学制药,2026-08-26,正式财报,2026年半年报,55.11,累计同比,-47.3,102.41,-20587859.699999988,2026-09-17,-1.0,2.91,False,9.0,24.18,1222127949.0,24.0,False,29.2,观察池·仅利润断层,增速加速|正式财报|观察池,公告后无有效跳空|流通市值 < 30 亿元,
601777,千里科技,主板,摩托车及其他,2026-08-25,正式财报,2026年半年报,169.17,单季同比,141.31,27.86,29947817.380000003,2026-08-25,0.88,2.0,False,26.0,1.49,173653428.0,369.8,False,29.1,观察池·仅利润断层,增速加速|单季口径|正式财报|观察池,公告后无有效跳空,
300154,瑞凌股份,创业板,通用设备,2026-08-25,正式财报,2026年半年报,122.13,单季同比,-36.96,159.09,12344440.010000002,2026-08-26,1.67,2.83,False,25.0,12.13,195182104.0,43.1,True,29.1,观察池·低基数断层,增速加速|单季口径|正式财报|低基数|观察池,低基数：上年同期单季净利仅 556 万元，增速参考性弱|公告后无有效跳空,
688478,晶升股份,科创板,半导体,2026-08-28,正式财报,2026年半年报,-100.04,累计同比,-245.79,145.75,-3005776.41,2026-08-28,-1.98,-5.38,False,23.0,-6.8,235052137.0,63.7,False,29.1,观察池·仅利润断层,增速加速|正式财报|观察池,公告后无有效跳空,
300466,赛摩智能,创业板,通用设备,2026-08-26,正式财报,2026年半年报,181.52,累计同比,146.93,34.59,7220915.459999999,2026-08-26,0.67,1.21,False,25.0,-3.35,63786039.0,33.3,False,29.0,观察池·仅利润断层,增速加速|正式财报|观察池,公告后无有效跳空,
300226,上海钢联,创业板,软件开发,2026-08-22,正式财报,2026年半年报,7.58,单季同比,2.21,5.37,71631233.5,2026-08-24,2.03,2.16,True,27.0,3.99,151381370.0,61.4,False,29.0,跟踪·仅价格缺口,单季口径|正式财报|跳空高开|缺口未回补|跟踪,,
600785,新华百货,主板,一般零售,2026-08-21,正式财报,2026年半年报,-40.91,单季同比,-18.7,-22.21,3547130.650000006,2026-08-21,10.06,10.06,True,28.0,9.34,49663325.0,33.6,True,29.0,跟踪·仅价格缺口,单季口径|正式财报|低基数|跳空高开|缺口未回补|跟踪,低基数：上年同期单季净利仅 600 万元，增速参考性弱|接近一字板，恐难买入,
002638,勤上股份,主板,照明设备Ⅱ,2026-08-28,正式财报,2026年半年报,-43.36,累计同比,-232.14,188.78,-16952967.119999997,2026-08-31,-0.64,0.43,False,22.0,3.02,201209436.0,64.5,False,29.0,观察池·仅利润断层,增速加速|正式财报|观察池,公告后无有效跳空,
603687,大胜达,主板,包装印刷,2026-08-26,正式财报,2026年半年报,44.6,单季同比,-25.94,70.54,42446775.55,2026-08-26,0.0,1.6,False,25.0,-2.91,715221140.0,76.9,False,28.9,观察池·仅利润断层,增速加速|单季口径|正式财报|观察池,公告后无有效跳空,
300429,强力新材,创业板,电子化学品Ⅱ,2026-08-29,正式财报,2026年半年报,-264.52,累计同比,-412.48,147.96,-33500261.14,2026-09-01,-0.09,-2.65,False,21.0,-8.97,207600240.0,44.5,False,28.9,观察池·仅利润断层,增速加速|正式财报|观察池,公告后无有效跳空,
603669,灵康药业,主板,化学制药,2026-08-15,正式财报,2026年半年报,159.08,累计同比,115.87,43.21,18156787.82,2026-08-18,0.63,-2.52,False,31.0,-1.09,105696294.0,45.1,False,28.8,观察池·仅利润断层,增速加速|正式财报|观察池,公告后无有效跳空,
601995,中金公司,主板,证券Ⅱ,2026-08-29,正式财报,2026年半年报,101.98,单季同比,75.19,26.79,4621822623.0,2026-08-31,0.06,0.06,False,16.0,-11.81,652908179.0,895.5,False,28.8,观察池·仅利润断层,增速加速|单季口径|正式财报|观察池,公告后无有效跳空,
002072,凯瑞德,主板,贸易Ⅱ,2026-08-25,正式财报,2026年半年报,59.9,累计同比,-76.03,135.93,-3688823.7199999997,2026-08-26,1.22,10.07,False,25.0,-5.51,235578357.0,25.8,False,28.8,观察池·仅利润断层,增速加速|正式财报|观察池,公告后无有效跳空|流通市值 < 30 亿元,
300633,开立医疗,创业板,医疗器械,2026-08-22,正式财报,2026年半年报,-34.83,单季同比,-243.78,208.95,25385695.549999997,2026-08-24,0.14,-7.64,False,27.0,-6.27,188393811.0,50.5,False,28.8,观察池·仅利润断层,增速加速|单季口径|正式财报|观察池,公告后无有效跳空,
002585,双星新材,主板,塑料,2026-08-25,正式财报,2026年半年报,130.62,累计同比,109.49,21.13,41715381.15,2026-08-26,-0.51,-1.83,False,25.0,5.61,392622759.0,91.8,False,28.7,观察池·仅利润断层,增速加速|正式财报|观察池,公告后无有效跳空,
300203,聚光科技,创业板,通用设备,2026-08-25,正式财报,2026年半年报,-70.47,累计同比,-254.06,183.59,-13407124.47999999,2026-08-25,-0.15,5.1,False,26.0,4.64,184513686.0,60.6,False,28.7,观察池·仅利润断层,增速加速|正式财报|观察池,公告后无有效跳空,
600868,梅雁吉祥,主板,电力,2026-08-26,正式财报,2026年半年报,92.52,累计同比,11.02,81.5,12427099.620000001,2026-08-26,0.0,2.5,False,25.0,-1.07,171976650.0,52.6,False,28.6,观察池·仅利润断层,增速加速|正式财报|观察池,公告后无有效跳空,
601688,华泰证券,主板,证券Ⅱ,2026-08-29,正式财报,2026年半年报,76.38,单季同比,31.79,44.59,6891042196.349999,2026-09-01,-0.1,0.82,False,21.0,-8.25,1070759597.0,1300.6,False,28.6,观察池·仅利润断层,增速加速|单季口径|正式财报|观察池,公告后无有效跳空,
600755,厦门国贸,主板,物流,2026-08-26,正式财报,2026年半年报,69.5,单季同比,-39.65,109.15,171823882.66,2026-08-27,0.0,-1.04,False,24.0,-1.73,102570450.0,121.1,False,28.6,观察池·仅利润断层,增速加速|单季口径|正式财报|观察池,公告后无有效跳空,
301115,联检科技,创业板,专业服务,2026-08-26,正式财报,2026年半年报,-94.99,单季同比,-820.58,725.59,1023898.1000000015,2026-08-26,1.52,1.88,False,25.0,16.96,179636191.0,50.0,False,28.6,观察池·仅利润断层,增速加速|单季口径|正式财报|观察池,公告后无有效跳空,
002522,浙江众成,主板,塑料,2026-08-24,正式财报,2026年半年报,77.78,单季同比,4.79,72.99,38652770.16,2026-08-24,1.57,2.54,False,27.0,1.35,298927060.0,47.6,False,28.5,观察池·仅利润断层,增速加速|单季口径|正式财报|观察池,公告后无有效跳空,
600201,生物股份,主板,动物保健Ⅱ,2026-08-04,正式财报,2026年半年报,72.28,累计同比,5.44,66.84,23457283.989999995,2026-08-05,-0.22,-1.27,False,40.0,-12.97,365935973.0,127.7,False,28.5,观察池·仅利润断层,增速加速|正式财报|观察池,公告后无有效跳空,
600721,百花医药,主板,医疗服务,2026-08-25,正式财报,2026年半年报,70.45,单季同比,-67.94,138.39,8117547.900000001,2026-08-25,-2.18,5.43,False,26.0,-5.55,1958696436.0,50.4,True,28.5,观察池·低基数断层,增速加速|单季口径|正式财报|低基数|观察池,低基数：上年同期单季净利仅 476 万元，增速参考性弱|公告后无有效跳空,
301003,江苏博云,创业板,塑料,2026-08-14,正式财报,2026年半年报,61.07,单季同比,-44.53,105.6,38219339.85,2026-08-14,1.16,3.38,False,33.0,9.05,167177484.0,42.9,False,28.5,观察池·仅利润断层,增速加速|单季口径|正式财报|观察池,公告后无有效跳空,
000777,中核科技,主板,通用设备,2026-08-26,正式财报,2026年半年报,-2.68,单季同比,-692.78,690.1,73012523.3,2026-08-26,1.38,-0.52,False,25.0,-8.25,176606637.0,61.8,False,28.5,观察池·仅利润断层,增速加速|单季口径|正式财报|观察池,公告后无有效跳空,
000059,华锦股份,主板,炼化及贸易,2026-08-20,正式财报,2026年半年报,136.92,累计同比,112.97,23.95,320799880.65,2026-08-21,0.0,-3.29,False,28.0,13.96,325766286.0,88.8,False,28.4,观察池·仅利润断层,增速加速|正式财报|观察池,公告后无有效跳空,
301165,锐捷网络,创业板,通信设备,2026-08-15,正式财报,2026年半年报,65.66,单季同比,14.59,51.07,571269909.15,2026-08-17,0.07,2.85,False,32.0,-30.04,4314404322.0,1121.9,False,28.4,观察池·仅利润断层,增速加速|单季口径|正式财报|观察池,公告后无有效跳空,
601919,中远海控,主板,航运港口,2026-08-29,正式财报,2026年半年报,29.11,单季同比,-49.75,78.86,7541981475.009999,2026-09-01,0.06,-0.12,False,21.0,-3.76,1479600643.0,2055.5,False,28.4,观察池·仅利润断层,增速加速|单季口径|正式财报|观察池,公告后无有效跳空,
000928,中钢国际,主板,专业工程,2026-08-28,正式财报,2026年半年报,10.78,单季同比,-20.3,31.08,213595334.63,2026-08-28,1.74,2.91,True,23.0,1.71,159263786.0,76.6,False,28.4,观察池·仅利润断层,增速加速|单季口径|正式财报|缺口未回补|观察池,,
603679,华体科技,主板,光学光电子,2026-08-25,正式财报,2026年半年报,-12.38,累计同比,-521.25,508.87,-14107813.759999998,2026-08-26,1.02,1.78,False,25.0,2.47,168202503.0,41.3,False,28.4,观察池·仅利润断层,增速加速|正式财报|观察池,公告后无有效跳空,
300149,睿智医药,创业板,医疗服务,2026-08-29,正式财报,2026年半年报,-168.5,单季同比,-373.36,204.86,-12836835.23,2026-09-01,0.33,0.65,False,21.0,7.14,168636786.0,47.7,False,28.4,观察池·仅利润断层,增速加速|单季口径|正式财报|观察池,公告后无有效跳空,
002068,黑猫股份,主板,橡胶,2026-08-26,正式财报,2026年半年报,7.46,累计同比,-167.69,175.15,-11297828.010000005,2026-08-26,0.9,1.53,False,25.0,13.69,128974761.0,65.9,False,28.3,观察池·仅利润断层,增速加速|正式财报|观察池,公告后无有效跳空,
000930,中粮科技,主板,农产品加工,2026-08-28,正式财报,2026年半年报,-171.72,单季同比,-399.62,227.9,-47848628.03,2026-08-31,0.19,-3.31,False,22.0,0.19,165074944.0,95.8,False,28.3,观察池·仅利润断层,增速加速|单季口径|正式财报|观察池,公告后无有效跳空,
300502,新易盛,创业板,通信设备,2026-08-25,正式财报,2026年半年报,100.4,单季同比,76.8,23.6,4748945079.16,2026-08-26,0.37,-0.52,False,25.0,-3.32,13639965067.0,4880.9,False,28.2,观察池·仅利润断层,增速加速|单季口径|正式财报|观察池,公告后无有效跳空,
000917,电广传媒,主板,电视广播Ⅱ,2026-08-20,正式财报,2026年半年报,-1.76,单季同比,-3172.74,3170.98,37018646.53,2026-08-21,-0.44,2.92,False,28.0,-0.88,159636624.0,96.0,False,28.2,观察池·仅利润断层,增速加速|单季口径|正式财报|观察池,公告后无有效跳空,
600100,同方股份,主板,计算机设备,2026-08-29,正式财报,2026年半年报,-51.43,单季同比,-818.68,767.25,80322405.13000001,2026-09-01,-0.14,0.57,False,21.0,-7.12,158110201.0,218.4,False,28.2,观察池·仅利润断层,增速加速|单季口径|正式财报|观察池,公告后无有效跳空,
600989,宝丰能源,主板,化学原料,2026-08-13,正式财报,2026年半年报,84.92,单季同比,50.23,34.69,6067144053.3,2026-08-13,0.73,-2.65,False,34.0,-4.83,1803842479.0,1647.1,False,28.1,观察池·仅利润断层,增速加速|单季口径|正式财报|观察池,公告后无有效跳空,
300340,科恒股份,创业板,电池,2026-08-26,正式财报,2026年半年报,65.45,累计同比,-1026.51,1091.96,-12198899.96,2026-08-26,1.34,1.01,False,25.0,-0.33,79094294.0,24.7,False,28.1,观察池·仅利润断层,增速加速|正式财报|观察池,公告后无有效跳空|流通市值 < 30 亿元,
002881,美格智能,主板,通信设备,2026-08-28,正式财报,2026年半年报,56.54,单季同比,0.76,55.78,59271033.27,2026-08-28,0.92,-1.07,False,23.0,1.85,573674074.0,77.9,False,28.1,观察池·仅利润断层,增速加速|单季口径|正式财报|观察池,公告后无有效跳空,
301359,东南电子,创业板,其他电子Ⅱ,2026-08-25,正式财报,2026年半年报,21.75,单季同比,-53.43,75.18,12801685.89,2026-08-25,0.0,4.45,True,26.0,14.36,47431116.0,13.7,False,28.1,观察池·仅利润断层,增速加速|单季口径|正式财报|缺口未回补|观察池,流通市值 < 30 亿元,
600506,统一股份,主板,炼化及贸易,2026-08-25,正式财报,2026年半年报,106.76,累计同比,52.49,54.27,6292536.119999997,2026-08-26,-0.65,2.95,False,25.0,6.72,254522378.0,40.4,False,28.0,观察池·仅利润断层,增速加速|正式财报|观察池,公告后无有效跳空,
600331,宏达股份,主板,农化制品,2026-08-29,正式财报,2026年半年报,66.53,累计同比,6.19,60.34,8602491.89,2026-09-01,0.45,-1.21,False,21.0,-13.02,414217847.0,234.9,False,28.0,观察池·仅利润断层,增速加速|正式财报|观察池,公告后无有效跳空,
600635,大众公用,主板,燃气Ⅱ,2026-08-29,正式财报,2026年半年报,43.1,单季同比,-73.82,116.92,198763292.72,2026-08-31,1.06,0.21,False,22.0,-6.71,152673550.0,107.6,False,28.0,观察池·仅利润断层,增速加速|单季口径|正式财报|观察池,公告后无有效跳空,
000972,中基健康,主板,农产品加工,2026-08-29,正式财报,2026年半年报,11.76,累计同比,-170.54,182.3,-46289522.92999999,2026-09-01,-0.26,2.61,False,21.0,3.14,90403369.0,30.4,False,28.0,观察池·仅利润断层,增速加速|正式财报|观察池,公告后无有效跳空,
002591,恒大高新,主板,化学制品,2026-08-24,正式财报,2026年半年报,224.16,累计同比,193.49,30.67,-174302.06000000052,2026-08-24,0.0,-1.74,False,27.0,2.84,67720562.0,14.6,False,27.9,观察池·仅利润断层,增速加速|正式财报|观察池,公告后无有效跳空|流通市值 < 30 亿元,
300125,聆达股份,创业板,电力,2026-08-28,正式财报,2026年半年报,124.23,累计同比,69.9,54.33,33505538.959999997,2026-08-28,0.79,-4.25,False,23.0,-16.08,163208992.0,30.9,False,27.9,观察池·仅利润断层,增速加速|正式财报|观察池,公告后无有效跳空,
603341,龙旗科技,主板,消费电子,2026-08-28,正式财报,2026年半年报,14.38,单季同比,-90.0,104.38,230449339.64000002,2026-08-28,-0.39,-3.28,False,23.0,-7.22,378414975.0,94.2,False,27.9,观察池·仅利润断层,增速加速|单季口径|正式财报|观察池,公告后无有效跳空,
301193,家联科技,创业板,家居用品,2026-08-27,正式财报,2026年半年报,-40.88,累计同比,-295.1,254.22,7498030.899999991,2026-08-28,-0.5,4.25,False,23.0,20.47,143958624.0,39.5,False,27.9,观察池·仅利润断层,增速加速|正式财报|观察池,公告后无有效跳空,
601778,晶科科技,主板,电力,2026-08-27,正式财报,2026年半年报,-137.21,单季同比,-269.42,132.21,-58638384.42,2026-08-28,0.0,-0.54,False,23.0,-9.12,265104355.0,126.2,False,27.9,观察池·仅利润断层,增速加速|单季口径|正式财报|观察池,公告后无有效跳空,
002586,围海股份,主板,基础建设,2026-08-25,正式财报,2026年半年报,139.8,单季同比,-202.87,342.67,11204978.01,2026-08-25,0.45,-1.57,False,25.0,-19.02,41339617.0,39.4,True,27.8,观察池·低基数断层,增速加速|单季口径|正式财报|低基数|观察池,低基数：上年同期单季净利仅 467 万元，增速参考性弱|公告后无有效跳空,
001317,三羊马,主板,铁路公路,2026-08-21,正式财报,2026年半年报,117.53,累计同比,82.01,35.52,2576977.46,2026-08-21,-0.22,-0.89,False,28.0,15.26,314919222.0,52.9,False,27.8,观察池·仅利润断层,增速加速|正式财报|观察池,公告后无有效跳空,
603185,弘元绿能,主板,光伏设备,2026-08-31,正式财报,2026年半年报,-128.88,累计同比,-370.03,241.15,-388498847.88,2026-09-01,0.13,0.47,False,21.0,1.0,138561836.0,102.9,False,27.8,观察池·仅利润断层,增速加速|正式财报|观察池,公告后无有效跳空,
002124,天邦食品,主板,养殖业,2026-08-25,正式财报,2026年半年报,-471.13,单季同比,-657.31,186.18,-835404994.8,2026-08-26,-0.88,-0.88,False,25.0,-12.39,138084313.0,39.1,False,27.8,观察池·仅利润断层,增速加速|单季口径|正式财报|观察池,公告后无有效跳空,
002663,普邦股份,主板,基础建设,2026-08-29,正式财报,2026年半年报,69.27,累计同比,-242.34,311.61,-4370343.97,2026-09-01,0.0,1.15,False,21.0,0.57,36523484.0,29.9,False,27.7,观察池·仅利润断层,增速加速|正式财报|观察池,公告后无有效跳空|流通市值 < 30 亿元,
002853,皮阿诺,主板,家居用品,2026-08-27,正式财报,2026年半年报,66.89,累计同比,-181.17,248.06,6980847.229999999,2026-08-28,0.13,0.89,False,23.0,-5.96,49634256.0,27.2,False,27.7,观察池·仅利润断层,增速加速|正式财报|观察池,公告后无有效跳空|流通市值 < 30 亿元,
301306,西测测试,创业板,军工电子Ⅱ,2026-08-29,正式财报,2026年半年报,5.17,累计同比,-94.94,100.11,-18384635.340000004,2026-09-01,0.0,2.2,False,21.0,-12.61,437169887.0,50.4,False,27.6,观察池·仅利润断层,增速加速|正式财报|观察池,公告后无有效跳空,
605366,宏柏新材,主板,化学制品,2026-08-31,正式财报,2026年半年报,-14.58,累计同比,-398.71,384.13,-2462038.700000003,2026-09-01,1.94,-2.91,False,21.0,23.93,129196251.0,80.5,False,27.6,观察池·仅利润断层,增速加速|正式财报|观察池,公告后无有效跳空,
603580,艾艾精工,主板,塑料,2026-08-18,正式财报,2026年半年报,-23.33,单季同比,-48.43,25.1,2878893.68,2026-08-18,3.01,10.0,True,31.0,21.68,476193656.0,95.3,True,27.6,观察池·低基数断层,增速加速|单季口径|正式财报|低基数|跳空高开|缺口未回补|双断层(价格已确认)|观察池,低基数：上年同期单季净利仅 375 万元，增速参考性弱,
605296,神农集团,主板,养殖业,2026-08-25,正式财报,2026年半年报,-201.03,单季同比,-383.62,182.59,-160551470.65999997,2026-08-25,0.03,4.22,False,26.0,2.24,130789084.0,163.1,False,27.6,观察池·仅利润断层,增速加速|单季口径|正式财报|观察池,公告后无有效跳空,
300767,震安科技,创业板,橡胶,2026-08-25,正式财报,2026年半年报,129.3,累计同比,73.4,55.9,6809661.779999999,2026-08-26,0.11,-0.33,False,25.0,6.66,104611143.0,46.1,False,27.5,观察池·仅利润断层,增速加速|正式财报|观察池,公告后无有效跳空,
300364,中文在线,创业板,数字媒体,2026-08-26,正式财报,2026年半年报,81.01,累计同比,47.88,33.13,2833427.180000007,2026-08-27,0.73,2.36,False,24.0,5.18,674188389.0,154.5,False,27.5,观察池·仅利润断层,增速加速|正式财报|观察池,公告后无有效跳空,
002496,辉丰股份,主板,农化制品,2026-08-21,正式财报,2026年半年报,63.21,累计同比,-96.31,159.52,18134782.04,2026-08-21,0.96,0.0,False,28.0,-0.47,59289613.0,24.8,False,27.5,观察池·仅利润断层,增速加速|正式财报|观察池,公告后无有效跳空|流通市值 < 30 亿元,
301128,强瑞技术,创业板,专用设备,2026-08-12,正式财报,2026年半年报,66.3,单季同比,22.84,43.46,71417121.14,2026-08-13,1.55,-1.37,False,34.0,-8.0,814204518.0,134.8,False,27.4,观察池·仅利润断层,增速加速|单季口径|正式财报|观察池,公告后无有效跳空,
300899,上海凯鑫,创业板,环境治理,2026-08-27,正式财报,2026年半年报,64.92,单季同比,-160.63,225.55,21556177.29,2026-08-28,1.9,2.76,False,23.0,-0.95,43911446.0,13.1,False,27.4,观察池·仅利润断层,增速加速|单季口径|正式财报|观察池,公告后无有效跳空|流通市值 < 30 亿元,
002989,中天精装,主板,装修装饰Ⅱ,2026-08-29,正式财报,2026年半年报,-38.62,累计同比,-335.92,297.3,-25731322.36,2026-09-01,-1.08,-2.0,False,21.0,-4.76,118603552.0,44.7,False,27.4,观察池·仅利润断层,增速加速|正式财报|观察池,公告后无有效跳空,
688512,慧智微,科创板,半导体,2026-08-31,正式财报,2026年半年报,-109.39,累计同比,-1962.7,1853.31,-70242082.64000002,2026-09-01,-0.14,-3.76,False,21.0,17.97,120982341.0,53.3,False,27.4,观察池·仅利润断层,增速加速|正式财报|观察池,公告后无有效跳空,
603955,大千生态,主板,基础建设,2026-08-27,正式财报,2026年半年报,-153.69,累计同比,-613.84,460.15,-27710284.58,2026-08-27,0.76,-6.28,False,24.0,16.96,121324768.0,33.9,False,27.4,观察池·仅利润断层,增速加速|正式财报|观察池,公告后无有效跳空,
300401,花园生物,创业板,化学制药,2026-08-15,正式财报,2026年半年报,25.55,单季同比,-47.91,73.46,81652667.03999999,2026-08-18,-0.94,-2.26,False,31.0,-2.28,682570561.0,82.6,False,27.3,观察池·仅利润断层,增速加速|单季口径|正式财报|观察池,公告后无有效跳空,
600714,金瑞矿业,主板,化学原料,2026-08-28,正式财报,2026年半年报,-14.7,单季同比,-107.08,92.38,17853780.92,2026-08-28,-0.69,10.01,False,23.0,-0.64,994709175.0,49.4,False,27.3,观察池·仅利润断层,增速加速|单季口径|正式财报|观察池,公告后无有效跳空,
603666,亿嘉和,主板,自动化设备,2026-08-22,正式财报,2026年半年报,-541.69,累计同比,-775.33,233.64,-76213975.71000001,2026-08-25,-0.68,-1.44,False,26.0,1.86,113793802.0,55.0,False,27.3,观察池·仅利润断层,增速加速|正式财报|观察池,公告后无有效跳空,
600030,中信证券,主板,证券Ⅱ,2026-08-21,正式财报,2026年半年报,83.45,单季同比,54.6,28.85,13127103092.77,2026-08-21,0.41,0.3,False,28.0,-4.75,2098133831.0,3148.9,False,27.2,观察池·仅利润断层,增速加速|单季口径|正式财报|观察池,公告后无有效跳空,
000893,亚钾国际,主板,农化制品,2026-08-28,正式财报,2026年半年报,73.79,单季同比,38.52,35.27,817579093.4100001,2026-08-31,0.16,-1.8,False,22.0,-24.63,809545022.0,298.8,False,27.1,观察池·仅利润断层,增速加速|单季口径|正式财报|观察池,公告后无有效跳空,
600748,上实发展,主板,房地产开发,2026-08-22,正式财报,2026年半年报,65.86,累计同比,-43.17,109.03,-140683958.19,2026-08-24,0.52,-3.09,False,27.0,5.13,51228715.0,75.6,False,27.1,观察池·仅利润断层,增速加速|正式财报|观察池,公告后无有效跳空,
002572,索菲亚,主板,家居用品,2026-08-27,正式财报,2026年半年报,-67.34,单季同比,-417.58,350.24,100348424.78,2026-08-28,-0.37,0.12,False,23.0,-3.98,106338483.0,56.3,False,27.1,观察池·仅利润断层,增速加速|单季口径|正式财报|观察池,公告后无有效跳空,
300451,创业慧康,创业板,软件开发,2026-08-29,正式财报,2026年半年报,-144.74,累计同比,-407.86,263.12,-117681176.69999999,2026-09-01,0.28,2.54,False,21.0,-1.69,104091225.0,53.4,False,27.1,观察池·仅利润断层,增速加速|正式财报|观察池,公告后无有效跳空,
300931,通用电梯,创业板,专用设备,2026-08-29,正式财报,2026年半年报,2.19,累计同比,-679.09,681.28,-4806502.130000001,2026-09-01,-0.13,-0.32,False,21.0,12.78,90392810.0,34.8,False,27.0,观察池·仅利润断层,增速加速|正式财报|观察池,公告后无有效跳空,
603159,上海亚虹,主板,专用设备,2026-08-29,正式财报,2026年半年报,-110.07,累计同比,-1073.1,963.03,717405.19,2026-09-01,1.15,-4.92,False,16.0,-9.32,99164333.0,31.3,False,27.0,观察池·仅利润断层,增速加速|正式财报|观察池,公告后无有效跳空,
600328,中盐化工,主板,化学原料,2026-08-26,正式财报,2026年半年报,-432.65,单季同比,-993.49,560.84,-117892805.72,2026-08-27,-0.16,-0.47,False,24.0,-10.83,99671142.0,83.3,False,27.0,观察池·仅利润断层,增速加速|单季口径|正式财报|观察池,公告后无有效跳空,
000782,恒申新材,主板,化学纤维,2026-08-14,正式财报,2026年半年报,-26.46,累计同比,-537.82,511.36,-41037021.6,2026-08-17,0.0,-0.39,False,32.0,4.92,94373254.0,42.8,False,26.9,观察池·仅利润断层,增速加速|正式财报|观察池,公告后无有效跳空,
601949,中国出版,主板,出版,2026-08-29,正式财报,2026年半年报,-28.29,单季同比,-250.57,222.28,115820775.59,2026-08-31,0.0,1.72,False,22.0,13.22,96199746.0,112.5,False,26.9,观察池·仅利润断层,增速加速|单季口径|正式财报|观察池,公告后无有效跳空,
600975,新五丰,主板,养殖业,2026-08-31,正式财报,2026年半年报,-1502.25,单季同比,-2021.17,518.92,-359170693.17999995,2026-08-31,0.57,-0.19,False,22.0,-1.14,95167508.0,64.9,False,26.9,观察池·仅利润断层,增速加速|单季口径|正式财报|观察池,公告后无有效跳空,
000410,沈阳机床,主板,通用设备,2026-08-29,正式财报,2026年半年报,-53.22,单季同比,-452.49,399.27,14383346.529999997,2026-09-01,-0.19,0.77,False,21.0,-1.92,91613943.0,100.7,False,26.8,观察池·仅利润断层,增速加速|单季口径|正式财报|观察池,公告后无有效跳空,
600280,中央商场,主板,一般零售,2026-08-27,正式财报,2026年半年报,-226.0,累计同比,-471.36,245.36,-21589385.950000003,2026-08-28,0.33,2.3,False,23.0,-1.63,88258024.0,34.0,False,26.8,观察池·仅利润断层,增速加速|正式财报|观察池,公告后无有效跳空,
300598,诚迈科技,创业板,软件开发,2026-08-29,正式财报,2026年半年报,61.33,累计同比,19.39,41.94,12197092.629999999,2026-09-01,-2.46,1.99,False,21.0,-10.26,668017965.0,64.9,False,26.7,观察池·仅利润断层,增速加速|正式财报|观察池,公告后无有效跳空,
002815,崇达技术,主板,元件,2026-08-29,正式财报,2026年半年报,12.68,单季同比,-71.87,84.55,119793717.05000001,2026-09-01,-0.27,-1.69,False,21.0,56.42,455523625.0,178.8,False,26.7,观察池·仅利润断层,增速加速|单季口径|正式财报|观察池,公告后无有效跳空,
688418,震有科技,科创板,通信设备,2026-08-25,正式财报,2026年半年报,-174.49,累计同比,-2313.95,2139.46,-85737728.49000001,2026-08-26,0.74,-0.99,False,25.0,-11.18,86754789.0,55.6,False,26.7,观察池·仅利润断层,增速加速|正式财报|观察池,公告后无有效跳空,
002190,成飞集成,主板,汽车零部件,2026-08-21,正式财报,2026年半年报,-294.83,累计同比,-4342.63,4047.8,-38366098.150000006,2026-08-24,0.0,-0.57,False,27.0,0.57,84651778.0,82.3,False,26.7,观察池·仅利润断层,增速加速|正式财报|观察池,公告后无有效跳空,
002866,传艺科技,主板,消费电子,2026-08-15,正式财报,2026年半年报,101.31,单季同比,-60.82,162.13,6259435.910000002,2026-08-18,0.06,-1.47,False,31.0,8.06,172074310.0,31.1,True,26.6,观察池·低基数断层,增速加速|单季口径|正式财报|低基数|观察池,低基数：上年同期单季净利仅 311 万元，增速参考性弱|公告后无有效跳空,
000830,鲁西化工,主板,化学原料,2026-08-29,正式财报,2026年半年报,53.05,单季同比,6.07,46.98,536554332.56000006,2026-08-31,1.55,0.15,False,22.0,-13.01,622521484.0,217.6,False,26.6,观察池·仅利润断层,增速加速|单季口径|正式财报|观察池,公告后无有效跳空,
600997,开滦股份,主板,焦炭Ⅱ,2026-08-27,正式财报,2026年半年报,-109.84,单季同比,-262.44,152.6,-28873571.189999983,2026-08-27,0.7,2.1,False,24.0,-9.38,80437810.0,82.9,False,26.6,观察池·仅利润断层,增速加速|单季口径|正式财报|观察池,公告后无有效跳空,
600718,东软集团,主板,IT服务Ⅱ,2026-08-29,正式财报,2026年半年报,-306.07,单季同比,-1120.05,813.98,-141354982.0,2026-09-01,0.12,0.84,False,21.0,-4.7,80474343.0,94.6,False,26.6,观察池·仅利润断层,增速加速|单季口径|正式财报|观察池,公告后无有效跳空,
603391,力聚热能,主板,专用设备,2026-08-21,正式财报,2026年半年报,53.44,单季同比,-88.86,142.3,29047248.38,2026-08-24,0.79,-1.46,False,27.0,0.65,107634141.0,15.8,False,26.5,观察池·仅利润断层,增速加速|单季口径|正式财报|观察池,公告后无有效跳空|流通市值 < 30 亿元,
002614,奥佳华,主板,其他家电Ⅱ,2026-08-29,正式财报,2026年半年报,-131.1,单季同比,-3411.82,3280.72,-7786736.619999997,2026-09-01,0.0,-2.05,False,21.0,32.65,74178680.0,34.2,False,26.5,观察池·仅利润断层,增速加速|单季口径|正式财报|观察池,公告后无有效跳空,
000882,华联股份,主板,一般零售,2026-08-27,正式财报,2026年半年报,-1014.53,累计同比,-1323.67,309.14,-216728899.95,2026-08-28,0.67,2.01,False,23.0,3.33,77474098.0,42.4,False,26.5,观察池·仅利润断层,增速加速|正式财报|观察池,公告后无有效跳空,
688035,德邦科技,科创板,电子化学品Ⅱ,2026-08-11,正式财报,2026年半年报,82.54,单季同比,26.78,55.76,33641947.83,2026-08-12,1.31,1.6,False,35.0,15.48,283572800.0,101.8,False,26.4,观察池·仅利润断层,增速加速|单季口径|正式财报|观察池,公告后无有效跳空,
002713,东易日盛,主板,装修装饰Ⅱ,2026-08-26,正式财报,2026年半年报,74.48,累计同比,9.89,64.59,3888096.7299999986,2026-08-26,0.4,-2.51,False,25.0,-2.0,264622178.0,51.4,False,26.4,观察池·仅利润断层,增速加速|正式财报|观察池,公告后无有效跳空,
300891,惠云钛业,创业板,化学原料,2026-08-25,正式财报,2026年半年报,46.21,累计同比,-174.15,220.36,15059825.37,2026-08-25,1.09,4.36,False,26.0,3.64,90841937.0,25.6,False,26.4,观察池·仅利润断层,增速加速|正式财报|观察池,公告后无有效跳空|流通市值 < 30 亿元,
600141,兴发集团,主板,农化制品,2026-08-25,正式财报,2026年半年报,39.1,单季同比,-17.37,56.47,578913836.98,2026-08-26,-0.54,2.98,False,25.0,-8.48,1056335073.0,321.4,False,26.4,观察池·仅利润断层,增速加速|单季口径|正式财报|观察池,公告后无有效跳空,
603091,众鑫股份,主板,包装印刷,2026-08-26,正式财报,2026年半年报,126.32,单季同比,29.96,96.36,100278290.61,2026-08-26,0.12,0.24,False,25.0,-8.56,38763120.0,20.4,False,26.3,观察池·仅利润断层,增速加速|单季口径|正式财报|观察池,公告后无有效跳空|流通市值 < 30 亿元,
301270,汉仪股份,创业板,软件开发,2026-08-26,正式财报,2026年半年报,124.6,单季同比,-139.28,263.88,3778493.29,2026-08-27,0.35,1.24,False,24.0,1.74,42332525.0,30.4,True,26.3,观察池·低基数断层,增速加速|单季口径|正式财报|低基数|观察池,低基数：上年同期单季净利仅 168 万元，增速参考性弱|公告后无有效跳空,
688162,巨一科技,科创板,专用设备,2026-08-25,正式财报,2026年半年报,73.95,单季同比,-21.67,95.62,23148408.54,2026-08-25,1.57,6.38,False,26.0,11.27,57324245.0,35.5,False,26.3,观察池·仅利润断层,增速加速|单季口径|正式财报|观察池,公告后无有效跳空,
000409,云鼎科技,主板,IT服务Ⅱ,2026-08-28,正式财报,2026年半年报,66.78,单季同比,-37.21,103.99,17384174.090000004,2026-08-31,-0.68,0.91,False,22.0,-1.26,37171164.0,50.8,False,26.3,观察池·仅利润断层,增速加速|单季口径|正式财报|观察池,公告后无有效跳空,
300085,银之杰,创业板,软件开发,2026-08-29,正式财报,2026年半年报,57.57,累计同比,15.72,41.85,-1099319.2700000033,2026-09-01,-0.37,2.02,False,21.0,-9.64,2150357998.0,172.9,False,26.3,观察池·仅利润断层,增速加速|正式财报|观察池,公告后无有效跳空,
603278,大业股份,主板,通用设备,2026-08-25,正式财报,2026年半年报,-205.24,单季同比,-598.26,393.02,-39433783.150000006,2026-08-26,1.09,-0.98,False,25.0,10.91,63710948.0,35.1,False,26.3,观察池·仅利润断层,增速加速|单季口径|正式财报|观察池,公告后无有效跳空,
688776,国光电气,科创板,军工电子Ⅱ,2026-08-27,正式财报,2026年半年报,-492.42,累计同比,-1994.63,1502.21,-32476556.999999993,2026-08-28,0.21,1.95,False,23.0,0.3,65912485.0,51.4,False,26.3,观察池·仅利润断层,增速加速|正式财报|观察池,公告后无有效跳空,
300531,优博讯,创业板,计算机设备,2026-08-25,正式财报,2026年半年报,124.0,单季同比,103.77,20.23,51635840.71,2026-08-26,-0.61,2.97,False,25.0,-6.96,303783789.0,47.5,False,26.2,观察池·仅利润断层,增速加速|单季口径|正式财报|观察池,公告后无有效跳空,
601699,潞安环能,主板,煤炭开采,2026-08-26,正式财报,2026年半年报,53.21,单季同比,9.4,43.81,1058643294.9100001,2026-08-27,-0.29,1.88,False,24.0,-10.92,559005680.0,451.4,False,26.2,观察池·仅利润断层,增速加速|单季口径|正式财报|观察池,公告后无有效跳空,
603219,富佳股份,主板,小家电,2026-08-28,正式财报,2026年半年报,31.99,单季同比,-98.03,130.02,29338389.75,2026-08-28,0.5,-0.71,False,23.0,-10.45,33830149.0,70.7,False,26.2,观察池·仅利润断层,增速加速|单季口径|正式财报|观察池,公告后无有效跳空,
300289,利德曼,创业板,医疗器械,2026-08-28,正式财报,2026年半年报,-67.56,累计同比,-217.35,149.79,-3140653.4899999998,2026-08-28,0.0,-0.97,False,23.0,-1.62,60201867.0,32.9,False,26.2,观察池·仅利润断层,增速加速|正式财报|观察池,公告后无有效跳空,
300478,杭州高新,创业板,塑料,2026-08-25,正式财报,2026年半年报,-87.29,累计同比,-409.97,322.68,-3636193.5700000003,2026-08-26,1.78,-1.26,False,25.0,2.99,60677401.0,38.9,False,26.2,观察池·仅利润断层,增速加速|正式财报|观察池,公告后无有效跳空,
688277,天智航,科创板,医疗器械,2026-08-26,正式财报,2026年半年报,-21.82,累计同比,-251.76,229.94,-23655947.269999996,2026-08-26,0.83,-0.51,False,25.0,-0.7,55843463.0,73.0,False,26.1,观察池·仅利润断层,增速加速|正式财报|观察池,公告后无有效跳空,
603386,骏亚科技,主板,元件,2026-08-26,正式财报,2026年半年报,-47.86,单季同比,-235.45,187.59,12009205.95,2026-08-26,1.16,-0.87,False,25.0,24.29,53686903.0,56.8,False,26.1,观察池·仅利润断层,增速加速|单季口径|正式财报|观察池,公告后无有效跳空,
301325,曼恩斯特,创业板,电池,2026-08-27,正式财报,2026年半年报,-263.17,累计同比,-831.44,568.27,-44431714.76,2026-08-28,-0.16,-0.46,False,23.0,2.15,52972152.0,45.1,False,26.1,观察池·仅利润断层,增速加速|正式财报|观察池,公告后无有效跳空,
603528,多伦科技,主板,软件开发,2026-08-26,正式财报,2026年半年报,-577.76,累计同比,-795.81,218.05,-16087550.23,2026-08-26,0.16,0.94,False,25.0,-0.47,54291095.0,44.7,False,26.1,观察池·仅利润断层,增速加速|正式财报|观察池,公告后无有效跳空,
601600,中国铝业,主板,工业金属,2026-08-28,正式财报,2026年半年报,79.47,单季同比,56.35,23.12,6344138000.0,2026-08-28,1.55,1.76,False,23.0,-8.88,1851476335.0,1179.1,False,26.0,观察池·仅利润断层,增速加速|单季口径|正式财报|观察池,公告后无有效跳空,
603283,赛腾股份,主板,自动化设备,2026-08-25,正式财报,2026年半年报,66.19,单季同比,33.21,32.98,89993761.37,2026-08-26,0.0,-1.95,False,25.0,-11.21,992123906.0,147.4,False,26.0,观察池·仅利润断层,增速加速|单季口径|正式财报|观察池,公告后无有效跳空,
000993,闽东电力,主板,电力,2026-08-21,正式财报,2026年半年报,-5.59,单季同比,-341.89,336.3,56600534.5,2026-08-24,1.24,0.41,False,27.0,73.86,48404747.0,78.3,False,26.0,观察池·仅利润断层,增速加速|单季口径|正式财报|观察池,公告后无有效跳空,
688109,品茗科技,科创板,软件开发,2026-08-21,正式财报,2026年半年报,-48.24,单季同比,-1475.95,1427.71,15644957.94,2026-08-24,1.82,-2.11,False,27.0,-7.8,51195476.0,54.1,False,26.0,观察池·仅利润断层,增速加速|单季口径|正式财报|观察池,公告后无有效跳空,
600569,安阳钢铁,主板,普钢,2026-08-31,正式财报,2026年半年报,-2596.47,单季同比,-3858.29,1261.82,-493462987.99,2026-08-31,-0.54,-1.08,False,22.0,-1.62,47568052.0,52.3,False,26.0,观察池·仅利润断层,增速加速|单季口径|正式财报|观察池,公告后无有效跳空,
300017,网宿科技,创业板,IT服务Ⅱ,2026-08-15,正式财报,2026年半年报,25.73,单季同比,-37.06,62.79,227153271.92,2026-08-18,-1.02,-4.1,False,31.0,-14.32,4167204407.0,352.6,False,25.9,观察池·仅利润断层,增速加速|单季口径|正式财报|观察池,公告后无有效跳空,
300983,尤安设计,创业板,工程咨询服务Ⅱ,2026-08-24,正式财报,2026年半年报,-26.51,累计同比,-190.89,164.38,-14042513.959999999,2026-08-24,0.0,-1.45,False,27.0,-7.26,47000743.0,56.6,False,25.9,观察池·仅利润断层,增速加速|正式财报|观察池,公告后无有效跳空,
605068,明新旭腾,主板,汽车零部件,2026-08-27,正式财报,2026年半年报,-62.65,累计同比,-246.87,184.22,-32387640.979999997,2026-08-27,0.57,-0.34,False,24.0,15.59,47116496.0,33.0,False,25.9,观察池·仅利润断层,增速加速|正式财报|观察池,公告后无有效跳空,
600586,金晶科技,主板,玻璃玻纤,2026-08-25,正式财报,2026年半年报,-225.6,累计同比,-1931.77,1706.17,-157361680.85999998,2026-08-26,-0.24,0.0,False,25.0,-5.23,44191776.0,56.6,False,25.9,观察池·仅利润断层,增速加速|正式财报|观察池,公告后无有效跳空,
600233,圆通速递,主板,物流,2026-08-20,正式财报,2026年半年报,84.6,单季同比,60.76,23.84,1797482587.3400002,2026-08-21,0.63,-0.46,False,28.0,1.02,455742867.0,609.3,False,25.8,观察池·仅利润断层,增速加速|单季口径|正式财报|观察池,公告后无有效跳空,
688008,澜起科技,科创板,半导体,2026-08-29,正式财报,2026年半年报,81.46,单季同比,61.3,20.16,1149999225.58,2026-09-01,-0.46,-3.22,False,21.0,-0.83,5194138572.0,2316.0,False,25.8,观察池·仅利润断层,增速加速|单季口径|正式财报|观察池,公告后无有效跳空,
300783,三只松鼠,创业板,休闲食品,2026-08-29,正式财报,2026年半年报,79.94,累计同比,14.35,65.59,-24282002.53,2026-08-31,0.0,2.67,False,22.0,-3.54,205181688.0,46.6,False,25.8,观察池·仅利润断层,增速加速|正式财报|观察池,公告后无有效跳空,
688697,纽威数控,科创板,通用设备,2026-08-28,正式财报,2026年半年报,64.74,单季同比,8.62,56.12,113124036.16999999,2026-08-28,0.71,-3.74,False,23.0,-8.01,342605527.0,91.9,False,25.8,观察池·仅利润断层,增速加速|单季口径|正式财报|观察池,公告后无有效跳空,
600834,申通地铁,主板,铁路公路,2026-08-28,正式财报,2026年半年报,54.16,单季同比,-55.37,109.53,28102551.72,2026-08-28,0.4,2.66,False,23.0,1.32,38643343.0,36.5,False,25.8,观察池·仅利润断层,增速加速|单季口径|正式财报|观察池,公告后无有效跳空,
601857,中国石油,主板,炼化及贸易,2026-08-31,正式财报,2026年半年报,47.4,单季同比,1.9,45.5,55602000000.0,2026-08-31,1.42,1.69,False,22.0,-1.58,1621111917.0,18151.5,False,25.8,观察池·仅利润断层,增速加速|单季口径|正式财报|观察池,公告后无有效跳空,
688099,晶晨股份,科创板,半导体,2026-08-20,正式财报,2026年半年报,41.89,单季同比,-7.95,49.84,437582477.32000005,2026-08-20,1.73,-0.14,False,29.0,1.89,992406010.0,409.8,False,25.8,观察池·仅利润断层,增速加速|单季口径|正式财报|观察池,公告后无有效跳空,
603012,创力集团,主板,专用设备,2026-08-27,正式财报,2026年半年报,39.26,单季同比,-38.2,77.46,61449007.06999999,2026-08-27,1.21,2.64,False,24.0,-7.6,328914202.0,55.0,False,25.8,观察池·仅利润断层,增速加速|单季口径|正式财报|观察池,公告后无有效跳空,
002362,汉王科技,主板,软件开发,2026-08-26,正式财报,2026年半年报,-51.94,累计同比,-206.72,154.78,-43924518.190000005,2026-08-27,0.13,0.32,False,24.0,-0.13,38242341.0,32.7,False,25.8,观察池·仅利润断层,增速加速|正式财报|观察池,公告后无有效跳空,
600052,东望时代,主板,电力,2026-08-28,正式财报,2026年半年报,-91.46,单季同比,-1795.0,1703.54,5767745.010000002,2026-08-31,0.76,0.0,False,22.0,-4.02,40623284.0,32.2,False,25.8,观察池·仅利润断层,增速加速|单季口径|正式财报|观察池,公告后无有效跳空,
002892,科力尔,主板,电机Ⅱ,2026-08-28,正式财报,2026年半年报,-99.58,单季同比,-619.78,520.2,113359.65000000037,2026-08-31,0.11,0.77,False,22.0,-6.78,39666275.0,42.7,False,25.8,观察池·仅利润断层,增速加速|单季口径|正式财报|观察池,公告后无有效跳空,
688579,地纬智能,科创板,软件开发,2026-08-22,正式财报,2026年半年报,-152.0,单季同比,-476.26,324.26,-7532265.830000002,2026-08-25,-0.65,4.7,False,26.0,3.02,40127560.0,31.4,False,25.8,观察池·仅利润断层,增速加速|单季口径|正式财报|观察池,公告后无有效跳空,
002623,亚玛顿,主板,光伏设备,2026-08-29,正式财报,2026年半年报,-568.91,累计同比,-867.53,298.62,-67095150.809999995,2026-09-01,1.57,0.0,False,21.0,11.53,41751848.0,34.7,False,25.8,观察池·仅利润断层,增速加速|正式财报|观察池,公告后无有效跳空,
603333,福华尚纬,主板,电网设备,2026-08-29,正式财报,2026年半年报,133.46,累计同比,103.78,29.68,10034618.399999999,2026-09-01,-0.4,-0.49,False,21.0,-11.82,169430758.0,55.2,False,25.7,观察池·仅利润断层,增速加速|正式财报|观察池,公告后无有效跳空,
001378,德冠新材,主板,塑料,2026-08-19,正式财报,2026年半年报,117.02,单季同比,27.46,89.56,32756206.45,2026-08-20,0.92,2.4,False,29.0,10.97,103113222.0,18.5,False,25.7,观察池·仅利润断层,增速加速|单季口径|正式财报|观察池,公告后无有效跳空|流通市值 < 30 亿元,
301228,实朴检测,创业板,专业服务,2026-08-24,正式财报,2026年半年报,98.07,累计同比,46.26,51.81,3824278.76,2026-08-24,1.79,1.63,False,27.0,-13.83,197977770.0,61.7,False,25.7,观察池·仅利润断层,增速加速|正式财报|观察池,公告后无有效跳空,
600960,渤海汽车,主板,汽车零部件,2026-08-29,正式财报,2026年半年报,-98.78,单季同比,-1313.23,1214.45,3665487.8000000003,2026-08-31,0.0,0.49,False,22.0,-4.18,34453926.0,37.1,False,25.7,观察池·仅利润断层,增速加速|单季口径|正式财报|观察池,公告后无有效跳空,
002840,华统股份,主板,食品加工,2026-08-27,正式财报,2026年半年报,-662.08,单季同比,-803.36,141.28,-235900904.14,2026-08-28,-0.36,-0.12,False,23.0,-0.49,94249666.0,65.2,False,25.7,观察池·仅利润断层,增速加速|单季口径|正式财报|观察池,公告后无有效跳空,
688603,天承科技,科创板,电子化学品Ⅱ,2026-08-29,正式财报,2026年半年报,78.32,单季同比,57.79,20.53,31670377.59,2026-08-31,-0.89,5.27,False,22.0,-0.62,680594583.0,139.1,False,25.6,观察池·仅利润断层,增速加速|单季口径|正式财报|观察池,公告后无有效跳空,
300353,东土科技,创业板,通信设备,2026-08-29,正式财报,2026年半年报,70.53,累计同比,20.69,49.84,13392569.050000004,2026-09-01,0.05,-3.53,False,21.0,-9.46,344710354.0,90.1,False,25.6,观察池·仅利润断层,增速加速|正式财报|观察池,公告后无有效跳空,
300733,西菱动力,创业板,汽车零部件,2026-08-24,正式财报,2026年半年报,53.93,单季同比,-47.84,101.77,53654157.69,2026-08-24,-0.35,-4.54,False,27.0,-6.69,82602909.0,38.4,False,25.6,观察池·仅利润断层,增速加速|单季口径|正式财报|观察池,公告后无有效跳空,
600293,三峡新材,主板,玻璃玻纤,2026-08-22,正式财报,2026年半年报,-197.74,累计同比,-340.41,142.67,-55398867.849999994,2026-08-25,-0.36,2.51,False,24.0,41.37,81108481.0,45.6,False,25.6,观察池·仅利润断层,增速加速|正式财报|观察池,公告后无有效跳空,
603898,好莱客,主板,家居用品,2026-08-27,正式财报,2026年半年报,-154.53,单季同比,-1104.69,950.16,-12228125.329999998,2026-08-28,0.44,0.09,False,23.0,4.68,26081128.0,35.6,False,25.5,观察池·仅利润断层,增速加速|单季口径|正式财报|观察池,公告后无有效跳空,
603258,电魂网络,主板,游戏Ⅱ,2026-08-28,正式财报,2026年半年报,-529.4,累计同比,-1501.33,971.93,-36210436.489999995,2026-08-28,0.7,-1.16,False,23.0,8.01,23008578.0,33.9,False,25.5,观察池·仅利润断层,增速加速|正式财报|观察池,公告后无有效跳空,
600219,南山铝业,主板,工业金属,2026-08-20,正式财报,2026年半年报,24.4,单季同比,-35.39,59.79,1146551436.01,2026-08-21,-0.22,2.15,False,28.0,1.51,985521988.0,540.9,False,25.4,观察池·仅利润断层,增速加速|单季口径|正式财报|观察池,公告后无有效跳空,
002046,国机精工,主板,通用设备,2026-08-28,正式财报,2026年半年报,-32.4,单季同比,-110.26,77.86,58127659.39,2026-08-28,-0.29,0.02,False,23.0,14.24,619152156.0,320.2,False,25.4,观察池·仅利润断层,增速加速|单季口径|正式财报|观察池,公告后无有效跳空,
300207,欣旺达,创业板,电池,2026-08-27,正式财报,2026年半年报,4.06,单季同比,-70.49,74.55,488601737.3000001,2026-08-28,-0.5,-0.88,False,23.0,22.22,530906465.0,377.1,False,25.3,观察池·仅利润断层,增速加速|单季口径|正式财报|观察池,公告后无有效跳空,
603070,万控智造,主板,电网设备,2026-08-21,正式财报,2026年半年报,-98.93,单季同比,-305.87,206.94,374283.3500000015,2026-08-24,0.0,-1.55,False,27.0,-2.67,17401844.0,45.3,False,25.3,观察池·仅利润断层,增速加速|单季口径|正式财报|观察池,公告后无有效跳空,
002021,中捷资源,主板,专用设备,2026-08-27,正式财报,2026年半年报,112.85,单季同比,-150.99,263.84,4402780.99,2026-08-28,0.74,0.37,False,23.0,-5.49,43638487.0,30.8,True,25.2,观察池·低基数断层,增速加速|单季口径|正式财报|低基数|观察池,低基数：上年同期单季净利仅 207 万元，增速参考性弱|公告后无有效跳空,
600195,中牧股份,主板,动物保健Ⅱ,2026-08-27,正式财报,2026年半年报,44.61,单季同比,-62.23,106.84,25668345.090000004,2026-08-28,0.0,1.62,False,23.0,-0.74,72325991.0,68.7,False,25.2,观察池·仅利润断层,增速加速|单季口径|正式财报|观察池,公告后无有效跳空,
300695,兆丰股份,创业板,汽车零部件,2026-08-29,正式财报,2026年半年报,-22.02,单季同比,-152.59,130.57,30885281.490000002,2026-09-01,-0.76,4.35,False,21.0,1.53,141728375.0,50.2,False,25.2,观察池·仅利润断层,增速加速|单季口径|正式财报|观察池,公告后无有效跳空,
688459,哈铁科技,科创板,轨交设备Ⅱ,2026-08-14,正式财报,2026年半年报,-60.21,单季同比,-1025.9,965.69,13936712.7,2026-08-17,0.12,0.0,False,32.0,1.48,11756755.0,39.5,False,25.2,观察池·仅利润断层,增速加速|单季口径|正式财报|观察池,公告后无有效跳空,
002406,远东传动,主板,汽车零部件,2026-08-18,正式财报,2026年半年报,111.04,单季同比,58.54,52.5,55500422.46,2026-08-18,0.15,0.0,False,31.0,-6.82,98351275.0,36.1,False,25.1,观察池·仅利润断层,增速加速|单季口径|正式财报|观察池,公告后无有效跳空,
600301,华锡有色,主板,小金属,2026-08-18,正式财报,2026年半年报,54.09,单季同比,18.54,35.55,351980616.46,2026-08-18,0.8,-2.29,False,26.0,-3.05,696838976.0,137.2,False,25.1,观察池·仅利润断层,增速加速|单季口径|正式财报|观察池,公告后无有效跳空,
002009,天奇股份,主板,专用设备,2026-08-26,正式财报,2026年半年报,51.06,单季同比,-41.83,92.89,20438493.639999997,2026-08-27,0.91,1.15,False,24.0,-6.86,128435188.0,54.9,False,25.1,观察池·仅利润断层,增速加速|单季口径|正式财报|观察池,公告后无有效跳空,
002194,武汉凡谷,主板,通信设备,2026-08-26,正式财报,2026年半年报,-31.23,累计同比,-119.16,87.93,2686640.17,2026-08-26,-0.59,1.88,False,25.0,-3.58,420963255.0,49.9,False,25.1,观察池·仅利润断层,增速加速|正式财报|观察池,公告后无有效跳空,
002245,蔚蓝锂芯,主板,电池,2026-08-18,正式财报,2026年半年报,64.68,单季同比,38.14,26.54,315180480.74,2026-08-18,0.62,-1.49,False,31.0,-17.42,1676931044.0,260.0,False,25.0,观察池·仅利润断层,增速加速|单季口径|正式财报|观察池,公告后无有效跳空,
600373,中文传媒,主板,出版,2026-08-27,正式财报,2026年半年报,56.05,单季同比,-38.01,94.06,179880676.42999998,2026-08-27,0.56,-0.14,False,24.0,3.73,91187631.0,101.2,False,25.0,观察池·仅利润断层,增速加速|单季口径|正式财报|观察池,公告后无有效跳空,
001235,里得电科,主板,nan,2026-08-05,正式财报,2026年半年报,-2.51,单季同比,-274.72,272.21,24618478.33,,,,,,,,,False,25.0,观察池·仅利润断层,增速加速|单季口径|正式财报|观察池,行情数据缺失,
603887,城地香江,主板,IT服务Ⅱ,2026-08-25,正式财报,2026年半年报,-63.62,单季同比,-173.6,109.98,6960171.620000001,2026-08-26,-1.62,-0.97,False,25.0,-10.08,269145878.0,49.4,False,25.0,观察池·仅利润断层,增速加速|单季口径|正式财报|观察池,公告后无有效跳空,
600500,中化国际,主板,化学制品,2026-08-08,正式财报,2026年半年报,68.28,累计同比,45.54,22.74,-65179805.96999997,2026-08-10,0.18,-3.63,False,37.0,-7.97,1362259139.0,182.3,False,24.9,观察池·仅利润断层,增速加速|正式财报|观察池,公告后无有效跳空,
002674,兴业科技,主板,纺织制造,2026-08-25,正式财报,2026年半年报,63.21,单季同比,19.31,43.9,20096662.830000002,2026-08-26,0.19,-3.85,False,25.0,-24.5,387067592.0,58.0,False,24.9,观察池·仅利润断层,增速加速|单季口径|正式财报|观察池,公告后无有效跳空,
605186,健麾信息,主板,自动化设备,2026-08-28,正式财报,2026年半年报,130.68,单季同比,-0.39,131.07,3688820.4799999995,2026-08-28,0.0,0.15,False,23.0,-4.49,62894536.0,33.5,True,24.8,观察池·低基数断层,增速加速|单季口径|正式财报|低基数|观察池,低基数：上年同期单季净利仅 160 万元，增速参考性弱|公告后无有效跳空,
600186,莲花控股,主板,调味发酵品Ⅱ,2026-08-29,正式财报,2026年半年报,65.9,单季同比,42.06,23.84,100117489.94,2026-09-01,1.04,0.52,False,21.0,-1.97,2751053247.0,205.0,False,24.8,观察池·仅利润断层,增速加速|单季口径|正式财报|观察池,公告后无有效跳空,
600728,佳都科技,主板,IT服务Ⅱ,2026-08-26,正式财报,2026年半年报,23.74,单季同比,-89.76,113.5,18424019.03,2026-08-26,0.43,0.87,False,25.0,-3.89,115230703.0,94.9,False,24.8,观察池·仅利润断层,增速加速|单季口径|正式财报|观察池,公告后无有效跳空,
300721,怡达股份,创业板,化学制品,2026-08-22,正式财报,2026年半年报,148.89,累计同比,111.9,36.99,26480154.8,2026-08-24,-1.06,0.0,False,27.0,-11.42,240484590.0,27.6,False,24.6,观察池·仅利润断层,增速加速|正式财报|观察池,公告后无有效跳空|流通市值 < 30 亿元,
300112,万讯自控,创业板,通用设备,2026-08-25,正式财报,2026年半年报,87.52,累计同比,24.15,63.37,4269485.0600000005,2026-08-26,1.96,-1.5,False,25.0,-10.09,371361396.0,26.7,False,24.6,观察池·仅利润断层,增速加速|正式财报|观察池,公告后无有效跳空|流通市值 < 30 亿元,
688117,圣诺生物,科创板,生物制品,2026-08-20,正式财报,2026年半年报,64.52,单季同比,40.84,23.68,68831777.53,2026-08-20,1.49,-1.12,False,29.0,-32.01,521565722.0,40.9,False,24.6,观察池·仅利润断层,增速加速|单季口径|正式财报|观察池,公告后无有效跳空,
688516,奥特维,科创板,光伏设备,2026-08-25,正式财报,2026年半年报,21.1,单季同比,-35.42,56.52,212936191.14,2026-08-26,1.37,3.31,False,25.0,-5.46,747329191.0,132.0,False,24.6,观察池·仅利润断层,增速加速|单季口径|正式财报|观察池,公告后无有效跳空,
600888,新疆众和,主板,工业金属,2026-08-21,正式财报,2026年半年报,51.82,单季同比,19.52,32.3,258037293.27999997,2026-08-21,1.12,4.49,False,28.0,-1.41,623985768.0,151.9,False,24.5,观察池·仅利润断层,增速加速|单季口径|正式财报|观察池,公告后无有效跳空,
600707,彩虹股份,主板,光学光电子,2026-08-27,正式财报,2026年半年报,-26.98,单季同比,-98.28,71.3,94435620.23,2026-08-27,0.87,3.82,False,24.0,9.09,984034792.0,361.6,False,24.5,观察池·仅利润断层,增速加速|单季口径|正式财报|观察池,公告后无有效跳空,
600517,国网英大,主板,多元金融,2026-08-27,正式财报,2026年半年报,49.12,单季同比,-35.44,84.56,809898256.04,2026-08-27,1.2,1.6,False,24.0,-2.37,160653187.0,282.5,False,24.4,观察池·仅利润断层,增速加速|单季口径|正式财报|观察池,公告后无有效跳空,
002363,隆基机械,主板,汽车零部件,2026-08-28,正式财报,2026年半年报,95.57,单季同比,-6.7,102.27,24805283.17,2026-08-28,1.67,2.73,False,23.0,3.58,55964725.0,28.9,False,24.3,观察池·仅利润断层,增速加速|单季口径|正式财报|观察池,公告后无有效跳空|流通市值 < 30 亿元,
002334,英威腾,主板,自动化设备,2026-08-28,正式财报,2026年半年报,-50.63,单季同比,-187.49,136.86,43537618.11,2026-08-28,0.0,-0.59,False,23.0,-5.47,50264759.0,47.0,False,24.3,观察池·仅利润断层,增速加速|单季口径|正式财报|观察池,公告后无有效跳空,
300106,西部牧业,创业板,饮料乳品,2026-08-29,正式财报,2026年半年报,170.75,累计同比,150.52,20.23,25889088.33,2026-08-31,0.54,0.99,False,22.0,-4.65,222491777.0,22.5,False,24.2,观察池·仅利润断层,增速加速|正式财报|观察池,公告后无有效跳空|流通市值 < 30 亿元,
002372,伟星新材,主板,装修建材,2026-08-07,正式财报,2026年半年报,71.96,单季同比,5.08,66.88,270530404.98,2026-08-07,1.28,0.35,False,38.0,0.23,154469788.0,128.5,False,24.2,观察池·仅利润断层,增速加速|单季口径|正式财报|观察池,公告后无有效跳空,
688041,海光信息,科创板,半导体,2026-08-14,正式财报,2026年半年报,59.78,单季同比,35.82,23.96,1111373581.32,2026-08-14,1.39,-1.75,False,33.0,-21.79,5356930111.0,5271.6,False,24.2,观察池·仅利润断层,增速加速|单季口径|正式财报|观察池,公告后无有效跳空,
002656,摩登大道,主板,服装家纺,2026-08-26,正式财报,2026年半年报,33.9,累计同比,-140.36,174.26,-12332871.34,2026-08-27,-0.67,-2.68,False,24.0,-4.71,39345983.0,19.4,False,24.2,观察池·仅利润断层,增速加速|正式财报|观察池,公告后无有效跳空|流通市值 < 30 亿元,
000816,智慧农业,主板,汽车零部件,2026-08-18,正式财报,2026年半年报,12.05,单季同比,-92.65,104.7,18290949.63,2026-08-18,0.0,3.56,False,31.0,-0.71,203843651.0,40.2,False,24.2,观察池·仅利润断层,增速加速|单季口径|正式财报|观察池,公告后无有效跳空,
603777,来伊份,主板,休闲食品,2026-08-27,正式财报,2026年半年报,-81.77,累计同比,-212.9,131.13,-78091121.74000001,2026-08-27,-0.22,-0.93,False,24.0,-2.88,84321610.0,45.1,False,24.2,观察池·仅利润断层,增速加速|正式财报|观察池,公告后无有效跳空,
301569,联亚药业,创业板,化学制药,2026-09-17,正式财报,2026年半年报,83.79,单季同比,4.03,79.76,77839188.94999999,,,,,,,,,False,24.0,观察池·仅利润断层,增速加速|单季口径|正式财报|观察池,行情数据缺失,
300802,矩子科技,创业板,自动化设备,2026-08-27,正式财报,2026年半年报,65.87,单季同比,1.02,64.85,29695571.950000003,2026-08-27,1.74,1.3,False,24.0,2.99,189120911.0,48.8,False,24.0,观察池·仅利润断层,增速加速|单季口径|正式财报|观察池,公告后无有效跳空,
600958,东方证券,主板,证券Ⅱ,2026-08-29,正式财报,2026年半年报,44.59,单季同比,10.55,34.04,2931351301.8100004,2026-08-31,-0.33,0.0,False,22.0,-5.57,600749220.0,646.1,False,24.0,观察池·仅利润断层,增速加速|单季口径|正式财报|观察池,公告后无有效跳空,
603823,百合花,主板,化学制品,2026-08-25,正式财报,2026年半年报,34.99,单季同比,-6.23,41.22,72554288.87,2026-08-26,0.3,-1.33,False,25.0,-36.84,1707162600.0,176.6,False,24.0,观察池·仅利润断层,增速加速|单季口径|正式财报|观察池,公告后无有效跳空,
688141,杰华特,科创板,半导体,2026-08-27,正式财报,2026年半年报,-76.21,累计同比,-143.54,67.33,-243776289.77000004,2026-08-27,1.46,7.6,False,24.0,-22.23,2384628138.0,432.1,False,24.0,观察池·仅利润断层,增速加速|正式财报|观察池,公告后无有效跳空,
603017,中衡设计,主板,工程咨询服务Ⅱ,2026-08-25,正式财报,2026年半年报,26.93,单季同比,-1.97,28.9,45615360.66,2026-08-25,1.17,6.18,True,26.0,5.58,115371321.0,27.7,False,23.9,观察池·仅利润断层,增速加速|单季口径|正式财报|缺口未回补|观察池,流通市值 < 30 亿元,
001376,百通能源,主板,电力,2026-08-28,正式财报,2026年半年报,7.41,单季同比,-15.9,23.31,51753726.24999999,2026-08-28,1.99,9.97,True,23.0,13.41,250299088.0,26.1,False,23.9,观察池·仅利润断层,增速加速|单季口径|正式财报|缺口未回补|观察池,流通市值 < 30 亿元,
600481,双良节能,主板,光伏设备,2026-08-28,正式财报,2026年半年报,-28.31,累计同比,-144.6,116.29,-371253814.96,2026-08-28,0.0,1.15,False,23.0,-7.14,168626103.0,83.2,False,23.9,观察池·仅利润断层,增速加速|正式财报|观察池,公告后无有效跳空,
688083,中望软件,科创板,软件开发,2026-08-15,正式财报,2026年半年报,67.08,累计同比,20.15,46.93,21051757.980000004,2026-08-18,-1.24,2.04,False,31.0,-7.55,289238348.0,85.0,False,23.8,观察池·仅利润断层,增速加速|正式财报|观察池,公告后无有效跳空,
688138,清溢光电,科创板,半导体,2026-08-26,正式财报,2026年半年报,54.5,单季同比,7.64,46.86,62258407.74,2026-08-26,0.98,2.72,False,25.0,5.45,357139831.0,113.2,False,23.8,观察池·仅利润断层,增速加速|单季口径|正式财报|观察池,公告后无有效跳空,
600938,中国海油,主板,油气开采Ⅱ,2026-08-27,正式财报,2026年半年报,41.57,单季同比,7.1,34.47,46674000000.0,2026-08-28,0.35,1.09,False,23.0,-1.53,1060948654.0,999.3,False,23.8,观察池·仅利润断层,增速加速|单季口径|正式财报|观察池,公告后无有效跳空,
600609,金杯汽车,主板,汽车零部件,2026-08-27,正式财报,2026年半年报,56.51,单季同比,-32.37,88.88,41075176.620000005,2026-08-27,-0.29,-0.88,False,24.0,7.1,61517553.0,47.2,False,23.7,观察池·仅利润断层,增速加速|单季口径|正式财报|观察池,公告后无有效跳空,
300102,乾照光电,创业板,光学光电子,2026-08-24,正式财报,2026年半年报,46.78,单季同比,6.59,40.19,60806608.589999996,2026-08-24,-0.72,-2.81,False,27.0,-12.33,432720985.0,144.5,False,23.7,观察池·仅利润断层,增速加速|单季口径|正式财报|观察池,公告后无有效跳空,
688661,和林微纳,科创板,半导体,2026-08-25,正式财报,2026年半年报,46.72,单季同比,-148.32,195.04,6071811.119999999,2026-08-26,0.81,-1.87,False,25.0,-6.78,299630548.0,140.5,True,23.7,观察池·低基数断层,增速加速|单季口径|正式财报|低基数|观察池,低基数：上年同期单季净利仅 414 万元，增速参考性弱|公告后无有效跳空,
600620,天宸股份,主板,综合Ⅱ,2026-08-28,正式财报,2026年半年报,31.6,单季同比,-388.93,420.53,20581827.64,2026-08-31,-0.22,-1.11,False,22.0,-3.33,25961808.0,29.9,False,23.7,观察池·仅利润断层,增速加速|单季口径|正式财报|观察池,公告后无有效跳空|流通市值 < 30 亿元,
002016,世荣兆业,主板,房地产开发,2026-08-26,正式财报,2026年半年报,262.4,单季同比,238.52,23.88,33348699.360000003,2026-08-27,0.43,1.09,False,24.0,7.14,58838270.0,40.1,True,23.6,观察池·低基数断层,增速加速|单季口径|正式财报|低基数|观察池,低基数：上年同期单季净利仅 920 万元，增速参考性弱|公告后无有效跳空,
301588,美新科技,创业板,家居用品,2026-08-28,正式财报,2026年半年报,121.66,单季同比,-33.32,154.98,13740345.030000001,2026-08-28,-0.03,-6.48,False,23.0,-14.7,172594679.0,18.8,True,23.6,观察池·低基数断层,增速加速|单季口径|正式财报|低基数|观察池,低基数：上年同期单季净利仅 620 万元，增速参考性弱|公告后无有效跳空|流通市值 < 30 亿元,
000875,电投绿能,主板,电力,2026-08-25,正式财报,2026年半年报,27.27,单季同比,-56.0,83.27,130260591.32000005,2026-08-25,-0.2,-2.58,False,26.0,-6.96,231914331.0,156.4,False,23.5,观察池·仅利润断层,增速加速|单季口径|正式财报|观察池,公告后无有效跳空,
600488,津药药业,主板,化学制药,2026-08-26,正式财报,2026年半年报,-12.43,累计同比,-76.07,63.64,29282201.71,2026-08-27,-0.56,5.95,False,24.0,25.05,779165714.0,73.0,False,23.5,观察池·仅利润断层,增速加速|正式财报|观察池,公告后无有效跳空,
688216,气派科技,科创板,半导体,2026-08-28,正式财报,2026年半年报,120.32,累计同比,88.42,31.9,15644854.879999999,2026-08-28,-0.16,-2.22,False,23.0,22.08,105393217.0,40.2,False,23.4,观察池·仅利润断层,增速加速|正式财报|观察池,公告后无有效跳空,
688628,优利德,科创板,通用设备,2026-08-15,正式财报,2026年半年报,57.13,单季同比,31.68,25.45,67411475.46,2026-08-17,0.85,8.88,False,32.0,21.39,464199888.0,96.6,False,23.4,观察池·仅利润断层,增速加速|单季口径|正式财报|观察池,公告后无有效跳空,
603284,林平发展,主板,造纸,2026-08-18,正式财报,2026年半年报,76.4,单季同比,-9.74,86.14,69407080.5,2026-08-18,-0.93,-6.78,False,31.0,-11.52,207039084.0,7.6,False,23.3,观察池·仅利润断层,增速加速|单季口径|正式财报|观察池,公告后无有效跳空|流通市值 < 30 亿元,
600403,大有能源,主板,煤炭开采,2026-08-25,正式财报,2026年半年报,24.49,累计同比,-19.43,43.92,-273732544.07,2026-08-25,-0.96,-2.6,False,26.0,-2.9,1272534793.0,167.8,False,23.3,观察池·仅利润断层,增速加速|正式财报|观察池,公告后无有效跳空,
002913,奥士康,主板,元件,2026-08-28,正式财报,2026年半年报,-21.97,单季同比,-84.46,62.49,65211687.87,2026-08-31,-0.81,8.45,False,22.0,57.56,529271438.0,281.9,False,23.3,观察池·仅利润断层,增速加速|单季口径|正式财报|观察池,公告后无有效跳空,
001229,魅视科技,主板,计算机设备,2026-08-24,正式财报,2026年半年报,-32.74,单季同比,-180.0,147.26,8892416.21,2026-08-25,0.14,-2.6,False,26.0,-14.76,182082011.0,27.4,False,23.3,观察池·仅利润断层,增速加速|单季口径|正式财报|观察池,公告后无有效跳空|流通市值 < 30 亿元,
002878,元隆雅图,主板,广告营销,2026-08-24,正式财报,2026年半年报,20.17,累计同比,-166.68,186.85,-654841.9100000001,2026-08-24,-0.08,-2.74,False,27.0,2.09,60600546.0,29.9,False,23.2,观察池·仅利润断层,增速加速|正式财报|观察池,公告后无有效跳空|流通市值 < 30 亿元,
301557,常友科技,创业板,风电设备,2026-08-28,正式财报,2026年半年报,20.07,单季同比,-146.18,166.25,28195556.94,2026-08-28,0.01,0.13,False,23.0,-7.11,60670361.0,19.9,False,23.2,观察池·仅利润断层,增速加速|单季口径|正式财报|观察池,公告后无有效跳空|流通市值 < 30 亿元,
603360,百傲化学,主板,农化制品,2026-08-26,正式财报,2026年半年报,7.12,单季同比,-65.28,72.4,44590667.56,2026-08-26,0.22,-1.02,False,25.0,-11.16,392142701.0,86.6,False,23.2,观察池·仅利润断层,增速加速|单季口径|正式财报|观察池,公告后无有效跳空,
688249,晶合集成,科创板,半导体,2026-08-25,正式财报,2026年半年报,-0.99,单季同比,-62.61,61.62,194714170.93,2026-08-26,0.62,2.49,False,25.0,-12.74,651351596.0,658.7,False,23.2,观察池·仅利润断层,增速加速|单季口径|正式财报|观察池,公告后无有效跳空,
300398,飞凯材料,创业板,电子化学品Ⅱ,2026-08-27,正式财报,2026年半年报,40.02,单季同比,9.57,30.45,135931369.15,2026-08-27,0.2,4.11,False,24.0,-3.47,1473362817.0,192.4,False,23.1,观察池·仅利润断层,增速加速|单季口径|正式财报|观察池,公告后无有效跳空,
688007,光峰科技,科创板,消费电子,2026-08-22,正式财报,2026年半年报,29.47,累计同比,-74.53,104.0,-55072451.76,2026-08-25,0.2,4.43,False,26.0,5.82,62869145.0,48.4,False,23.1,观察池·仅利润断层,增速加速|正式财报|观察池,公告后无有效跳空,
600864,哈投股份,主板,证券Ⅱ,2026-08-15,正式财报,2026年半年报,24.2,单季同比,-33.03,57.23,324621723.46999997,2026-08-17,1.86,4.66,False,32.0,2.74,401898030.0,116.9,False,23.1,观察池·仅利润断层,增速加速|单季口径|正式财报|观察池,公告后无有效跳空,
002420,毅昌科技,主板,综合Ⅱ,2026-08-22,正式财报,2026年半年报,85.94,单季同比,-14.89,100.83,23304815.9,2026-08-24,0.51,0.0,False,27.0,3.92,46450677.0,24.6,False,23.0,观察池·仅利润断层,增速加速|单季口径|正式财报|观察池,公告后无有效跳空|流通市值 < 30 亿元,
688565,力源科技,科创板,环境治理,2026-08-29,正式财报,2026年半年报,49.9,累计同比,-80.65,130.55,3634041.2199999997,2026-08-31,0.09,3.92,False,22.0,3.12,30242668.0,17.3,False,23.0,观察池·仅利润断层,增速加速|正式财报|观察池,公告后无有效跳空|流通市值 < 30 亿元,
002920,德赛西威,主板,汽车零部件,2026-08-14,正式财报,2026年半年报,22.31,单季同比,-20.74,43.05,783157355.7199999,2026-08-14,1.51,-5.63,False,33.0,-18.69,1550811527.0,473.0,False,23.0,观察池·仅利润断层,增速加速|单季口径|正式财报|观察池,公告后无有效跳空,
688234,天岳先进,科创板,半导体,2026-08-20,正式财报,2026年半年报,-19.86,单季同比,-810.36,790.5,1893004.759999998,2026-08-20,0.0,-3.93,False,29.0,-7.32,1576688506.0,448.6,True,23.0,观察池·低基数断层,增速加速|单季口径|正式财报|低基数|观察池,低基数：上年同期单季净利仅 236 万元，增速参考性弱|公告后无有效跳空,
688087,英科再生,科创板,家居用品,2026-08-26,正式财报,2026年半年报,39.54,单季同比,-29.42,68.96,102562907.93,2026-08-26,0.33,-7.95,False,25.0,-23.51,236971344.0,60.3,False,22.9,观察池·仅利润断层,增速加速|单季口径|正式财报|观察池,公告后无有效跳空,
002774,快意电梯,主板,专用设备,2026-08-25,正式财报,2026年半年报,-14.25,单季同比,-117.6,103.35,19575506.58,2026-08-26,0.0,-3.94,False,25.0,4.91,203759427.0,48.8,False,22.9,观察池·仅利润断层,增速加速|单季口径|正式财报|观察池,公告后无有效跳空,
300713,英可瑞,创业板,其他电源设备Ⅱ,2026-09-18,正式财报,2026年半年报,-59.33,累计同比,-105.54,46.21,-21898070.310000002,2026-09-21,1.02,7.11,True,7.0,10.68,88743743.0,12.8,False,22.9,观察池·仅利润断层,增速加速|正式财报|缺口未回补|观察池,流通市值 < 30 亿元,
002128,电投能源,主板,煤炭开采,2026-08-26,正式财报,2026年半年报,65.41,单季同比,28.35,37.06,3291574554.2199993,2026-08-26,0.45,2.49,False,25.0,3.41,317579126.0,625.4,False,22.8,观察池·仅利润断层,增速加速|单季口径|正式财报|观察池,公告后无有效跳空,
002171,楚江新材,主板,工业金属,2026-08-28,正式财报,2026年半年报,37.17,单季同比,6.39,30.78,163485465.60000002,2026-08-28,0.4,2.69,False,23.0,-2.78,835506388.0,158.5,False,22.8,观察池·仅利润断层,增速加速|单季口径|正式财报|观察池,公告后无有效跳空,
002649,博彦科技,主板,IT服务Ⅱ,2026-08-26,正式财报,2026年半年报,13.86,单季同比,-83.79,97.65,58725155.09,2026-08-27,0.0,0.51,False,24.0,-5.97,170644736.0,53.5,False,22.8,观察池·仅利润断层,增速加速|单季口径|正式财报|观察池,公告后无有效跳空,
300493,润欣科技,创业板,其他电子Ⅱ,2026-08-27,正式财报,2026年半年报,70.46,单季同比,32.69,37.77,29378287.85,2026-08-27,1.98,6.35,False,24.0,0.89,281952928.0,63.9,False,22.7,观察池·仅利润断层,增速加速|单季口径|正式财报|观察池,公告后无有效跳空,
300763,锦浪科技,创业板,光伏设备,2026-08-29,正式财报,2026年半年报,-11.18,单季同比,-68.59,57.41,361898530.25,2026-09-01,-0.66,-3.69,False,21.0,-13.75,629847872.0,170.3,False,22.7,观察池·仅利润断层,增速加速|单季口径|正式财报|观察池,公告后无有效跳空,
000913,钱江摩托,主板,摩托车及其他,2026-08-28,正式财报,2026年半年报,-23.27,单季同比,-144.89,121.62,140074576.22,2026-08-28,0.95,-0.52,False,23.0,-8.47,72502892.0,55.7,False,22.7,观察池·仅利润断层,增速加速|单季口径|正式财报|观察池,公告后无有效跳空,
300782,卓胜微,创业板,半导体,2026-08-26,正式财报,2026年半年报,-151.53,累计同比,-209.53,58.0,-226434661.18999997,2026-08-27,0.69,4.07,False,24.0,-9.34,986942732.0,321.8,False,22.7,观察池·仅利润断层,增速加速|正式财报|观察池,公告后无有效跳空,
000685,中山公用,主板,环境治理,2026-08-29,正式财报,2026年半年报,113.2,单季同比,91.5,21.7,884404068.0399998,2026-09-01,0.0,0.09,False,21.0,-6.57,168125299.0,133.0,False,22.6,观察池·仅利润断层,增速加速|单季口径|正式财报|观察池,公告后无有效跳空,
605580,恒盛能源,主板,电力,2026-08-27,正式财报,2026年半年报,76.24,单季同比,14.67,61.57,45632075.61,2026-08-27,1.77,5.14,False,24.0,17.07,89936885.0,58.4,False,22.6,观察池·仅利润断层,增速加速|单季口径|正式财报|观察池,公告后无有效跳空,
301207,华兰疫苗,创业板,生物制品,2026-08-29,正式财报,2026年半年报,75.23,累计同比,14.0,61.23,-922549.6000000015,2026-09-01,-0.29,0.86,False,21.0,16.11,96719018.0,120.8,False,22.6,观察池·仅利润断层,增速加速|正式财报|观察池,公告后无有效跳空,
600679,上海凤凰,主板,摩托车及其他,2026-08-31,正式财报,2026年半年报,37.64,单季同比,-60.58,98.22,23653027.889999997,2026-08-31,0.1,-0.29,False,22.0,3.53,39463315.0,36.3,False,22.6,观察池·仅利润断层,增速加速|单季口径|正式财报|观察池,公告后无有效跳空,
000727,冠捷科技,主板,光学光电子,2026-08-26,正式财报,2026年半年报,18.81,累计同比,-66.57,85.38,-116678368.71999997,2026-08-26,0.0,0.44,False,25.0,-3.96,218700719.0,98.7,False,22.6,观察池·仅利润断层,增速加速|正式财报|观察池,公告后无有效跳空,
603081,大丰实业,主板,专用设备,2026-08-27,正式财报,2026年半年报,16.67,单季同比,-88.41,105.08,49522351.29,2026-08-27,0.0,-0.99,False,24.0,-7.6,94646256.0,39.5,False,22.6,观察池·仅利润断层,增速加速|单季口径|正式财报|观察池,公告后无有效跳空,
603601,再升科技,主板,专业工程,2026-08-25,正式财报,2026年半年报,14.24,单季同比,-57.37,71.61,30535024.430000003,2026-08-26,0.0,-1.33,False,25.0,5.56,331360145.0,108.5,False,22.6,观察池·仅利润断层,增速加速|单季口径|正式财报|观察池,公告后无有效跳空,
688772,珠海冠宇,科创板,电池,2026-08-26,正式财报,2026年半年报,-184.32,单季同比,-257.46,73.14,-118488369.88000001,2026-08-27,0.0,0.0,False,24.0,-4.59,390500185.0,163.2,False,22.6,观察池·仅利润断层,增速加速|单季口径|正式财报|观察池,公告后无有效跳空,
300185,通裕重工,创业板,风电设备,2026-08-22,正式财报,2026年半年报,65.28,单季同比,6.23,59.05,36146980.220000006,2026-08-24,0.37,0.75,False,27.0,4.48,157062857.0,107.7,False,22.5,观察池·仅利润断层,增速加速|单季口径|正式财报|观察池,公告后无有效跳空,
300774,倍杰特,创业板,环境治理,2026-08-26,正式财报,2026年半年报,-67.28,单季同比,-283.59,216.31,10918756.079999998,2026-08-26,-0.18,-0.27,False,25.0,-13.2,124910421.0,19.6,False,22.5,观察池·仅利润断层,增速加速|单季口径|正式财报|观察池,公告后无有效跳空|流通市值 < 30 亿元,
000798,中水渔业,主板,渔业,2026-08-21,正式财报,2026年半年报,25.55,单季同比,-62.89,88.44,128519205.11,2026-08-21,0.83,2.83,False,28.0,14.5,151885325.0,35.8,False,22.4,观察池·仅利润断层,增速加速|单季口径|正式财报|观察池,公告后无有效跳空,
600017,日照港,主板,航运港口,2026-08-27,正式财报,2026年半年报,14.79,单季同比,-37.08,51.87,237166403.57999998,2026-08-27,0.72,5.8,False,24.0,1.8,450874168.0,87.0,False,22.4,观察池·仅利润断层,增速加速|单季口径|正式财报|观察池,公告后无有效跳空,
001211,双枪科技,主板,家居用品,2026-08-27,正式财报,2026年半年报,130.96,单季同比,-41.48,172.44,2414614.1800000006,2026-08-28,0.51,0.34,False,23.0,25.78,58255221.0,27.6,True,22.3,观察池·低基数断层,增速加速|单季口径|正式财报|低基数|观察池,低基数：上年同期单季净利仅 105 万元，增速参考性弱|公告后无有效跳空|流通市值 < 30 亿元,
300710,万隆光电,创业板,通信设备,2026-08-29,正式财报,2026年半年报,3.32,累计同比,-143.1,146.42,-4429943.639999999,2026-09-01,0.03,0.74,False,21.0,-6.73,121731622.0,21.7,False,22.3,观察池·仅利润断层,增速加速|正式财报|观察池,公告后无有效跳空|流通市值 < 30 亿元,
300937,药易购,创业板,医药商业,2026-08-25,正式财报,2026年半年报,-3.01,累计同比,-165.02,162.01,-6806667.51,2026-08-26,0.86,-1.68,False,25.0,-6.78,114462513.0,15.6,False,22.3,观察池·仅利润断层,增速加速|正式财报|观察池,公告后无有效跳空|流通市值 < 30 亿元,
002277,友阿股份,主板,一般零售,2026-08-28,正式财报,2026年半年报,68.72,单季同比,15.74,52.98,28429699.22,2026-08-28,-0.77,-1.54,False,23.0,-25.54,161137776.0,67.1,False,22.2,观察池·仅利润断层,增速加速|单季口径|正式财报|观察池,公告后无有效跳空,
002601,龙佰集团,主板,化学原料,2026-08-27,正式财报,2026年半年报,-6.05,单季同比,-72.74,66.69,656829203.11,2026-08-28,0.62,2.15,False,23.0,-10.03,412554746.0,291.2,False,22.1,观察池·仅利润断层,增速加速|单季口径|正式财报|观察池,公告后无有效跳空,
300264,佳创视讯,创业板,IT服务Ⅱ,2026-08-29,正式财报,2026年半年报,-53.54,累计同比,-304.98,251.44,-7424759.110000001,2026-09-01,0.0,1.54,False,21.0,-8.49,105086081.0,22.0,False,22.1,观察池·仅利润断层,增速加速|正式财报|观察池,公告后无有效跳空|流通市值 < 30 亿元,
603228,景旺电子,主板,元件,2026-08-22,正式财报,2026年半年报,13.61,单季同比,-28.37,41.98,368931208.07000005,2026-08-24,0.0,-3.37,False,27.0,6.72,3304393217.0,993.9,False,22.0,观察池·仅利润断层,增速加速|单季口径|正式财报|观察池,公告后无有效跳空,
002355,兴民智通,主板,汽车零部件,2026-08-24,正式财报,2026年半年报,-7.95,累计同比,-223.58,215.63,-46978585.109999985,2026-08-24,1.46,-2.29,False,27.0,-5.53,99212777.0,29.5,False,22.0,观察池·仅利润断层,增速加速|正式财报|观察池,公告后无有效跳空|流通市值 < 30 亿元,
300868,杰美特,创业板,消费电子,2026-08-25,正式财报,2026年半年报,-46.72,累计同比,-120.35,73.63,-6470136.33,2026-08-25,0.0,2.4,False,26.0,-20.2,359123813.0,58.7,False,22.0,观察池·仅利润断层,增速加速|正式财报|观察池,公告后无有效跳空,
300080,易成新能,创业板,光伏设备,2026-08-28,正式财报,2026年半年报,-70.24,累计同比,-188.65,118.41,-168229905.57,2026-08-31,-1.04,-1.57,False,22.0,-2.64,61404278.0,69.1,False,22.0,观察池·仅利润断层,增速加速|正式财报|观察池,公告后无有效跳空,
688502,茂莱光学,科创板,光学光电子,2026-08-29,正式财报,2026年半年报,-114.32,单季同比,-166.75,52.43,-2308281.91,2026-09-01,0.44,-4.69,False,21.0,-9.58,553373801.0,213.3,False,22.0,观察池·仅利润断层,增速加速|单季口径|正式财报|观察池,公告后无有效跳空,
000750,国海证券,主板,证券Ⅱ,2026-08-29,正式财报,2026年半年报,73.37,单季同比,28.28,45.09,293983817.13,2026-08-31,0.0,-0.26,False,22.0,-6.23,176660646.0,209.2,False,21.9,观察池·仅利润断层,增速加速|单季口径|正式财报|观察池,公告后无有效跳空,
002673,西部证券,主板,证券Ⅱ,2026-08-27,正式财报,2026年半年报,52.0,单季同比,-2.25,54.25,750650935.0999999,2026-08-28,-0.15,-0.44,False,23.0,-3.8,224720729.0,294.5,False,21.9,观察池·仅利润断层,增速加速|单季口径|正式财报|观察池,公告后无有效跳空,
300351,永贵电器,创业板,轨交设备Ⅱ,2026-08-26,正式财报,2026年半年报,-81.74,单季同比,-193.46,111.72,5753206.699999999,2026-08-27,-0.64,1.49,False,24.0,-3.94,101384233.0,35.3,False,21.9,观察池·仅利润断层,增速加速|单季口径|正式财报|观察池,公告后无有效跳空,
002539,云图控股,主板,农化制品,2026-08-26,正式财报,2026年半年报,57.34,单季同比,19.62,37.72,404543087.54999995,2026-08-27,0.0,3.08,False,24.0,-9.55,301998676.0,104.6,False,21.8,观察池·仅利润断层,增速加速|单季口径|正式财报|观察池,公告后无有效跳空,
300383,光环新网,创业板,通信服务,2026-08-27,正式财报,2026年半年报,-16.28,单季同比,-67.52,51.24,38392448.42,2026-08-28,-0.4,-1.29,False,23.0,-12.96,512335501.0,193.0,False,21.8,观察池·仅利润断层,增速加速|单季口径|正式财报|观察池,公告后无有效跳空,
002806,华锋股份,主板,汽车零部件,2026-08-26,正式财报,2026年半年报,-182.54,累计同比,-418.36,235.82,-5008453.589999998,2026-08-27,1.18,1.46,False,24.0,-0.89,88234026.0,24.1,False,21.8,观察池·仅利润断层,增速加速|正式财报|观察池,公告后无有效跳空|流通市值 < 30 亿元,
688147,微导纳米,科创板,半导体,2026-08-29,正式财报,2026年半年报,-24.78,单季同比,-75.01,50.23,81431441.69999999,2026-09-01,-0.48,-3.92,False,21.0,-18.87,1079413727.0,471.0,False,21.7,观察池·仅利润断层,增速加速|单季口径|正式财报|观察池,公告后无有效跳空,
002929,润建股份,主板,通信服务,2026-08-26,正式财报,2026年半年报,-31.72,累计同比,-81.82,50.1,14185551.17,2026-08-27,0.29,2.12,False,24.0,-12.17,575750352.0,99.9,False,21.7,观察池·仅利润断层,增速加速|正式财报|观察池,公告后无有效跳空,
300510,金冠股份,创业板,电网设备,2026-08-28,正式财报,2026年半年报,-71.22,累计同比,-449.78,378.56,-42396918.03,2026-08-28,-0.58,0.86,False,23.0,-0.87,84376125.0,28.2,False,21.7,观察池·仅利润断层,增速加速|正式财报|观察池,公告后无有效跳空|流通市值 < 30 亿元,
002001,新和成,主板,化学制品,2026-08-20,正式财报,2026年半年报,26.7,单季同比,-2.8,29.5,2183505596.09,2026-08-21,-0.88,-1.52,False,28.0,-7.32,1022605484.0,788.1,False,21.6,观察池·仅利润断层,增速加速|单季口径|正式财报|观察池,公告后无有效跳空,
300903,科翔股份,创业板,元件,2026-08-28,正式财报,2026年半年报,-7.0,累计同比,-56.33,49.33,-14378526.920000002,2026-08-28,-1.77,1.77,False,23.0,3.57,3029916395.0,324.3,False,21.6,观察池·仅利润断层,增速加速|正式财报|观察池,公告后无有效跳空,
603660,苏州科达,主板,计算机设备,2026-08-29,正式财报,2026年半年报,-32.83,累计同比,-136.3,103.47,-123944577.16999999,2026-09-01,-0.18,-1.19,False,21.0,-16.28,142446989.0,52.0,False,21.6,观察池·仅利润断层,增速加速|正式财报|观察池,公告后无有效跳空,
001388,信通电子,主板,电网设备,2026-08-22,正式财报,2026年半年报,-37.8,单季同比,-260.02,222.22,26653819.990000002,2026-08-24,-0.8,-1.74,False,27.0,-7.66,81312395.0,24.4,False,21.6,观察池·仅利润断层,增速加速|单季口径|正式财报|观察池,公告后无有效跳空|流通市值 < 30 亿元,
002723,小崧股份,主板,照明设备Ⅱ,2026-08-27,正式财报,2026年半年报,-68.37,累计同比,-237.25,168.88,-28759574.82,2026-08-27,0.0,-0.53,False,24.0,-3.82,82232840.0,23.2,False,21.6,观察池·仅利润断层,增速加速|正式财报|观察池,公告后无有效跳空|流通市值 < 30 亿元,
300870,欧陆通,创业板,其他电源设备Ⅱ,2026-08-26,正式财报,2026年半年报,-75.48,单季同比,-125.3,49.82,20626687.91,2026-08-27,0.47,3.4,False,24.0,-18.09,1326534111.0,267.6,False,21.6,观察池·仅利润断层,增速加速|单季口径|正式财报|观察池,公告后无有效跳空,
002921,联诚精密,主板,汽车零部件,2026-08-22,正式财报,2026年半年报,133.18,累计同比,87.83,45.35,4941041.0,2026-08-24,0.14,-2.43,False,27.0,-11.46,104424967.0,25.4,False,21.5,观察池·仅利润断层,增速加速|正式财报|观察池,公告后无有效跳空|流通市值 < 30 亿元,
603072,天和磁材,主板,金属新材料,2026-08-26,正式财报,2026年半年报,81.93,单季同比,33.41,48.52,31967646.43,2026-08-27,0.0,2.44,False,24.0,-6.93,91959109.0,37.1,False,21.5,观察池·仅利润断层,增速加速|单季口径|正式财报|观察池,公告后无有效跳空,
301197,工大科雅,创业板,通用设备,2026-08-26,正式财报,2026年半年报,-71.11,累计同比,-514.37,443.26,-19242322.19,2026-08-26,0.08,-0.23,False,25.0,3.17,70221832.0,29.0,False,21.4,观察池·仅利润断层,增速加速|正式财报|观察池,公告后无有效跳空|流通市值 < 30 亿元,
301281,科源制药,创业板,化学制药,2026-08-27,正式财报,2026年半年报,76.64,单季同比,30.27,46.37,34618641.03,2026-08-27,-0.09,3.48,False,24.0,5.59,121789544.0,33.5,False,21.3,观察池·仅利润断层,增速加速|单季口径|正式财报|观察池,公告后无有效跳空,
600838,上海九百,主板,一般零售,2026-08-27,正式财报,2026年半年报,32.8,单季同比,-20.04,52.84,15210792.009999998,2026-08-28,1.32,3.37,False,23.0,-2.97,299817274.0,32.8,False,21.3,观察池·仅利润断层,增速加速|单季口径|正式财报|观察池,公告后无有效跳空,
600216,浙江医药,主板,化学制药,2026-08-26,正式财报,2026年半年报,20.73,单季同比,-29.84,50.57,319003938.15,2026-08-27,-0.92,-0.54,False,24.0,-4.09,372976947.0,118.3,False,21.3,观察池·仅利润断层,增速加速|单季口径|正式财报|观察池,公告后无有效跳空,
600261,阳光照明,主板,照明设备Ⅱ,2026-08-22,正式财报,2026年半年报,14.66,单季同比,-87.89,102.55,42153114.830000006,2026-08-25,-0.65,2.6,False,26.0,7.52,60430846.0,43.9,False,21.3,观察池·仅利润断层,增速加速|单季口径|正式财报|观察池,公告后无有效跳空,
300960,通业科技,创业板,轨交设备Ⅱ,2026-08-22,正式财报,2026年半年报,3.77,单季同比,-334.32,338.09,22467597.509999998,2026-08-24,0.31,1.04,False,27.0,17.84,46386358.0,25.5,False,21.3,观察池·仅利润断层,增速加速|单季口径|正式财报|观察池,公告后无有效跳空|流通市值 < 30 亿元,
603886,元祖股份,主板,休闲食品,2026-08-26,正式财报,2026年半年报,-73.19,单季同比,-180.76,107.57,7038546.649999991,2026-08-27,-0.16,-0.62,False,24.0,-0.39,99487888.0,30.6,False,21.3,观察池·仅利润断层,增速加速|单季口径|正式财报|观察池,公告后无有效跳空,
000852,石化机械,主板,专用设备,2026-08-28,正式财报,2026年半年报,-100.06,单季同比,-209.44,109.38,-12270.680000000633,2026-08-28,0.18,0.92,False,23.0,-2.57,83334911.0,50.5,False,21.3,观察池·仅利润断层,增速加速|单季口径|正式财报|观察池,公告后无有效跳空,
301033,迈普医学,创业板,医疗器械,2026-08-21,正式财报,2026年半年报,55.01,单季同比,-14.27,69.28,35865151.45,2026-08-24,0.32,-2.68,False,27.0,-5.86,74274842.0,30.6,False,21.2,观察池·仅利润断层,增速加速|单季口径|正式财报|观察池,公告后无有效跳空,
300001,特锐德,创业板,电网设备,2026-08-25,正式财报,2026年半年报,35.6,单季同比,11.05,24.55,355591504.38,2026-08-26,0.11,-0.77,False,25.0,-5.17,462204336.0,355.5,False,21.1,观察池·仅利润断层,增速加速|单季口径|正式财报|观察池,公告后无有效跳空,
600048,保利发展,主板,房地产开发,2026-08-27,正式财报,2026年半年报,-11.47,单季同比,-57.06,45.59,1042897789.4100001,2026-08-28,0.0,0.19,False,23.0,11.39,1196488282.0,690.7,False,21.1,观察池·仅利润断层,增速加速|单季口径|正式财报|观察池,公告后无有效跳空,
002902,铭普光磁,主板,通信设备,2026-08-22,正式财报,2026年半年报,78.92,累计同比,51.33,27.59,7464233.43,2026-08-24,-0.24,-2.91,False,27.0,3.81,219731160.0,47.8,False,21.0,观察池·仅利润断层,增速加速|正式财报|观察池,公告后无有效跳空,
300318,博晖创新,创业板,生物制品,2026-08-26,正式财报,2026年半年报,16.49,累计同比,-79.68,96.17,-8321426.469999999,2026-08-26,0.0,0.79,False,25.0,3.56,78038837.0,41.8,False,21.0,观察池·仅利润断层,增速加速|正式财报|观察池,公告后无有效跳空,
000785,居然智家,主板,一般零售,2026-08-25,正式财报,2026年半年报,14.49,单季同比,-70.65,85.14,133706436.6,2026-08-25,0.0,2.69,False,26.0,3.14,162255990.0,142.4,False,21.0,观察池·仅利润断层,增速加速|单季口径|正式财报|观察池,公告后无有效跳空,
600097,开创国际,主板,渔业,2026-08-29,正式财报,2026年半年报,-66.9,单季同比,-372.22,305.32,4860504.859999999,2026-09-01,-0.65,1.52,False,21.0,0.87,50066401.0,22.3,False,21.0,观察池·仅利润断层,增速加速|单季口径|正式财报|观察池,公告后无有效跳空|流通市值 < 30 亿元,
688507,索辰科技,科创板,软件开发,2026-08-26,正式财报,2026年半年报,-72.12,累计同比,-117.14,45.02,-44714739.580000006,2026-08-27,1.1,2.98,False,24.0,-11.82,580536282.0,65.6,False,21.0,观察池·仅利润断层,增速加速|正式财报|观察池,公告后无有效跳空,
300126,锐奇股份,创业板,通用设备,2026-08-22,正式财报,2026年半年报,-101.02,累计同比,-3506.54,3405.52,-10518340.75,2026-08-24,1.24,-1.55,False,27.0,1.84,47519749.0,14.0,False,21.0,观察池·仅利润断层,增速加速|正式财报|观察池,公告后无有效跳空|流通市值 < 30 亿元,
300609,汇纳科技,创业板,IT服务Ⅱ,2026-08-26,正式财报,2026年半年报,-343.97,累计同比,-666.58,322.61,-57329582.9,2026-08-27,0.35,1.34,False,24.0,-7.03,52362238.0,28.4,False,21.0,观察池·仅利润断层,增速加速|正式财报|观察池,公告后无有效跳空|流通市值 < 30 亿元,
600533,栖霞建设,主板,房地产开发,2026-08-27,正式财报,2026年半年报,-1005.76,单季同比,-1931.66,925.9,-572125371.8499999,2026-08-28,1.36,1.36,False,23.0,2.69,47582084.0,24.0,False,21.0,观察池·仅利润断层,增速加速|单季口径|正式财报|观察池,公告后无有效跳空|流通市值 < 30 亿元,
601006,大秦铁路,主板,铁路公路,2026-08-21,正式财报,2026年半年报,21.16,单季同比,-7.26,28.42,1870744526.0,2026-08-24,0.0,0.64,False,27.0,1.5,507517896.0,941.5,False,20.9,观察池·仅利润断层,增速加速|单季口径|正式财报|观察池,公告后无有效跳空,
601001,晋控煤业,主板,煤炭开采,2026-08-28,正式财报,2026年半年报,5.76,单季同比,-33.9,39.66,384831052.81999993,2026-08-31,0.87,-0.6,False,22.0,-7.22,555836689.0,288.0,False,20.9,观察池·仅利润断层,增速加速|单季口径|正式财报|观察池,公告后无有效跳空,
688793,倍轻松,科创板,小家电,2026-08-28,正式财报,2026年半年报,-30.55,累计同比,-535.01,504.46,-35511688.150000006,2026-08-31,0.0,1.13,False,22.0,-6.29,43361488.0,15.6,False,20.9,观察池·仅利润断层,增速加速|正式财报|观察池,公告后无有效跳空|流通市值 < 30 亿元,
600538,国发股份,主板,医疗器械,2026-08-22,正式财报,2026年半年报,-93.85,累计同比,-340.1,246.25,-3774376.340000001,2026-08-25,0.39,2.73,False,26.0,-6.99,46048631.0,25.1,False,20.9,观察池·仅利润断层,增速加速|正式财报|观察池,公告后无有效跳空|流通市值 < 30 亿元,
300515,三德科技,创业板,通用设备,2026-08-21,正式财报,2026年半年报,63.7,单季同比,18.03,45.67,54481814.50000001,2026-08-21,1.4,4.85,False,28.0,1.57,167573883.0,32.6,False,20.8,观察池·仅利润断层,增速加速|单季口径|正式财报|观察池,公告后无有效跳空,
002736,国信证券,主板,证券Ⅱ,2026-08-26,正式财报,2026年半年报,19.37,单季同比,-9.63,29.0,3626871000.77,2026-08-26,0.1,3.04,False,25.0,-0.91,558355787.0,1003.7,False,20.8,观察池·仅利润断层,增速加速|单季口径|正式财报|观察池,公告后无有效跳空,
600448,华纺股份,主板,纺织制造,2026-08-22,正式财报,2026年半年报,-26.89,累计同比,-6032.49,6005.6,-15848234.3,2026-08-24,1.36,-0.68,False,27.0,4.03,41673011.0,19.5,False,20.8,观察池·仅利润断层,增速加速|正式财报|观察池,公告后无有效跳空|流通市值 < 30 亿元,
002660,茂硕电源,主板,消费电子,2026-08-20,正式财报,2026年半年报,-35.09,累计同比,-4964.79,4929.7,-1346938.8500000015,2026-08-20,1.23,1.91,False,29.0,7.27,38430508.0,27.6,False,20.8,观察池·仅利润断层,增速加速|正式财报|观察池,公告后无有效跳空|流通市值 < 30 亿元,
300150,世纪瑞尔,创业板,IT服务Ⅱ,2026-08-27,正式财报,2026年半年报,-95.93,单季同比,-1115.68,1019.75,1642692.8699999992,2026-08-28,-0.23,-0.47,False,23.0,-3.04,41381451.0,19.2,False,20.8,观察池·仅利润断层,增速加速|单季口径|正式财报|观察池,公告后无有效跳空|流通市值 < 30 亿元,
688597,煜邦电力,科创板,电网设备,2026-08-25,正式财报,2026年半年报,-216.85,单季同比,-517.28,300.43,-21822096.5,2026-08-25,1.5,3.16,False,26.0,-8.15,39576041.0,20.8,False,20.8,观察池·仅利润断层,增速加速|单季口径|正式财报|观察池,公告后无有效跳空|流通市值 < 30 亿元,
300807,天迈科技,创业板,计算机设备,2026-08-18,正式财报,2026年半年报,-297.86,累计同比,-872.86,575.0,-8260729.720000001,2026-08-18,-0.05,-0.37,False,31.0,-6.93,38285927.0,18.4,False,20.8,观察池·仅利润断层,增速加速|正式财报|观察池,公告后无有效跳空|流通市值 < 30 亿元,
002516,旷达科技,主板,汽车零部件,2026-08-28,正式财报,2026年半年报,74.61,单季同比,24.4,50.21,57272246.0,2026-08-28,1.12,1.12,False,23.0,1.65,75778499.0,80.8,False,20.7,观察池·仅利润断层,增速加速|单季口径|正式财报|观察池,公告后无有效跳空,
300006,莱美药业,创业板,化学制药,2026-08-21,正式财报,2026年半年报,25.37,累计同比,-8.98,34.35,-8404788.070000002,2026-08-24,-1.9,-3.42,False,27.0,7.54,428048211.0,58.7,False,20.7,观察池·仅利润断层,增速加速|正式财报|观察池,公告后无有效跳空,
002195,岩山科技,主板,IT服务Ⅱ,2026-09-12,正式财报,2026年半年报,8.13,单季同比,-33.24,41.37,38441140.29,2026-09-15,0.81,-1.3,False,11.0,-4.82,469253404.0,332.5,False,20.7,观察池·仅利润断层,增速加速|单季口径|正式财报|观察池,公告后无有效跳空,
002343,慈文传媒,主板,影视院线,2026-08-28,正式财报,2026年半年报,-43.98,累计同比,-747.9,703.92,-20097944.590000004,2026-08-28,0.0,0.0,False,23.0,8.88,33976753.0,26.7,False,20.7,观察池·仅利润断层,增速加速|正式财报|观察池,公告后无有效跳空|流通市值 < 30 亿元,
300514,友讯达,创业板,电网设备,2026-08-25,正式财报,2026年半年报,-64.6,单季同比,-466.31,401.71,15863446.36,2026-08-26,-0.49,0.49,False,25.0,0.2,35395743.0,16.3,False,20.7,观察池·仅利润断层,增速加速|单季口径|正式财报|观察池,公告后无有效跳空|流通市值 < 30 亿元,
001373,翔腾新材,主板,光学光电子,2026-08-27,正式财报,2026年半年报,-93.08,累计同比,-326.01,232.93,-13100252.950000001,2026-08-28,0.49,-0.45,False,23.0,7.01,32770581.0,13.0,False,20.7,观察池·仅利润断层,增速加速|正式财报|观察池,公告后无有效跳空|流通市值 < 30 亿元,
600159,大龙地产,主板,房地产开发,2026-08-26,正式财报,2026年半年报,-217.83,累计同比,-1694.73,1476.9,-18460903.82,2026-08-26,-0.38,-0.38,False,25.0,8.49,34520030.0,23.3,False,20.7,观察池·仅利润断层,增速加速|正式财报|观察池,公告后无有效跳空|流通市值 < 30 亿元,
001278,一彬科技,主板,汽车零部件,2026-08-29,正式财报,2026年半年报,-270.73,累计同比,-500.94,230.21,-59503133.059999995,2026-09-01,0.0,-0.36,False,21.0,2.11,37149215.0,14.5,False,20.7,观察池·仅利润断层,增速加速|正式财报|观察池,公告后无有效跳空|流通市值 < 30 亿元,
000707,双环科技,主板,化学原料,2026-08-24,正式财报,2026年半年报,-442.01,单季同比,-1395.94,953.93,-51730930.42,2026-08-24,0.43,-1.3,False,27.0,-0.65,32511598.0,25.4,False,20.7,观察池·仅利润断层,增速加速|单季口径|正式财报|观察池,公告后无有效跳空|流通市值 < 30 亿元,
600725,云维股份,主板,贸易Ⅱ,2026-08-25,正式财报,2026年半年报,86.86,累计同比,51.39,35.47,-299010.8899999999,2026-08-25,-0.32,4.42,False,26.0,3.48,110290019.0,40.3,False,20.6,观察池·仅利润断层,增速加速|正式财报|观察池,公告后无有效跳空,
600605,汇通能源,主板,一般零售,2026-08-19,正式财报,2026年半年报,55.13,单季同比,-9.51,64.64,17099659.439999998,2026-08-20,0.25,3.68,False,29.0,24.16,74262657.0,60.6,False,20.6,观察池·仅利润断层,增速加速|单季口径|正式财报|观察池,公告后无有效跳空,
600882,妙可蓝多,主板,饮料乳品,2026-08-22,正式财报,2026年半年报,49.64,单季同比,-8.3,57.94,75678238.49000001,2026-08-24,-0.64,-1.69,False,27.0,-3.64,144037975.0,98.2,False,20.6,观察池·仅利润断层,增速加速|单季口径|正式财报|观察池,公告后无有效跳空,
002044,美年健康,主板,医疗服务,2026-08-31,正式财报,2026年半年报,34.6,单季同比,7.37,27.23,72650501.17999998,2026-09-01,-0.43,1.93,False,21.0,-2.16,427887943.0,175.9,False,20.6,观察池·仅利润断层,增速加速|单季口径|正式财报|观察池,公告后无有效跳空,
688701,卓锦股份,科创板,环境治理,2026-08-29,正式财报,2026年半年报,-58.51,累计同比,-922.26,863.75,-20208181.38,2026-09-01,0.0,1.49,False,21.0,-7.56,31025558.0,11.7,False,20.6,观察池·仅利润断层,增速加速|正式财报|观察池,公告后无有效跳空|流通市值 < 30 亿元,
300778,新城市,创业板,工程咨询服务Ⅱ,2026-08-26,正式财报,2026年半年报,-134.85,累计同比,-389.48,254.63,-11762659.39,2026-08-27,-0.29,-0.19,False,24.0,6.05,28168347.0,22.5,False,20.6,观察池·仅利润断层,增速加速|正式财报|观察池,公告后无有效跳空|流通市值 < 30 亿元,
603567,珍宝岛,主板,中药Ⅱ,2026-08-29,正式财报,2026年半年报,-246.12,累计同比,-338.99,92.87,-91025665.83999997,2026-09-01,0.18,1.06,False,21.0,-7.39,163013936.0,49.4,False,20.6,观察池·仅利润断层,增速加速|正式财报|观察池,公告后无有效跳空,
300621,维业股份,创业板,装修装饰Ⅱ,2026-08-26,正式财报,2026年半年报,-662.1,单季同比,-1325.32,663.22,-76640451.28,2026-08-26,-0.53,-0.53,False,25.0,-4.95,31739889.0,14.4,False,20.6,观察池·仅利润断层,增速加速|单季口径|正式财报|观察池,公告后无有效跳空|流通市值 < 30 亿元,
000559,万向钱潮,主板,汽车零部件,2026-08-25,正式财报,2026年半年报,26.84,单季同比,-15.84,42.68,306390112.63,2026-08-25,0.0,3.14,False,26.0,0.28,357688134.0,361.7,False,20.5,观察池·仅利润断层,增速加速|单季口径|正式财报|观察池,公告后无有效跳空,
603355,莱克电气,主板,小家电,2026-08-27,正式财报,2026年半年报,7.35,单季同比,-92.38,99.73,214429628.56,2026-08-28,-0.21,-3.52,False,23.0,4.7,74852668.0,173.8,False,20.5,观察池·仅利润断层,增速加速|单季口径|正式财报|观察池,公告后无有效跳空,
300977,深圳瑞捷,创业板,工程咨询服务Ⅱ,2026-08-26,正式财报,2026年半年报,-32.49,单季同比,-181.18,148.69,9955713.93,2026-08-26,1.52,-1.45,False,25.0,13.73,32247334.0,18.2,False,20.5,观察池·仅利润断层,增速加速|单季口径|正式财报|观察池,公告后无有效跳空|流通市值 < 30 亿元,
688695,中创股份,科创板,软件开发,2026-08-28,正式财报,2026年半年报,-150.92,累计同比,-492.75,341.83,-9629152.11,2026-08-28,0.62,0.47,False,23.0,2.27,24366460.0,10.6,False,20.5,观察池·仅利润断层,增速加速|正式财报|观察池,公告后无有效跳空|流通市值 < 30 亿元,
300635,中达安,创业板,工程咨询服务Ⅱ,2026-08-27,正式财报,2026年半年报,224.37,单季同比,156.06,68.31,14621282.71,2026-08-27,1.53,-0.24,False,24.0,-5.87,44119637.0,14.3,True,20.4,观察池·低基数断层,增速加速|单季口径|正式财报|低基数|观察池,低基数：上年同期单季净利仅 451 万元，增速参考性弱|公告后无有效跳空|流通市值 < 30 亿元,
000929,兰州黄河,主板,非白酒,2026-08-27,正式财报,2026年半年报,-116.77,累计同比,-330.55,213.78,-9148990.29,2026-08-28,1.11,2.44,False,23.0,3.07,20459225.0,17.5,False,20.4,观察池·仅利润断层,增速加速|正式财报|观察池,公告后无有效跳空|流通市值 < 30 亿元,
301288,清研环境,创业板,环保设备Ⅱ,2026-08-28,正式财报,2026年半年报,-508.7,累计同比,-794.78,286.08,-6866646.42,2026-08-28,0.41,1.88,False,23.0,-0.18,20262436.0,13.4,False,20.4,观察池·仅利润断层,增速加速|正式财报|观察池,公告后无有效跳空|流通市值 < 30 亿元,
603212,赛伍技术,主板,光伏设备,2026-08-28,正式财报,2026年半年报,94.48,累计同比,65.22,29.26,7550435.659999999,2026-08-28,0.26,0.68,False,23.0,-2.47,99264664.0,50.1,False,20.3,观察池·仅利润断层,增速加速|正式财报|观察池,公告后无有效跳空,
000690,宝新能源,主板,电力,2026-08-22,正式财报,2026年半年报,24.67,单季同比,3.43,21.24,323038799.56000006,2026-08-24,1.47,4.82,False,27.0,7.64,689988182.0,113.3,False,20.3,观察池·仅利润断层,增速加速|单季口径|正式财报|观察池,公告后无有效跳空,
300124,汇川技术,创业板,自动化设备,2026-08-29,正式财报,2026年半年报,9.14,单季同比,-23.39,32.53,1796472970.88,2026-08-31,-0.08,-0.29,False,22.0,-16.29,1238452830.0,1252.1,False,20.3,观察池·仅利润断层,增速加速|单季口径|正式财报|观察池,公告后无有效跳空,
000823,超声电子,主板,元件,2026-08-22,正式财报,2026年半年报,10.18,单季同比,-21.01,31.19,80482205.97,2026-08-24,-0.33,-2.98,False,27.0,54.68,537763476.0,138.5,False,20.2,观察池·仅利润断层,增速加速|单季口径|正式财报|观察池,公告后无有效跳空,
000670,盈方微,主板,其他电子Ⅱ,2026-08-25,正式财报,2026年半年报,49.2,累计同比,10.3,38.9,-4706246.65,2026-08-26,-1.29,-1.43,False,25.0,5.65,250526407.0,60.5,False,20.1,观察池·仅利润断层,增速加速|正式财报|观察池,公告后无有效跳空,
301089,拓新药业,创业板,化学制药,2026-08-28,正式财报,2026年半年报,-52.95,累计同比,-194.82,141.87,-17451135.86,2026-08-28,-0.21,-3.0,False,23.0,0.91,61248939.0,22.0,False,20.1,观察池·仅利润断层,增速加速|正式财报|观察池,公告后无有效跳空|流通市值 < 30 亿元,
000068,华控赛格,主板,环境治理,2026-08-27,正式财报,2026年半年报,54.57,累计同比,-4.59,59.16,-22163258.300000004,2026-08-28,0.0,3.77,False,23.0,7.23,80990714.0,34.3,False,20.0,观察池·仅利润断层,增速加速|正式财报|观察池,公告后无有效跳空,
601088,中国神华,主板,煤炭开采,2026-08-29,正式财报,2026年半年报,15.44,单季同比,-10.7,26.14,18048000000.0,2026-08-31,0.78,2.41,False,22.0,-0.42,1921965925.0,7882.7,False,20.0,观察池·仅利润断层,增速加速|单季口径|正式财报|观察池,公告后无有效跳空,
603222,济民健康,主板,医疗器械,2026-08-26,正式财报,2026年半年报,6.21,累计同比,-90.09,96.3,-23501650.87,2026-08-27,0.0,-0.12,False,24.0,-2.18,79050525.0,42.4,False,20.0,观察池·仅利润断层,增速加速|正式财报|观察池,公告后无有效跳空,
600673,东阳光,主板,综合Ⅱ,2026-08-18,正式财报,2026年半年报,-19.31,单季同比,-57.1,37.79,269985959.27,2026-08-18,-2.32,-2.32,False,31.0,-17.25,2192598865.0,911.6,False,20.0,观察池·仅利润断层,增速加速|单季口径|正式财报|观察池,公告后无有效跳空,
300593,新雷能,创业板,其他电源设备Ⅱ,2026-08-25,正式财报,2026年半年报,21.8,累计同比,1.53,20.27,-31331255.439999998,2026-08-26,1.68,0.92,False,25.0,-7.08,636465683.0,129.4,False,19.9,观察池·仅利润断层,增速加速|正式财报|观察池,公告后无有效跳空,
002442,龙星科技,主板,橡胶,2026-08-28,正式财报,2026年半年报,35.07,单季同比,-69.1,104.17,26690210.410000004,2026-08-28,1.72,0.57,False,23.0,0.75,121739915.0,26.3,False,19.8,观察池·仅利润断层,增速加速|单季口径|正式财报|观察池,公告后无有效跳空|流通市值 < 30 亿元,
688783,西安奕材,科创板,半导体,2026-08-26,正式财报,2026年半年报,14.98,累计同比,-9.31,24.29,-130948630.68,2026-08-26,0.87,-1.0,False,25.0,-13.69,542287452.0,72.4,False,19.7,观察池·仅利润断层,增速加速|正式财报|观察池,公告后无有效跳空,
300561,汇金科技,创业板,软件开发,2026-08-27,正式财报,2026年半年报,-184.64,单季同比,-309.78,125.14,-1949574.5500000003,2026-08-27,-0.78,3.48,False,24.0,-16.81,753874822.0,33.2,True,19.7,观察池·低基数断层,增速加速|单季口径|正式财报|低基数|观察池,低基数：上年同期单季净利仅 230 万元，增速参考性弱|公告后无有效跳空,
300527,中船应急,创业板,地面兵装Ⅱ,2026-08-29,正式财报,2026年半年报,43.93,单季同比,-15.0,58.93,42993500.96,2026-08-31,-0.24,2.05,False,21.0,-4.59,118790066.0,80.2,False,19.6,观察池·仅利润断层,增速加速|单季口径|正式财报|观察池,公告后无有效跳空,
300317,珈伟新能,创业板,电力,2026-08-22,正式财报,2026年半年报,35.43,累计同比,2.43,33.0,-12127531.15,2026-08-24,0.24,4.4,False,27.0,-0.73,331592440.0,33.7,False,19.6,观察池·仅利润断层,增速加速|正式财报|观察池,公告后无有效跳空,
002600,领益智造,主板,消费电子,2026-08-29,正式财报,2026年半年报,2.0,单季同比,-30.7,32.7,371987855.67,2026-09-01,0.0,-2.11,False,21.0,-7.11,1042133233.0,855.4,False,19.6,观察池·仅利润断层,增速加速|单季口径|正式财报|观察池,公告后无有效跳空,
688722,同益中,科创板,化学纤维,2026-08-29,正式财报,2026年半年报,45.08,单季同比,-16.5,61.58,33478696.250000007,2026-08-31,1.37,5.4,False,22.0,3.48,87074630.0,32.6,False,19.5,观察池·仅利润断层,增速加速|单季口径|正式财报|观察池,公告后无有效跳空,
603983,丸美生物,主板,化妆品,2026-08-29,正式财报,2026年半年报,38.32,单季同比,-25.2,63.52,54450822.71000001,2026-09-01,0.04,1.82,False,21.0,8.05,109826292.0,123.7,False,19.5,观察池·仅利润断层,增速加速|单季口径|正式财报|观察池,公告后无有效跳空,
688343,云天励飞,科创板,IT服务Ⅱ,2026-08-27,正式财报,2026年半年报,-22.38,累计同比,-56.47,34.09,-118016138.86,2026-08-27,1.23,7.8,False,24.0,7.32,626542818.0,215.8,False,19.5,观察池·仅利润断层,增速加速|正式财报|观察池,公告后无有效跳空,
688596,正帆科技,科创板,专用设备,2026-08-27,正式财报,2026年半年报,-140.78,单季同比,-174.36,33.58,-24395136.65,2026-08-27,-1.8,-0.55,False,24.0,-18.97,2261954076.0,184.0,False,19.5,观察池·仅利润断层,增速加速|单季口径|正式财报|观察池,公告后无有效跳空,
600566,济川药业,主板,中药Ⅱ,2026-08-29,正式财报,2026年半年报,35.23,单季同比,-9.13,44.36,384083444.82,2026-08-31,1.0,3.31,False,22.0,1.3,246940572.0,235.8,False,19.4,观察池·仅利润断层,增速加速|单季口径|正式财报|观察池,公告后无有效跳空,
688828,国仪公司,科创板,通用设备,2026-08-10,正式财报,2026年半年报,3.11,累计同比,-64.95,68.06,1092669.850000009,2026-08-12,-5.65,4.22,False,35.0,-20.5,1548185005.0,21.5,False,19.4,观察池·仅利润断层,增速加速|正式财报|观察池,公告后无有效跳空|流通市值 < 30 亿元,
002987,京北方,主板,软件开发,2026-08-26,正式财报,2026年半年报,2.15,单季同比,-46.16,48.31,73659723.56,2026-08-27,-0.26,3.61,False,24.0,-10.43,383853064.0,105.3,False,19.3,观察池·仅利润断层,增速加速|单季口径|正式财报|观察池,公告后无有效跳空,
603688,石英股份,主板,非金属材料Ⅱ,2026-08-22,正式财报,2026年半年报,0.95,单季同比,-30.29,31.24,54605561.480000004,2026-08-25,-1.69,-1.27,False,26.0,-6.37,516854816.0,235.8,False,19.3,观察池·仅利润断层,增速加速|单季口径|正式财报|观察池,公告后无有效跳空,
600773,西藏城投,主板,房地产开发,2026-08-22,正式财报,2026年半年报,-7.26,累计同比,-54.25,46.99,-15732725.46,2026-08-24,0.0,-3.66,False,27.0,-12.32,403169604.0,93.4,False,19.3,观察池·仅利润断层,增速加速|正式财报|观察池,公告后无有效跳空,
600234,科新发展,主板,装修装饰Ⅱ,2026-08-25,正式财报,2026年半年报,-91.04,单季同比,-192.15,101.11,1901053.47,2026-08-26,0.0,1.11,False,25.0,-7.12,33708886.0,50.4,False,19.2,观察池·仅利润断层,增速加速|单季口径|正式财报|观察池,公告后无有效跳空,
003015,日久光电,主板,光学光电子,2026-08-14,正式财报,2026年半年报,38.99,单季同比,-63.06,102.05,24403030.199999996,2026-08-14,1.08,0.25,False,33.0,-0.74,81895844.0,29.8,False,19.1,观察池·仅利润断层,增速加速|单季口径|正式财报|观察池,公告后无有效跳空|流通市值 < 30 亿元,
002767,先锋电子,主板,通用设备,2026-08-17,正式财报,2026年半年报,27.34,单季同比,-88.38,115.72,13080752.82,2026-08-17,1.65,0.22,False,32.0,-1.73,47008988.0,23.7,False,19.1,观察池·仅利润断层,增速加速|单季口径|正式财报|观察池,公告后无有效跳空|流通市值 < 30 亿元,
300328,宜安科技,创业板,工业金属,2026-08-26,正式财报,2026年半年报,-183.3,累计同比,-214.34,31.04,-33754472.72,2026-08-26,0.56,8.04,False,25.0,-25.67,1392709277.0,82.5,False,19.1,观察池·仅利润断层,增速加速|正式财报|观察池,公告后无有效跳空,
601123,马矿股份,主板,冶钢原料,2026-08-13,正式财报,2026年半年报,38.41,单季同比,-0.61,39.02,209423480.32,2026-09-02,-12.0,-23.0,False,20.0,-26.92,1344667489.0,16.0,False,19.0,观察池·仅利润断层,增速加速|单季口径|正式财报|观察池,公告后无有效跳空|流通市值 < 30 亿元,
002453,华软科技,主板,化学制品,2026-08-27,正式财报,2026年半年报,16.85,累计同比,-68.52,85.37,-37863997.03,2026-08-28,0.0,0.66,False,23.0,5.74,46001131.0,30.8,False,19.0,观察池·仅利润断层,增速加速|正式财报|观察池,公告后无有效跳空,
603011,合锻智能,主板,专用设备,2026-08-28,正式财报,2026年半年报,-368.15,单季同比,-488.03,119.88,-5686562.770000003,2026-08-28,0.16,9.98,False,23.0,-4.77,2204164216.0,118.6,True,19.0,观察池·低基数断层,增速加速|单季口径|正式财报|低基数|观察池,低基数：上年同期单季净利仅 212 万元，增速参考性弱|公告后无有效跳空,
688010,福光股份,科创板,光学光电子,2026-08-29,正式财报,2026年半年报,54.98,累计同比,9.17,45.81,5109233.119999999,2026-09-01,-0.53,-4.29,False,21.0,-3.28,114052262.0,43.6,False,18.9,观察池·仅利润断层,增速加速|正式财报|观察池,公告后无有效跳空,
002012,凯恩股份,主板,造纸,2026-08-25,正式财报,2026年半年报,25.18,单季同比,-18.4,43.58,7812013.09,2026-08-25,1.21,4.55,True,26.0,3.29,128043741.0,32.3,True,18.9,观察池·低基数断层,增速加速|单季口径|正式财报|低基数|缺口未回补|观察池,低基数：上年同期单季净利仅 624 万元，增速参考性弱,
605111,新洁能,主板,半导体,2026-08-25,正式财报,2026年半年报,9.44,单季同比,-12.68,22.12,138822644.27999997,2026-08-26,0.37,-0.58,False,25.0,-8.3,856681405.0,224.3,False,18.9,观察池·仅利润断层,增速加速|单季口径|正式财报|观察池,公告后无有效跳空,
603556,海兴电力,主板,电网设备,2026-08-18,正式财报,2026年半年报,-5.94,单季同比,-35.5,29.56,232736592.57999998,2026-08-19,-0.98,4.89,False,30.0,-14.77,797346528.0,109.2,False,18.9,观察池·仅利润断层,增速加速|单季口径|正式财报|观察池,公告后无有效跳空,
603319,美湖股份,主板,汽车零部件,2026-08-28,正式财报,2026年半年报,-30.06,单季同比,-59.25,29.19,32669554.400000002,2026-08-28,-1.53,-9.98,False,23.0,-3.45,978344520.0,95.0,False,18.9,观察池·仅利润断层,增速加速|单季口径|正式财报|观察池,公告后无有效跳空,
300345,华民股份,创业板,光伏设备,2026-08-25,正式财报,2026年半年报,-54.31,累计同比,-83.28,28.97,-64228325.419999994,2026-08-25,0.31,0.52,False,26.0,-33.54,748779496.0,30.8,False,18.9,观察池·仅利润断层,增速加速|正式财报|观察池,公告后无有效跳空,
002146,荣盛发展,主板,房地产开发,2026-08-25,正式财报,2026年半年报,64.18,累计同比,26.43,37.75,-368127115.48,2026-08-25,0.0,2.65,False,26.0,15.93,116109254.0,51.2,False,18.8,观察池·仅利润断层,增速加速|正式财报|观察池,公告后无有效跳空,
603499,翔港科技,主板,包装印刷,2026-08-15,正式财报,2026年半年报,39.95,单季同比,-25.66,65.61,51968533.36,2026-08-17,0.63,0.16,False,32.0,-1.79,51841508.0,53.4,False,18.8,观察池·仅利润断层,增速加速|单季口径|正式财报|观察池,公告后无有效跳空,
300143,盈康生命,创业板,医疗服务,2026-08-14,正式财报,2026年半年报,30.79,单季同比,-14.12,44.91,41637896.74999999,2026-08-17,1.07,-3.1,False,32.0,-7.54,235413559.0,65.3,False,18.8,观察池·仅利润断层,增速加速|单季口径|正式财报|观察池,公告后无有效跳空,
688122,西部超导,科创板,航空装备Ⅱ,2026-08-27,正式财报,2026年半年报,-19.85,单季同比,-74.21,54.36,301476465.15,2026-08-28,-0.22,-0.8,False,23.0,3.47,328561396.0,337.4,False,18.8,观察池·仅利润断层,增速加速|单季口径|正式财报|观察池,公告后无有效跳空,
603063,禾望电气,主板,风电设备,2026-08-05,正式财报,2026年半年报,-23.35,单季同比,-51.48,28.13,105260037.66999999,2026-08-06,-0.19,-1.05,False,39.0,-14.65,939974831.0,127.6,False,18.8,观察池·仅利润断层,增速加速|单季口径|正式财报|观察池,公告后无有效跳空,
688079,美迪凯,科创板,光学光电子,2026-08-25,正式财报,2026年半年报,-76.18,累计同比,-159.43,83.25,-47723001.07,2026-08-26,1.86,-1.02,False,25.0,2.14,135950356.0,65.9,False,18.8,观察池·仅利润断层,增速加速|正式财报|观察池,公告后无有效跳空,
000032,深桑达A,主板,专业工程,2026-08-27,正式财报,2026年半年报,-113.77,累计同比,-141.97,28.2,-125996220.20000002,2026-08-27,-0.42,2.85,False,24.0,-8.78,565324470.0,159.1,False,18.8,观察池·仅利润断层,增速加速|正式财报|观察池,公告后无有效跳空,
600179,安通控股,主板,航运港口,2026-08-25,正式财报,2026年半年报,48.67,单季同比,5.12,43.55,402464682.04999995,2026-08-25,1.61,0.92,False,26.0,-1.81,151414807.0,168.0,False,18.7,观察池·仅利润断层,增速加速|单季口径|正式财报|观察池,公告后无有效跳空,
603716,塞力医疗,主板,医药商业,2026-08-28,正式财报,2026年半年报,14.76,累计同比,-22.33,37.09,-30316715.82,2026-08-28,-0.06,4.08,False,23.0,1.34,362123997.0,37.5,False,18.7,观察池·仅利润断层,增速加速|正式财报|观察池,公告后无有效跳空,
000510,新金路,主板,化学原料,2026-08-28,正式财报,2026年半年报,-10.49,累计同比,-38.51,28.02,-23268716.569999993,2026-08-28,-0.75,1.84,False,23.0,-2.49,973651483.0,102.3,False,18.7,观察池·仅利润断层,增速加速|正式财报|观察池,公告后无有效跳空,
600369,西南证券,主板,证券Ⅱ,2026-08-25,正式财报,2026年半年报,65.62,单季同比,26.39,39.23,294184391.31,2026-08-25,0.0,0.5,False,26.0,-2.24,90670329.0,260.5,False,18.6,观察池·仅利润断层,增速加速|单季口径|正式财报|观察池,公告后无有效跳空,
300506,名家汇,创业板,装修装饰Ⅱ,2026-08-24,正式财报,2026年半年报,58.65,累计同比,22.89,35.76,-20611352.660000004,2026-08-24,0.58,-0.38,False,27.0,-8.6,148381286.0,36.4,False,18.6,观察池·仅利润断层,增速加速|正式财报|观察池,公告后无有效跳空,
600929,雪天盐业,主板,化学原料,2026-08-22,正式财报,2026年半年报,19.44,单季同比,-55.47,74.91,64313802.44,2026-08-25,0.19,0.38,False,16.0,14.4,81270987.0,97.8,False,18.6,观察池·仅利润断层,增速加速|单季口径|正式财报|观察池,公告后无有效跳空,
002792,通宇通讯,主板,通信设备,2026-08-26,正式财报,2026年半年报,-188.68,单季同比,-215.61,26.93,-9404027.370000001,2026-08-27,0.85,2.5,False,24.0,-6.15,671232818.0,97.7,False,18.6,观察池·仅利润断层,增速加速|单季口径|正式财报|观察池,公告后无有效跳空,
000607,华媒控股,主板,广告营销,2026-08-22,正式财报,2026年半年报,69.86,累计同比,28.14,41.72,11221844.620000001,2026-08-24,0.0,0.28,False,27.0,9.09,48817989.0,35.0,False,18.5,观察池·仅利润断层,增速加速|正式财报|观察池,公告后无有效跳空,
000166,申万宏源,主板,证券Ⅱ,2026-08-28,正式财报,2026年半年报,46.28,单季同比,19.15,27.13,3374367778.0399995,2026-08-28,0.0,0.22,False,23.0,-4.16,261858099.0,987.1,False,18.5,观察池·仅利润断层,增速加速|单季口径|正式财报|观察池,公告后无有效跳空,
601990,南京证券,主板,证券Ⅱ,2026-08-29,正式财报,2026年半年报,46.02,单季同比,5.93,40.09,502575731.86,2026-08-31,0.0,1.34,False,22.0,-1.94,179281614.0,278.4,False,18.5,观察池·仅利润断层,增速加速|单季口径|正式财报|观察池,公告后无有效跳空,
600751,海航科技,主板,航运港口,2026-08-25,正式财报,2026年半年报,11.71,单季同比,-69.65,81.36,31856347.25,2026-08-25,1.27,0.32,False,26.0,-8.49,73815315.0,74.9,False,18.5,观察池·仅利润断层,增速加速|单季口径|正式财报|观察池,公告后无有效跳空,
000157,中联重科,主板,工程机械,2026-08-28,正式财报,2026年半年报,-10.08,单季同比,-37.3,27.22,1218023967.58,2026-08-31,-0.44,-1.91,False,22.0,-12.08,491200215.0,422.1,False,18.5,观察池·仅利润断层,增速加速|单季口径|正式财报|观察池,公告后无有效跳空,
605177,东亚药业,主板,化学制药,2026-08-31,正式财报,2026年半年报,-291.61,累计同比,-408.73,117.12,-83175284.72999999,2026-09-01,-1.02,5.21,False,21.0,13.1,146439346.0,27.6,False,18.5,观察池·仅利润断层,增速加速|正式财报|观察池,公告后无有效跳空|流通市值 < 30 亿元,
301718,通则康威,创业板,通信设备,2026-09-23,业绩预告,2026年三季报,183.96,累计同比,204.38,-20.42,,,,,,,,,,False,18.4,观察池·仅利润断层,预增|观察池,缺上期数据或加速度未达标（口径差异）|行情数据缺失,nan
688375,国博电子,科创板,军工电子Ⅱ,2026-08-20,正式财报,2026年半年报,-32.36,单季同比,-98.51,66.15,97287482.74,2026-08-21,-0.32,0.45,False,28.0,-18.97,226726931.0,381.6,False,18.4,观察池·仅利润断层,增速加速|单季口径|正式财报|观察池,公告后无有效跳空,
600283,钱江水利,主板,环境治理,2026-08-27,正式财报,2026年半年报,35.46,单季同比,-29.78,65.24,70366808.16,2026-08-27,1.26,2.53,False,24.0,0.25,51973054.0,45.1,False,18.3,观察池·仅利润断层,增速加速|单季口径|正式财报|观察池,公告后无有效跳空,
601015,陕西黑猫,主板,焦炭Ⅱ,2026-08-27,正式财报,2026年半年报,20.78,累计同比,-19.74,40.52,-53032672.96000004,2026-08-28,1.08,2.96,False,23.0,-4.53,290525702.0,73.1,False,18.3,观察池·仅利润断层,增速加速|正式财报|观察池,公告后无有效跳空,
688262,国芯科技,科创板,半导体,2026-08-28,正式财报,2026年半年报,5.26,累计同比,-40.04,45.3,-33199489.730000004,2026-08-28,-1.63,-2.36,False,23.0,-4.42,338675902.0,90.9,False,18.3,观察池·仅利润断层,增速加速|正式财报|观察池,公告后无有效跳空,
601216,君正集团,主板,化学原料,2026-08-26,正式财报,2026年半年报,4.04,单季同比,-28.78,32.82,949444906.06,2026-08-26,0.67,3.58,False,25.0,0.89,424951922.0,383.1,False,18.3,观察池·仅利润断层,增速加速|单季口径|正式财报|观察池,公告后无有效跳空,
301218,华是科技,创业板,IT服务Ⅱ,2026-08-27,正式财报,2026年半年报,-26.56,累计同比,-50.95,24.39,-11654481.17,2026-08-28,0.83,6.25,False,23.0,51.7,776993555.0,50.0,False,18.3,观察池·仅利润断层,增速加速|正式财报|观察池,公告后无有效跳空,
600873,梅花生物,主板,化学制品,2026-08-15,正式财报,2026年半年报,-27.4,单季同比,-88.42,61.02,543941742.1600001,2026-08-17,-0.25,-0.63,False,32.0,-5.67,255770487.0,209.8,False,18.3,观察池·仅利润断层,增速加速|单季口径|正式财报|观察池,公告后无有效跳空,
688608,恒玄科技,科创板,半导体,2026-08-20,正式财报,2026年半年报,-28.2,单季同比,-53.26,25.06,82052810.37,2026-08-20,-0.75,5.38,False,29.0,5.07,759497113.0,259.7,False,18.3,观察池·仅利润断层,增速加速|单季口径|正式财报|观察池,公告后无有效跳空,
600821,金开新能,主板,电力,2026-08-26,正式财报,2026年半年报,-68.73,单季同比,-115.95,47.22,99773670.72,2026-08-27,-1.33,0.17,False,24.0,-4.22,351210600.0,111.7,False,18.3,观察池·仅利润断层,增速加速|单季口径|正式财报|观察池,公告后无有效跳空,
600794,保税科技,主板,物流,2026-08-15,正式财报,2026年半年报,37.7,单季同比,-24.64,62.34,24696015.470000003,2026-08-17,1.29,2.58,False,32.0,1.59,55355259.0,38.3,False,18.2,观察池·仅利润断层,增速加速|单季口径|正式财报|观察池,公告后无有效跳空,
300836,佰奥智能,创业板,专用设备,2026-08-26,正式财报,2026年半年报,32.82,单季同比,-24.73,57.55,15501373.89,2026-08-26,0.75,-2.88,False,25.0,11.0,113931354.0,35.2,False,18.2,观察池·仅利润断层,增速加速|单季口径|正式财报|观察池,公告后无有效跳空,
000563,陕国投A,主板,多元金融,2026-08-26,正式财报,2026年半年报,29.3,单季同比,-25.04,54.34,437834271.98999995,2026-08-27,-0.32,-0.65,False,24.0,-5.52,153448017.0,148.8,False,18.2,观察池·仅利润断层,增速加速|单季口径|正式财报|观察池,公告后无有效跳空,
301148,嘉戎技术,创业板,环境治理,2026-08-28,正式财报,2026年半年报,1.2,单季同比,-85.1,86.3,15673075.66,2026-08-28,0.86,-0.17,False,23.0,9.51,77732541.0,33.9,False,18.2,观察池·仅利润断层,增速加速|单季口径|正式财报|观察池,公告后无有效跳空,
600061,国投资本,主板,多元金融,2026-08-31,正式财报,2026年半年报,40.38,单季同比,12.63,27.75,1432926933.9900002,2026-09-01,-0.15,0.77,False,21.0,-4.92,265749223.0,395.8,False,18.1,观察池·仅利润断层,增速加速|单季口径|正式财报|观察池,公告后无有效跳空,
002344,海宁皮城,主板,一般零售,2026-08-27,正式财报,2026年半年报,26.96,累计同比,-37.64,64.6,21546341.759999998,2026-08-27,1.28,2.3,False,24.0,1.26,91384510.0,51.5,False,18.1,观察池·仅利润断层,增速加速|正式财报|观察池,公告后无有效跳空,
002051,中工国际,主板,专业工程,2026-08-15,正式财报,2026年半年报,13.79,单季同比,-40.45,54.24,52149015.36,2026-08-18,-0.11,-2.38,False,31.0,-1.02,222564698.0,107.2,False,18.1,观察池·仅利润断层,增速加速|单季口径|正式财报|观察池,公告后无有效跳空,
301205,联特科技,创业板,通信设备,2026-08-28,正式财报,2026年半年报,-60.72,单季同比,-83.71,22.99,6324886.39,2026-08-28,1.0,-2.63,False,23.0,-14.87,2874856402.0,237.1,False,18.1,观察池·仅利润断层,增速加速|单季口径|正式财报|观察池,公告后无有效跳空,
000898,鞍钢股份,主板,普钢,2026-08-28,正式财报,2026年半年报,-83.59,累计同比,-163.0,79.41,-590000000.0,2026-08-28,0.0,2.43,False,23.0,0.0,121078362.0,163.9,False,18.0,观察池·仅利润断层,增速加速|正式财报|观察池,公告后无有效跳空,
300818,耐普矿机,创业板,通用设备,2026-08-13,正式财报,2026年半年报,-129.01,单季同比,-249.82,120.81,-3287224.5,2026-08-13,0.05,-0.98,False,34.0,-26.64,92629275.0,22.3,False,18.0,观察池·仅利润断层,增速加速|单季口径|正式财报|观察池,公告后无有效跳空|流通市值 < 30 亿元,
600851,海欣股份,主板,化学制药,2026-08-21,正式财报,2026年半年报,34.79,单季同比,-12.37,47.16,100390855.75,2026-08-24,-0.34,-3.65,False,27.0,-9.16,156215637.0,58.5,False,17.9,观察池·仅利润断层,增速加速|单季口径|正式财报|观察池,公告后无有效跳空,
603393,新天然气,主板,燃气Ⅱ,2026-08-12,正式财报,2026年半年报,-1.5,单季同比,-61.55,60.05,240686410.41,2026-08-13,-0.4,-2.13,False,34.0,-1.41,246855899.0,103.8,False,17.9,观察池·仅利润断层,增速加速|单季口径|正式财报|观察池,公告后无有效跳空,
600616,金枫酒业,主板,非白酒,2026-08-29,正式财报,2026年半年报,19.25,累计同比,-57.35,76.6,-6973318.22,2026-08-31,-0.23,-0.92,False,22.0,20.87,32129722.0,35.3,False,17.8,观察池·仅利润断层,增速加速|正式财报|观察池,公告后无有效跳空,
000927,中国铁物,主板,轨交设备Ⅱ,2026-08-26,正式财报,2026年半年报,17.72,单季同比,-42.66,60.38,168156051.75,2026-08-26,0.4,2.02,False,25.0,-0.8,148552362.0,149.4,False,17.8,观察池·仅利润断层,增速加速|单季口径|正式财报|观察池,公告后无有效跳空,
000959,首钢股份,主板,普钢,2026-08-29,正式财报,2026年半年报,13.58,单季同比,-47.17,60.75,375565018.49,2026-08-31,0.27,1.35,False,22.0,-5.65,165304014.0,261.6,False,17.8,观察池·仅利润断层,增速加速|单季口径|正式财报|观察池,公告后无有效跳空,
688318,财富趋势,科创板,软件开发,2026-08-28,正式财报,2026年半年报,-4.88,单季同比,-25.71,20.83,57581996.02,2026-08-31,-0.6,1.71,False,22.0,-13.3,986920996.0,267.3,False,17.8,观察池·仅利润断层,增速加速|单季口径|正式财报|观察池,公告后无有效跳空,
001203,大中矿业,主板,冶钢原料,2026-08-08,正式财报,2026年半年报,-9.03,单季同比,-29.89,20.86,164444050.23000002,2026-08-10,0.04,0.64,False,37.0,-21.16,579140073.0,291.0,False,17.8,观察池·仅利润断层,增速加速|单季口径|正式财报|观察池,公告后无有效跳空,
000546,金圆股份,主板,环境治理,2026-08-12,正式财报,2026年半年报,-374.83,累计同比,-459.48,84.65,-177377853.82000002,2026-08-13,0.0,-1.67,False,34.0,-9.79,76322772.0,30.2,False,17.8,观察池·仅利润断层,增速加速|正式财报|观察池,公告后无有效跳空,
000799,酒鬼酒,主板,白酒Ⅱ,2026-08-25,正式财报,2026年半年报,37.57,累计同比,4.63,32.94,-20861673.589999996,2026-08-25,0.34,1.43,False,26.0,-4.75,228637608.0,119.1,False,17.7,观察池·仅利润断层,增速加速|正式财报|观察池,公告后无有效跳空,
688799,华纳药厂,科创板,化学制药,2026-08-25,正式财报,2026年半年报,26.16,单季同比,-34.79,60.95,37722850.32,2026-08-26,-1.53,2.23,False,25.0,35.12,98806265.0,76.5,False,17.7,观察池·仅利润断层,增速加速|单季口径|正式财报|观察池,公告后无有效跳空,
601568,北元化工,主板,化学原料,2026-08-27,正式财报,2026年半年报,3.87,单季同比,-76.67,80.54,52422617.68,2026-08-28,-0.26,1.58,False,23.0,-6.33,79058336.0,141.0,False,17.7,观察池·仅利润断层,增速加速|单季口径|正式财报|观察池,公告后无有效跳空,
300545,联得装备,创业板,光学光电子,2026-08-26,正式财报,2026年半年报,-16.1,单季同比,-36.49,20.39,25423238.82,2026-08-26,1.22,-6.25,False,25.0,-22.93,628139023.0,32.5,False,17.7,观察池·仅利润断层,增速加速|单季口径|正式财报|观察池,公告后无有效跳空,
601698,中国卫通,主板,航天装备Ⅱ,2026-08-25,正式财报,2026年半年报,-21.66,单季同比,-61.9,40.24,86227167.41,2026-08-26,0.04,1.35,False,25.0,-5.04,368787590.0,954.7,False,17.7,观察池·仅利润断层,增速加速|单季口径|正式财报|观察池,公告后无有效跳空,
301215,中汽股份,创业板,汽车服务,2026-08-22,正式财报,2026年半年报,50.62,单季同比,14.35,36.27,84303967.75999999,2026-08-24,1.72,2.49,False,27.0,-0.56,133151080.0,69.8,False,17.6,观察池·仅利润断层,增速加速|单季口径|正式财报|观察池,公告后无有效跳空,
301655,绿控传动,创业板,汽车零部件,2026-08-29,正式财报,2026年半年报,74.72,单季同比,87.62,-12.9,64694691.44,2026-09-01,-1.49,-6.77,False,21.0,-19.43,570848803.0,10.8,False,17.5,观察池·仅利润断层,预增|单季口径|正式财报|观察池,缺上期数据或加速度未达标（口径差异）|非经常损益嫌疑：非经常性|公告后无有效跳空|流通市值 < 30 亿元,"2026年1-6月,公司预计实现营业收入较上年同期增长81.61%至102.11%,扣除非经常性损益后归属于母公司所有者的净利润较上年同期增长93.51%至143.18%。公司预计业绩的增长主要得益于下游新能源商用车市场需求的持续增长,以及凭借公司在技术、工艺及服务等方面的优势,主要产品销量稳步增长,规模效应不断凸显,带动盈利能力不断提升。"
688307,中润光学,科创板,光学光电子,2026-08-28,正式财报,2026年半年报,64.78,单季同比,44.71,20.07,16920422.07,2026-08-31,-1.55,2.23,False,22.0,-7.9,168392760.0,54.9,False,17.5,观察池·仅利润断层,增速加速|单季口径|正式财报|观察池,公告后无有效跳空,
301162,国能日新,创业板,软件开发,2026-08-15,正式财报,2026年半年报,61.79,单季同比,36.14,25.65,47510516.91,2026-08-17,1.37,0.05,False,32.0,-9.07,144412422.0,44.9,False,17.5,观察池·仅利润断层,增速加速|单季口径|正式财报|观察池,公告后无有效跳空,
000837,秦川机床,主板,通用设备,2026-08-29,正式财报,2026年半年报,31.96,单季同比,-11.71,43.67,22126071.01,2026-09-01,0.0,-2.04,False,21.0,-8.06,173823881.0,95.4,False,17.5,观察池·仅利润断层,增速加速|单季口径|正式财报|观察池,公告后无有效跳空,
301539,宏鑫科技,创业板,汽车零部件,2026-08-27,正式财报,2026年半年报,-116.27,单季同比,-244.56,128.29,-2951765.8000000007,2026-08-28,-0.2,1.15,False,23.0,3.86,20207329.0,12.0,False,17.5,观察池·仅利润断层,增速加速|单季口径|正式财报|观察池,公告后无有效跳空|流通市值 < 30 亿元,
688796,百奥赛图,科创板,医疗服务,2026-08-28,正式财报,2026年半年报,123.79,单季同比,885.41,-761.62,137059891.61,,,,,,,,,False,17.4,观察池·仅利润断层,预增|单季口径|正式财报|观察池,缺上期数据或加速度未达标（口径差异）|行情数据缺失,"(一)随着生物医药行业迈入创新引领产业发展的新阶段,公司依托前瞻性的研发布局、领先的产品及高质量的服务,以及覆盖全球顶级药企与头部生物科技公司的优质客户网络,充分释放竞争优势,深度承接行业景气度提升带来的业务发展机遇。报告期内,公司两大业务线实现双轮驱动与跨越式协同,推动营业收入持续保持高速增长。(二)依托公司收入规模以及行业地位的显著提升,公司产能与运营的规模效应加速显现。在此基础上,叠加精益化管理的持续深化,公司有效实现降本增效,带动整体毛利率进一步提升,期间费用率有效降低,公司盈利能力显著增强,规模化利润加速释放。"
300692,中赋科技,创业板,环境治理,2026-08-27,正式财报,2026年半年报,31.39,单季同比,-13.35,44.74,30771470.409999996,2026-08-27,0.22,-1.64,False,24.0,-2.29,160482499.0,47.1,False,17.3,观察池·仅利润断层,增速加速|单季口径|正式财报|观察池,公告后无有效跳空,
300441,鲍斯股份,创业板,通用设备,2026-08-28,正式财报,2026年半年报,14.09,单季同比,-56.75,70.84,84617670.39,2026-08-28,1.33,3.09,False,23.0,2.76,71069356.0,44.5,False,17.3,观察池·仅利润断层,增速加速|单季口径|正式财报|观察池,公告后无有效跳空,
002101,广东鸿图,主板,汽车零部件,2026-08-25,正式财报,2026年半年报,-32.04,单季同比,-115.6,83.56,46877154.32,2026-08-25,0.94,3.4,False,26.0,-0.35,58489201.0,56.8,False,17.3,观察池·仅利润断层,增速加速|单季口径|正式财报|观察池,公告后无有效跳空,
300703,创源股份,创业板,文娱用品,2026-08-27,正式财报,2026年半年报,-70.54,单季同比,-193.41,122.87,8627141.940000001,2026-08-27,0.0,-1.84,False,24.0,1.62,47523788.0,23.5,False,17.3,观察池·仅利润断层,增速加速|单季口径|正式财报|观察池,公告后无有效跳空|流通市值 < 30 亿元,
002813,路畅科技,主板,汽车零部件,2026-08-07,正式财报,2026年半年报,52.65,累计同比,7.46,45.19,-3547312.080000002,2026-08-07,0.0,-1.56,False,37.0,25.02,43693793.0,31.6,False,17.2,观察池·仅利润断层,增速加速|正式财报|观察池,公告后无有效跳空,
002258,利尔化学,主板,农化制品,2026-08-28,正式财报,2026年半年报,14.44,单季同比,-24.82,39.26,134470431.61,2026-08-28,0.21,1.48,False,23.0,-2.18,273624991.0,110.9,False,17.2,观察池·仅利润断层,增速加速|单季口径|正式财报|观察池,公告后无有效跳空,
603016,新宏泰,主板,电网设备,2026-08-21,正式财报,2026年半年报,-6.21,单季同比,-55.47,49.26,18963748.29,2026-08-21,1.04,-1.96,False,28.0,3.74,279874792.0,47.6,False,17.2,观察池·仅利润断层,增速加速|单季口径|正式财报|观察池,公告后无有效跳空,
000957,中通客车,主板,商用车,2026-08-28,正式财报,2026年半年报,60.91,单季同比,30.04,30.87,183237190.43,2026-08-28,0.68,-0.58,False,23.0,-4.73,95469135.0,58.5,False,17.1,观察池·仅利润断层,增速加速|单季口径|正式财报|观察池,公告后无有效跳空,
300065,海兰信,创业板,航海装备Ⅱ,2026-08-24,正式财报,2026年半年报,-69.98,累计同比,-95.17,25.19,8570529.9,2026-08-25,-0.81,3.53,False,26.0,-0.68,439095723.0,95.3,False,17.1,观察池·仅利润断层,增速加速|正式财报|观察池,公告后无有效跳空,
600501,航天晨光,主板,专用设备,2026-08-21,正式财报,2026年半年报,53.12,累计同比,14.19,38.93,22361409.479999997,2026-08-21,0.65,1.94,False,28.0,3.21,74220072.0,61.8,False,17.0,观察池·仅利润断层,增速加速|正式财报|观察池,公告后无有效跳空,
603227,雪峰科技,主板,化学制品,2026-08-18,正式财报,2026年半年报,24.45,单季同比,-28.39,52.84,207850603.33,2026-08-18,1.16,2.97,False,31.0,-5.36,126462725.0,79.5,False,17.0,观察池·仅利润断层,增速加速|单季口径|正式财报|观察池,公告后无有效跳空,
301362,民爆光电,创业板,照明设备Ⅱ,2026-08-25,正式财报,2026年半年报,-28.86,单季同比,-63.29,34.43,33304518.839999996,2026-08-26,1.99,-1.25,False,25.0,-11.82,368533845.0,42.0,False,17.0,观察池·仅利润断层,增速加速|单季口径|正式财报|观察池,公告后无有效跳空,
688160,步科股份,科创板,自动化设备,2026-08-26,正式财报,2026年半年报,53.6,单季同比,19.7,33.9,23021310.619999997,2026-08-27,-0.97,2.68,False,24.0,-1.37,101825607.0,86.4,False,16.9,观察池·仅利润断层,增速加速|单季口径|正式财报|观察池,公告后无有效跳空,
600152,维科技术,主板,电池,2026-08-25,正式财报,2026年半年报,4.78,累计同比,-52.65,57.43,-12080993.339999996,2026-08-26,0.0,-0.48,False,25.0,2.42,186502104.0,44.9,False,16.9,观察池·仅利润断层,增速加速|正式财报|观察池,公告后无有效跳空,
688439,振华风光,科创板,军工电子Ⅱ,2026-08-27,正式财报,2026年半年报,-89.47,单季同比,-166.86,77.39,4555145.640000001,2026-08-27,-0.26,-0.34,False,24.0,-4.97,78896008.0,73.4,False,16.9,观察池·仅利润断层,增速加速|单季口径|正式财报|观察池,公告后无有效跳空,
300405,科隆股份,创业板,化学制品,2026-08-29,正式财报,2026年半年报,128.88,累计同比,107.9,20.98,5768948.2,2026-08-31,1.03,2.4,False,22.0,-0.51,53584246.0,12.8,False,16.8,观察池·仅利润断层,增速加速|正式财报|观察池,公告后无有效跳空|流通市值 < 30 亿元,
688489,三未信安,科创板,计算机设备,2026-08-29,正式财报,2026年半年报,117.34,单季同比,33.51,83.83,10053223.45,2026-09-01,0.0,-0.64,False,21.0,10.08,42078750.0,46.1,True,16.8,观察池·低基数断层,增速加速|单季口径|正式财报|低基数|观察池,低基数：上年同期单季净利仅 463 万元，增速参考性弱|公告后无有效跳空,
301153,中科江南,创业板,软件开发,2026-08-28,正式财报,2026年半年报,69.1,累计同比,45.19,23.91,10098371.089999998,2026-08-28,1.87,-0.74,False,23.0,-5.56,85453176.0,56.3,False,16.8,观察池·仅利润断层,增速加速|正式财报|观察池,公告后无有效跳空,
002803,吉宏股份,主板,互联网电商,2026-08-18,正式财报,2026年半年报,44.75,单季同比,22.32,22.43,85384847.16,2026-08-18,-0.35,-1.6,False,31.0,1.71,216575062.0,60.2,False,16.8,观察池·仅利润断层,增速加速|单季口径|正式财报|观察池,公告后无有效跳空,
301093,华兰股份,创业板,医疗器械,2026-08-27,正式财报,2026年半年报,-72.14,单季同比,-96.68,24.54,7062938.58,2026-08-28,0.01,-4.32,False,23.0,-15.77,426781900.0,128.4,False,16.8,观察池·仅利润断层,增速加速|单季口径|正式财报|观察池,公告后无有效跳空,
300537,广信材料,创业板,电子化学品Ⅱ,2026-08-27,正式财报,2026年半年报,94.56,单季同比,-23.21,117.77,7350243.640000001,2026-08-27,1.39,4.63,False,24.0,0.25,178720280.0,30.0,True,16.7,观察池·低基数断层,增速加速|单季口径|正式财报|低基数|观察池,低基数：上年同期单季净利仅 378 万元，增速参考性弱|公告后无有效跳空|流通市值 < 30 亿元,
300271,华宇软件,创业板,IT服务Ⅱ,2026-08-26,正式财报,2026年半年报,31.25,累计同比,-23.87,55.12,-607439.8399999961,2026-08-27,0.72,-0.72,False,24.0,2.13,56484670.0,46.2,False,16.6,观察池·仅利润断层,增速加速|正式财报|观察池,公告后无有效跳空,
300041,回天新材,创业板,化学制品,2026-08-21,正式财报,2026年半年报,36.22,单季同比,2.8,33.42,83068060.10000001,2026-08-24,-0.65,-2.21,False,27.0,-2.04,169826799.0,57.4,False,16.5,观察池·仅利润断层,增速加速|单季口径|正式财报|观察池,公告后无有效跳空,
600645,中源协和,主板,生物制品,2026-08-28,正式财报,2026年半年报,23.75,单季同比,-13.5,37.25,36803475.44,2026-08-28,0.96,-0.46,False,23.0,-2.61,208609640.0,90.8,False,16.5,观察池·仅利润断层,增速加速|单季口径|正式财报|观察池,公告后无有效跳空,
688687,凯因科技,科创板,生物制品,2026-08-22,正式财报,2026年半年报,-5.08,单季同比,-76.1,71.02,20612368.02,2026-08-24,0.66,-0.72,False,27.0,3.33,101539704.0,32.3,False,16.5,观察池·仅利润断层,增速加速|单季口径|正式财报|观察池,公告后无有效跳空,
603220,中贝通信,主板,通信服务,2026-08-27,正式财报,2026年半年报,-66.51,单季同比,-100.02,33.51,10656993.479999999,2026-08-27,0.16,1.67,False,24.0,-10.31,351062538.0,89.6,False,16.5,观察池·仅利润断层,增速加速|单季口径|正式财报|观察池,公告后无有效跳空,
600617,国新能源,主板,燃气Ⅱ,2026-08-22,正式财报,2026年半年报,44.26,累计同比,7.9,36.36,-17759504.459999993,2026-08-24,0.3,-1.79,False,27.0,0.89,104047289.0,60.4,False,16.4,观察池·仅利润断层,增速加速|正式财报|观察池,公告后无有效跳空,
688595,芯海科技,科创板,半导体,2026-08-28,正式财报,2026年半年报,1.2,累计同比,-62.19,63.39,622931.3999999985,2026-08-28,1.15,0.49,False,23.0,2.83,140240464.0,43.0,False,16.4,观察池·仅利润断层,增速加速|正式财报|观察池,公告后无有效跳空,
688646,逸飞激光,科创板,自动化设备,2026-08-18,正式财报,2026年半年报,-9.48,单季同比,-364.2,354.72,8211593.419999998,2026-08-19,-1.76,-5.67,False,30.0,-4.99,170988722.0,43.3,True,16.4,观察池·低基数断层,增速加速|单季口径|正式财报|低基数|观察池,低基数：上年同期单季净利仅 907 万元，增速参考性弱|公告后无有效跳空,
002469,三维化学,主板,化学原料,2026-08-21,正式财报,2026年半年报,-47.0,单季同比,-101.87,54.87,36476063.38,2026-08-21,0.83,7.63,False,28.0,-0.33,206082812.0,38.1,False,16.4,观察池·仅利润断层,增速加速|单季口径|正式财报|观察池,公告后无有效跳空,
002467,二六三,主板,通信服务,2026-08-29,正式财报,2026年半年报,-135.79,单季同比,-175.77,39.98,-7060928.459999999,2026-09-01,-0.21,3.61,False,21.0,3.83,301296708.0,66.8,False,16.4,观察池·仅利润断层,增速加速|单季口径|正式财报|观察池,公告后无有效跳空,
301212,联盛化学,创业板,化学制品,2026-08-27,正式财报,2026年半年报,88.94,单季同比,-45.49,134.43,12935273.25,2026-08-27,0.62,3.05,False,24.0,7.25,73795459.0,24.5,True,16.3,观察池·低基数断层,增速加速|单季口径|正式财报|低基数|观察池,低基数：上年同期单季净利仅 685 万元，增速参考性弱|公告后无有效跳空|流通市值 < 30 亿元,
600845,宝信软件,主板,IT服务Ⅱ,2026-08-20,正式财报,2026年半年报,21.51,单季同比,-14.25,35.76,325513734.22,2026-08-20,1.42,0.8,False,29.0,-0.62,219493688.0,377.5,False,16.3,观察池·仅利润断层,增速加速|单季口径|正式财报|观察池,公告后无有效跳空,
300793,佳禾智能,创业板,消费电子,2026-08-29,正式财报,2026年半年报,12.92,单季同比,-154.95,167.87,10554719.96,2026-08-31,0.0,4.05,False,22.0,2.29,98818411.0,43.3,True,16.3,观察池·低基数断层,增速加速|单季口径|正式财报|低基数|观察池,低基数：上年同期单季净利仅 935 万元，增速参考性弱|公告后无有效跳空,
300842,帝科股份,创业板,光伏设备,2026-08-29,正式财报,2026年半年报,-35.86,单季同比,-58.12,22.26,22563801.86,2026-09-01,-1.71,-5.01,False,21.0,-14.35,418498805.0,76.4,False,16.3,观察池·仅利润断层,增速加速|单季口径|正式财报|观察池,公告后无有效跳空,
688228,开普云,科创板,IT服务Ⅱ,2026-08-29,正式财报,2026年半年报,-445.34,单季同比,-1251.33,805.99,-10515812.82,2026-09-01,-0.19,0.01,False,21.0,8.66,166070928.0,60.5,True,16.3,观察池·低基数断层,增速加速|单季口径|正式财报|低基数|观察池,低基数：上年同期单季净利仅 305 万元，增速参考性弱|公告后无有效跳空,
300469,信息发展,创业板,软件开发,2026-08-28,正式财报,2026年半年报,-33.25,累计同比,-58.25,25.0,-35163626.62,2026-08-31,-2.46,-3.56,False,22.0,-7.32,391720309.0,122.1,False,16.2,观察池·仅利润断层,增速加速|正式财报|观察池,公告后无有效跳空,
600071,凤凰光学,主板,光学光电子,2026-08-25,正式财报,2026年半年报,-53.08,单季同比,-132.74,79.66,8388095.1899999995,2026-08-26,0.76,0.51,False,25.0,2.78,28661754.0,45.8,False,16.2,观察池·仅利润断层,增速加速|单季口径|正式财报|观察池,公告后无有效跳空,
688582,芯动联科,科创板,半导体,2026-08-18,正式财报,2026年半年报,-69.15,单季同比,-94.25,25.1,33923770.67,2026-08-19,-1.8,-8.58,False,30.0,-18.73,391073563.0,144.3,False,16.2,观察池·仅利润断层,增速加速|单季口径|正式财报|观察池,公告后无有效跳空,
300612,宣亚国际,创业板,广告营销,2026-08-21,正式财报,2026年半年报,-276.12,累计同比,-389.07,112.95,-13648322.04,2026-08-24,0.77,-1.11,False,27.0,3.23,56631137.0,22.1,False,16.2,观察池·仅利润断层,增速加速|正式财报|观察池,公告后无有效跳空|流通市值 < 30 亿元,
002530,金财互联,主板,通用设备,2026-08-25,正式财报,2026年半年报,42.75,单季同比,18.11,24.64,27351223.729999997,2026-08-25,0.28,4.99,False,26.0,-0.28,175207250.0,49.6,False,16.1,观察池·仅利润断层,增速加速|单季口径|正式财报|观察池,公告后无有效跳空,
600163,中闽能源,主板,电力,2026-08-28,正式财报,2026年半年报,22.43,单季同比,-21.86,44.29,150736828.86999997,2026-08-28,0.2,3.55,False,23.0,10.24,145311517.0,106.6,False,16.1,观察池·仅利润断层,增速加速|单季口径|正式财报|观察池,公告后无有效跳空,
301024,霍普股份,创业板,工程咨询服务Ⅱ,2026-08-29,正式财报,2026年半年报,-1.79,累计同比,-117.02,115.23,-1545563.8399999999,2026-09-01,-1.02,0.21,False,21.0,1.76,32091171.0,20.7,False,16.0,观察池·仅利润断层,增速加速|正式财报|观察池,公告后无有效跳空|流通市值 < 30 亿元,
000039,中集集团,主板,通用设备,2026-08-29,正式财报,2026年半年报,-27.75,单季同比,-61.57,33.82,530551000.0,2026-09-01,-0.55,-0.33,False,21.0,-4.66,326624299.0,197.9,False,16.0,观察池·仅利润断层,增速加速|单季口径|正式财报|观察池,公告后无有效跳空,
688768,容知日新,科创板,通用设备,2026-08-26,正式财报,2026年半年报,-181.23,单季同比,-257.16,75.93,-16754622.119999997,2026-08-26,-1.13,-0.29,False,25.0,26.94,45014840.0,45.6,False,16.0,观察池·仅利润断层,增速加速|单季口径|正式财报|观察池,公告后无有效跳空,
000012,南玻A,主板,玻璃玻纤,2026-08-28,正式财报,2026年半年报,-649.78,单季同比,-721.57,71.79,-322508238.0,2026-08-31,-0.26,-1.58,False,22.0,-2.38,72515809.0,72.3,False,16.0,观察池·仅利润断层,增速加速|单季口径|正式财报|观察池,公告后无有效跳空,
002123,梦网科技,主板,通信服务,2026-08-24,正式财报,2026年半年报,-1070.24,单季同比,-1278.24,208.0,-53430109.510000005,2026-08-24,-0.25,-3.87,False,27.0,-5.63,149766702.0,54.3,True,16.0,观察池·低基数断层,增速加速|单季口径|正式财报|低基数|观察池,低基数：上年同期单季净利仅 551 万元，增速参考性弱|公告后无有效跳空,
688103,国力电子,科创板,其他电子Ⅱ,2026-08-27,正式财报,2026年半年报,3.51,单季同比,-42.98,46.49,24781213.509999998,2026-08-27,1.24,6.39,False,24.0,3.4,215854520.0,72.4,False,15.9,观察池·仅利润断层,增速加速|单季口径|正式财报|观察池,公告后无有效跳空,
301301,川宁生物,创业板,化学制药,2026-08-25,正式财报,2026年半年报,0.08,单季同比,-61.58,61.66,166779408.1,2026-08-25,-0.58,2.78,False,26.0,-4.43,131965246.0,50.7,False,15.9,观察池·仅利润断层,增速加速|单季口径|正式财报|观察池,公告后无有效跳空,
600539,狮头股份,主板,互联网电商,2026-08-27,正式财报,2026年半年报,18.03,累计同比,-9.73,27.76,137225.87,2026-08-28,0.94,2.02,False,23.0,-10.13,265438851.0,31.0,False,15.8,观察池·仅利润断层,增速加速|正式财报|观察池,公告后无有效跳空,
301070,开勒股份,创业板,通用设备,2026-08-25,正式财报,2026年半年报,9.59,单季同比,-36.95,46.54,17630022.3,2026-08-26,-0.05,1.65,False,25.0,-1.54,180236200.0,53.2,False,15.8,观察池·仅利润断层,增速加速|单季口径|正式财报|观察池,公告后无有效跳空,
002587,奥拓电子,主板,光学光电子,2026-08-11,正式财报,2026年半年报,64.22,累计同比,11.85,52.37,-1548408.2299999986,2026-08-12,0.0,2.35,False,35.0,-4.34,114294196.0,28.2,False,15.7,观察池·仅利润断层,增速加速|正式财报|观察池,公告后无有效跳空|流通市值 < 30 亿元,
000650,仁和药业,主板,中药Ⅱ,2026-08-26,正式财报,2026年半年报,20.18,单季同比,-14.57,34.75,151574362.53999996,2026-08-26,1.64,0.55,False,25.0,-6.09,204520228.0,69.8,False,15.7,观察池·仅利润断层,增速加速|单季口径|正式财报|观察池,公告后无有效跳空,
002278,神开股份,主板,专用设备,2026-08-22,正式财报,2026年半年报,-4.06,单季同比,-111.78,107.72,16228069.030000001,2026-08-24,0.25,-1.1,False,27.0,-2.45,64557573.0,28.6,False,15.7,观察池·仅利润断层,增速加速|单季口径|正式财报|观察池,公告后无有效跳空|流通市值 < 30 亿元,
301578,辰奕智能,创业板,黑色家电,2026-08-26,正式财报,2026年半年报,-39.54,单季同比,-154.14,114.6,9403208.89,2026-08-27,0.69,0.22,False,24.0,-0.22,21947756.0,7.0,False,15.7,观察池·仅利润断层,增速加速|单季口径|正式财报|观察池,公告后无有效跳空|流通市值 < 30 亿元,
688739,成大生物,科创板,生物制品,2026-08-25,正式财报,2026年半年报,-29.73,单季同比,-102.64,72.91,35188284.04,2026-08-25,-0.05,1.85,False,26.0,2.29,45554543.0,87.5,False,15.6,观察池·仅利润断层,增速加速|单季口径|正式财报|观察池,公告后无有效跳空,
688348,昱能科技,科创板,光伏设备,2026-08-31,正式财报,2026年半年报,-240.67,单季同比,-313.41,72.74,-70693547.69,2026-09-01,-0.1,0.71,False,21.0,-1.01,47155080.0,47.6,False,15.6,观察池·仅利润断层,增速加速|单季口径|正式财报|观察池,公告后无有效跳空,
002783,凯龙股份,主板,化学制品,2026-08-25,正式财报,2026年半年报,-4.95,单季同比,-73.2,68.25,67387853.24,2026-08-25,-0.13,2.32,False,26.0,4.77,70773647.0,37.5,False,15.5,观察池·仅利润断层,增速加速|单季口径|正式财报|观察池,公告后无有效跳空,
603277,银都股份,主板,通用设备,2026-08-26,正式财报,2026年半年报,-8.59,单季同比,-79.27,70.68,134321403.66,2026-08-27,-0.92,-0.17,False,24.0,-4.8,53034650.0,69.0,False,15.5,观察池·仅利润断层,增速加速|单季口径|正式财报|观察池,公告后无有效跳空,
688458,美芯晟,科创板,半导体,2026-08-31,正式财报,2026年半年报,-80.6,单季同比,-246.91,166.31,259124.53000000026,2026-08-31,-0.44,6.39,False,22.0,7.88,127302663.0,34.5,True,15.5,观察池·低基数断层,增速加速|单季口径|正式财报|低基数|观察池,低基数：上年同期单季净利仅 134 万元，增速参考性弱|公告后无有效跳空,
000948,南天信息,主板,软件开发,2026-08-21,正式财报,2026年半年报,47.33,单季同比,20.8,26.53,36942405.9,2026-08-24,-0.5,-1.65,False,27.0,-5.13,108926437.0,51.1,False,15.4,观察池·仅利润断层,增速加速|单季口径|正式财报|观察池,公告后无有效跳空,
301328,维峰电子,创业板,其他电子Ⅱ,2026-08-22,正式财报,2026年半年报,15.7,单季同比,-27.0,42.7,34113053.22,2026-08-24,-0.36,-2.83,False,27.0,-20.33,155222640.0,53.9,False,15.4,观察池·仅利润断层,增速加速|单季口径|正式财报|观察池,公告后无有效跳空,
002350,北京科锐,主板,电网设备,2026-08-27,正式财报,2026年半年报,-52.33,单季同比,-326.21,273.88,3065226.9800000004,2026-08-28,0.28,0.34,False,23.0,-7.89,122448566.0,71.3,True,15.4,观察池·低基数断层,增速加速|单季口径|正式财报|低基数|观察池,低基数：上年同期单季净利仅 643 万元，增速参考性弱|公告后无有效跳空,
600215,派斯林,主板,自动化设备,2026-08-26,正式财报,2026年半年报,21.0,累计同比,-68.9,89.9,-5224231.870000001,2026-08-26,-0.46,-1.84,False,25.0,-3.86,62887752.0,28.5,False,15.3,观察池·仅利润断层,增速加速|正式财报|观察池,公告后无有效跳空|流通市值 < 30 亿元,
688252,天德钰,科创板,半导体,2026-08-12,正式财报,2026年半年报,12.44,单季同比,-34.76,47.2,91981498.47,2026-08-13,0.86,-2.16,False,34.0,1.75,139270187.0,83.4,False,15.3,观察池·仅利润断层,增速加速|单季口径|正式财报|观察池,公告后无有效跳空,
300097,智云股份,创业板,自动化设备,2026-08-29,正式财报,2026年半年报,73.03,累计同比,39.87,33.16,-11691460.75,2026-09-01,-0.37,-4.19,False,21.0,-8.04,175267874.0,25.9,False,15.2,观察池·仅利润断层,增速加速|正式财报|观察池,公告后无有效跳空|流通市值 < 30 亿元,
600956,新天绿能,主板,电力,2026-08-26,正式财报,2026年半年报,23.57,单季同比,-25.03,48.6,565354334.4999999,2026-08-26,0.71,1.84,False,25.0,-0.28,67141853.0,166.5,False,15.2,观察池·仅利润断层,增速加速|单季口径|正式财报|观察池,公告后无有效跳空,
300111,向日葵,创业板,化学制药,2026-08-27,正式财报,2026年半年报,-656.02,单季同比,-3882.5,3226.48,-7181535.63,2026-08-27,1.3,0.97,False,24.0,-4.49,111121863.0,38.4,True,15.2,观察池·低基数断层,增速加速|单季口径|正式财报|低基数|观察池,低基数：上年同期单季净利仅 129 万元，增速参考性弱|公告后无有效跳空,
301108,洁雅股份,创业板,个护用品,2026-08-29,正式财报,2026年半年报,39.4,单季同比,2.04,37.36,31395089.619999997,2026-09-01,-0.49,-2.02,False,21.0,26.65,59769842.0,33.2,False,15.1,观察池·仅利润断层,增速加速|单季口径|正式财报|观察池,公告后无有效跳空,
601900,南方传媒,主板,出版,2026-08-22,正式财报,2026年半年报,33.39,单季同比,-6.23,39.62,174382277.55,2026-08-24,1.62,0.17,False,27.0,6.28,74116195.0,111.9,False,15.1,观察池·仅利润断层,增速加速|单季口径|正式财报|观察池,公告后无有效跳空,
002796,世嘉科技,主板,通信设备,2026-08-15,正式财报,2026年半年报,8.76,累计同比,-24.98,33.74,-17209063.6,2026-08-17,0.69,2.08,False,32.0,-18.76,238253128.0,59.2,False,15.1,观察池·仅利润断层,增速加速|正式财报|观察池,公告后无有效跳空,
300465,高伟达,创业板,软件开发,2026-08-20,正式财报,2026年半年报,-4.0,单季同比,-34.76,30.76,23390816.509999998,2026-08-21,0.16,1.55,False,28.0,-10.35,297450081.0,48.8,False,15.1,观察池·仅利润断层,增速加速|单季口径|正式财报|观察池,公告后无有效跳空,
300637,扬帆新材,创业板,化学制品,2026-08-29,正式财报,2026年半年报,-25.03,单季同比,-131.5,106.47,9810652.17,2026-09-01,-0.3,-1.11,False,21.0,-5.36,45307724.0,22.0,False,15.1,观察池·仅利润断层,增速加速|单季口径|正式财报|观察池,公告后无有效跳空|流通市值 < 30 亿元,
600995,南网储能,主板,电力,2026-08-21,正式财报,2026年半年报,43.61,单季同比,21.34,22.27,658370694.8899999,2026-08-24,0.32,-0.65,False,27.0,-4.05,131453290.0,379.0,False,15.0,观察池·仅利润断层,增速加速|单季口径|正式财报|观察池,公告后无有效跳空,
001380,华纬科技,主板,汽车零部件,2026-08-27,正式财报,2026年半年报,18.87,单季同比,-34.68,53.55,75034043.6,2026-08-27,1.33,1.38,False,24.0,6.88,49958807.0,43.7,False,15.0,观察池·仅利润断层,增速加速|单季口径|正式财报|观察池,公告后无有效跳空,
603529,爱玛科技,主板,摩托车及其他,2026-08-25,正式财报,2026年半年报,-22.86,单季同比,-67.57,44.71,468943786.64,2026-08-26,-0.33,2.71,False,25.0,4.37,204319629.0,189.1,False,15.0,观察池·仅利润断层,增速加速|单季口径|正式财报|观察池,公告后无有效跳空,
300961,深水海纳,创业板,环境治理,2026-08-27,正式财报,2026年半年报,-261.21,累计同比,-358.78,97.57,-30200875.69,2026-08-27,1.19,-5.14,False,24.0,-5.32,98611066.0,18.5,False,15.0,观察池·仅利润断层,增速加速|正式财报|观察池,公告后无有效跳空|流通市值 < 30 亿元,
688133,泰坦科技,科创板,化学制品,2026-08-29,正式财报,2026年半年报,-322.19,单季同比,-731.36,409.17,-10299246.680000003,2026-09-01,0.04,-2.73,False,21.0,0.09,100471630.0,36.8,True,15.0,观察池·低基数断层,增速加速|单季口径|正式财报|低基数|观察池,低基数：上年同期单季净利仅 464 万元，增速参考性弱|公告后无有效跳空,
300342,天银机电,创业板,家电零部件Ⅱ,2026-08-15,正式财报,2026年半年报,60.78,单季同比,17.42,43.36,14537606.679999998,2026-08-17,-0.24,1.21,False,32.0,-20.86,806994613.0,123.6,True,14.9,观察池·低基数断层,增速加速|单季口径|正式财报|低基数|观察池,低基数：上年同期单季净利仅 904 万元，增速参考性弱|公告后无有效跳空,
601866,中远海发,主板,航运港口,2026-08-29,正式财报,2026年半年报,19.86,单季同比,-14.01,33.87,587201022.71,2026-08-31,0.0,0.41,False,22.0,0.83,169202109.0,236.9,False,14.9,观察池·仅利润断层,增速加速|单季口径|正式财报|观察池,公告后无有效跳空,
300634,彩讯股份,创业板,IT服务Ⅱ,2026-08-28,正式财报,2026年半年报,-29.85,单季同比,-65.56,35.71,43412766.919999994,2026-08-28,0.52,1.82,False,23.0,7.15,255814895.0,89.8,False,14.9,观察池·仅利润断层,增速加速|单季口径|正式财报|观察池,公告后无有效跳空,
600493,凤竹纺织,主板,纺织制造,2026-08-29,正式财报,2026年半年报,57.09,单季同比,-339.16,396.25,8047360.45,2026-08-31,1.3,3.08,False,22.0,4.16,53089287.0,17.7,True,14.8,观察池·低基数断层,增速加速|单季口径|正式财报|低基数|观察池,低基数：上年同期单季净利仅 512 万元，增速参考性弱|公告后无有效跳空|流通市值 < 30 亿元,
300022,吉峰科技,创业板,专业连锁Ⅱ,2026-08-25,正式财报,2026年半年报,35.76,累计同比,-3.14,38.9,1272286.4299999997,2026-08-25,0.62,-0.37,False,26.0,-5.02,50027314.0,38.4,False,14.8,观察池·仅利润断层,增速加速|正式财报|观察池,公告后无有效跳空,
603380,易德龙,主板,消费电子,2026-08-22,正式财报,2026年半年报,16.75,单季同比,-26.92,43.67,84926894.44,2026-08-25,0.0,-0.18,False,26.0,-4.68,116842238.0,52.0,False,14.8,观察池·仅利润断层,增速加速|单季口径|正式财报|观察池,公告后无有效跳空,
301629,矽电股份,创业板,半导体,2026-08-25,正式财报,2026年半年报,-57.47,单季同比,-190.39,132.92,4189502.130000001,2026-08-26,-1.0,0.01,False,25.0,5.07,205352164.0,51.1,True,14.8,观察池·低基数断层,增速加速|单季口径|正式财报|低基数|观察池,低基数：上年同期单季净利仅 985 万元，增速参考性弱|公告后无有效跳空,
688393,安必平,科创板,医疗器械,2026-08-28,正式财报,2026年半年报,106.12,累计同比,83.42,22.7,2599500.2800000003,2026-08-28,0.78,-2.63,False,23.0,8.51,52567543.0,21.0,False,14.7,观察池·仅利润断层,增速加速|正式财报|观察池,公告后无有效跳空|流通市值 < 30 亿元,
688785,恒运昌,科创板,其他电源设备Ⅱ,2026-08-31,正式财报,2026年半年报,1.31,单季同比,-49.81,51.12,34767741.769999996,2026-09-01,-0.9,-4.75,False,21.0,26.77,139353710.0,46.9,False,14.7,观察池·仅利润断层,增速加速|单季口径|正式财报|观察池,公告后无有效跳空,
603682,锦和商管,主板,一般零售,2026-08-25,正式财报,2026年半年报,-36.26,单季同比,-83.09,46.83,13740088.970000003,2026-08-26,0.51,-3.25,False,25.0,-19.74,172192749.0,44.6,False,14.7,观察池·仅利润断层,增速加速|单季口径|正式财报|观察池,公告后无有效跳空,
605089,味知香,主板,食品加工,2026-08-27,正式财报,2026年半年报,48.3,单季同比,16.51,31.79,18452108.67,2026-08-27,1.14,1.74,False,24.0,7.27,24583913.0,30.1,False,14.6,观察池·仅利润断层,增速加速|单季口径|正式财报|观察池,公告后无有效跳空,
002189,中光学,主板,军工电子Ⅱ,2026-08-27,正式财报,2026年半年报,39.95,累计同比,8.02,31.93,-9576745.510000005,2026-08-28,0.05,1.22,False,23.0,1.96,66150944.0,50.2,False,14.6,观察池·仅利润断层,增速加速|正式财报|观察池,公告后无有效跳空,
600771,广誉远,主板,中药Ⅱ,2026-08-26,正式财报,2026年半年报,35.01,单季同比,4.96,30.05,17919169.799999997,2026-08-26,-0.44,0.96,False,25.0,4.43,103948309.0,69.3,False,14.6,观察池·仅利润断层,增速加速|单季口径|正式财报|观察池,公告后无有效跳空,
301449,天溯计量,创业板,专业服务,2026-08-21,正式财报,2026年半年报,12.6,单季同比,-73.07,85.67,46750593.45,2026-08-21,-0.1,2.91,False,28.0,-1.56,93738869.0,8.0,False,14.6,观察池·仅利润断层,增速加速|单季口径|正式财报|观察池,公告后无有效跳空|流通市值 < 30 亿元,
003019,宸展光电,主板,光学光电子,2026-08-29,正式财报,2026年半年报,3.59,单季同比,-44.24,47.83,64912860.06,2026-09-01,1.09,0.0,False,21.0,-5.85,142647603.0,45.1,False,14.6,观察池·仅利润断层,增速加速|单季口径|正式财报|观察池,公告后无有效跳空,
300505,川金诺,创业板,农化制品,2026-08-25,正式财报,2026年半年报,-21.56,单季同比,-42.85,21.29,82735184.07,2026-08-25,-0.91,1.97,False,26.0,-3.07,336817623.0,39.2,False,14.6,观察池·仅利润断层,增速加速|单季口径|正式财报|观察池,公告后无有效跳空,
605555,德昌股份,主板,小家电,2026-08-22,正式财报,2026年半年报,-29.49,单季同比,-84.38,54.89,20927842.33,2026-08-24,0.42,2.1,False,27.0,5.85,115774810.0,61.3,False,14.6,观察池·仅利润断层,增速加速|单季口径|正式财报|观察池,公告后无有效跳空,
000825,太钢不锈,主板,特钢Ⅱ,2026-08-27,正式财报,2026年半年报,-43.77,单季同比,-89.26,45.49,115301657.61000001,2026-08-27,0.0,-1.38,False,24.0,-6.61,174828531.0,193.1,False,14.6,观察池·仅利润断层,增速加速|单季口径|正式财报|观察池,公告后无有效跳空,
300296,利亚德,创业板,光学光电子,2026-08-19,正式财报,2026年半年报,-45.25,单季同比,-77.78,32.53,52139179.75,2026-08-20,1.18,0.0,False,29.0,-8.19,264185738.0,109.3,False,14.6,观察池·仅利润断层,增速加速|单季口径|正式财报|观察池,公告后无有效跳空,
600171,上海贝岭,主板,半导体,2026-08-29,正式财报,2026年半年报,-4.2,单季同比,-41.6,37.4,91745707.52000001,2026-09-01,-0.09,0.17,False,21.0,-6.25,225627270.0,154.3,False,14.5,观察池·仅利润断层,增速加速|单季口径|正式财报|观察池,公告后无有效跳空,
000705,浙江震元,主板,医药商业,2026-08-21,正式财报,2026年半年报,-58.73,单季同比,-160.78,102.05,8411336.04,2026-08-24,-0.43,-1.56,False,27.0,1.71,45059204.0,20.1,False,14.5,观察池·仅利润断层,增速加速|单季口径|正式财报|观察池,公告后无有效跳空|流通市值 < 30 亿元,
300172,中电环保,创业板,环境治理,2026-08-11,正式财报,2026年半年报,50.99,单季同比,-8.15,59.14,37222673.96,2026-08-12,1.3,1.74,False,35.0,-2.78,68209758.0,23.8,False,14.3,观察池·仅利润断层,增速加速|单季口径|正式财报|观察池,公告后无有效跳空|流通市值 < 30 亿元,
603128,华贸物流,主板,物流,2026-08-25,正式财报,2026年半年报,17.12,单季同比,-21.68,38.8,129028361.92999999,2026-08-25,0.56,2.78,False,26.0,-1.1,118658402.0,70.3,False,14.3,观察池·仅利润断层,增速加速|单季口径|正式财报|观察池,公告后无有效跳空,
001201,东瑞股份,主板,养殖业,2026-08-29,正式财报,2026年半年报,-2763.59,单季同比,-3292.8,529.21,-236482573.96999997,2026-09-01,-0.72,-0.56,False,21.0,27.07,65341573.0,33.6,True,14.3,观察池·低基数断层,增速加速|单季口径|正式财报|低基数|观察池,低基数：上年同期单季净利仅 888 万元，增速参考性弱|公告后无有效跳空,
002500,山西证券,主板,证券Ⅱ,2026-08-28,正式财报,2026年半年报,26.62,单季同比,2.2,24.42,347620444.0,2026-08-28,0.18,-0.18,False,23.0,-5.47,163574586.0,186.0,False,14.2,观察池·仅利润断层,增速加速|单季口径|正式财报|观察池,公告后无有效跳空,
603578,三星新材,主板,家电零部件Ⅱ,2026-08-29,正式财报,2026年半年报,-30.88,累计同比,-129.31,98.43,-36551441.1,2026-08-31,-0.53,1.75,False,22.0,9.79,55345762.0,25.9,False,14.2,观察池·仅利润断层,增速加速|正式财报|观察池,公告后无有效跳空|流通市值 < 30 亿元,
300638,广和通,创业板,通信设备,2026-08-27,正式财报,2026年半年报,-47.9,单季同比,-91.79,43.89,52158062.23,2026-08-28,-0.84,-1.32,False,23.0,4.78,166771401.0,104.6,False,14.2,观察池·仅利润断层,增速加速|单季口径|正式财报|观察池,公告后无有效跳空,
002480,新筑股份,主板,电力,2026-08-20,正式财报,2026年半年报,-48.03,累计同比,-110.11,62.08,-62290743.85,2026-08-20,0.73,-1.82,False,29.0,-1.08,47137183.0,42.1,False,14.2,观察池·仅利润断层,增速加速|正式财报|观察池,公告后无有效跳空,
003035,南网能源,主板,电力,2026-08-28,正式财报,2026年半年报,15.14,单季同比,-6.31,21.45,140929465.3,2026-08-28,0.0,0.35,False,23.0,-6.15,237540735.0,202.3,False,14.1,观察池·仅利润断层,增速加速|单季口径|正式财报|观察池,公告后无有效跳空,
603918,金桥信息,主板,IT服务Ⅱ,2026-08-27,正式财报,2026年半年报,3.86,累计同比,-31.56,35.42,-8680391.669999998,2026-08-27,0.09,2.48,False,24.0,-4.5,198614337.0,38.0,False,14.1,观察池·仅利润断层,增速加速|正式财报|观察池,公告后无有效跳空,
688157,松井股份,科创板,化学制品,2026-08-29,正式财报,2026年半年报,-78.35,单季同比,-279.72,201.37,1834889.5599999996,2026-09-01,0.21,-1.75,False,21.0,-4.83,52969051.0,34.7,True,14.1,观察池·低基数断层,增速加速|单季口径|正式财报|低基数|观察池,低基数：上年同期单季净利仅 847 万元，增速参考性弱|公告后无有效跳空,
601616,广电电气,主板,电网设备,2026-08-29,正式财报,2026年半年报,-351.97,单季同比,-5664.2,5312.23,-4836970.280000001,2026-09-01,0.26,0.52,False,21.0,-3.35,55114184.0,32.0,True,14.1,观察池·低基数断层,增速加速|单季口径|正式财报|低基数|观察池,低基数：上年同期单季净利仅 192 万元，增速参考性弱|公告后无有效跳空,
600529,山东药玻,主板,医疗器械,2026-08-25,正式财报,2026年半年报,15.02,单季同比,-10.03,25.05,169661931.53000003,2026-08-25,1.01,2.67,False,26.0,-3.91,207174222.0,120.6,False,14.0,观察池·仅利润断层,增速加速|单季口径|正式财报|观察池,公告后无有效跳空,
301277,新天地,创业板,化学制药,2026-08-28,正式财报,2026年半年报,14.92,单季同比,-36.19,51.11,24666836.54,2026-08-28,-0.48,-1.34,False,23.0,0.67,33685640.0,41.1,False,14.0,观察池·仅利润断层,增速加速|单季口径|正式财报|观察池,公告后无有效跳空,
300746,汉嘉数智,创业板,工程咨询服务Ⅱ,2026-08-29,正式财报,2026年半年报,69.46,单季同比,-21.78,91.24,8128453.0,2026-09-01,-0.41,1.16,False,21.0,1.92,90168016.0,33.2,True,13.9,观察池·低基数断层,增速加速|单季口径|正式财报|低基数|观察池,低基数：上年同期单季净利仅 480 万元，增速参考性弱|公告后无有效跳空,
003033,征和工业,主板,摩托车及其他,2026-08-28,正式财报,2026年半年报,5.7,单季同比,-38.87,44.57,37168821.42999999,2026-08-28,-0.7,-0.88,False,23.0,22.8,117613718.0,68.1,False,13.9,观察池·仅利润断层,增速加速|单季口径|正式财报|观察池,公告后无有效跳空,
603527,众源新材,主板,工业金属,2026-08-27,正式财报,2026年半年报,3.89,单季同比,-46.72,50.61,24066142.019999996,2026-08-28,-0.1,0.2,False,23.0,-3.19,87028529.0,30.8,False,13.9,观察池·仅利润断层,增速加速|单季口径|正式财报|观察池,公告后无有效跳空,
000713,国投丰乐,主板,种植业,2026-08-21,正式财报,2026年半年报,-11.33,累计同比,-58.19,46.86,-14448292.54,2026-08-24,0.0,3.4,False,27.0,7.14,134536647.0,38.7,False,13.9,观察池·仅利润断层,增速加速|正式财报|观察池,公告后无有效跳空,
300641,正丹股份,创业板,化学制品,2026-08-19,正式财报,2026年半年报,-29.74,单季同比,-82.71,52.97,169674665.07,2026-08-20,0.07,-0.63,False,29.0,-8.84,91539961.0,68.3,False,13.9,观察池·仅利润断层,增速加速|单季口径|正式财报|观察池,公告后无有效跳空,
002870,香山股份,主板,汽车零部件,2026-08-26,正式财报,2026年半年报,-106.02,单季同比,-146.26,40.24,-1827002.9700000007,2026-08-27,0.3,3.42,False,14.0,-3.15,177905150.0,59.0,False,13.9,观察池·仅利润断层,增速加速|单季口径|正式财报|观察池,公告后无有效跳空,
600846,同济科技,主板,工程咨询服务Ⅱ,2026-08-22,正式财报,2026年半年报,12.06,单季同比,-34.41,46.47,65917985.97,2026-08-24,0.52,-0.44,False,27.0,-7.55,69511248.0,66.6,False,13.8,观察池·仅利润断层,增速加速|单季口径|正式财报|观察池,公告后无有效跳空,
000999,华润三九,主板,中药Ⅱ,2026-08-22,正式财报,2026年半年报,9.12,单季同比,-15.29,24.41,594925136.8599999,2026-08-25,-0.21,2.16,False,26.0,2.72,232987244.0,402.2,False,13.8,观察池·仅利润断层,增速加速|单季口径|正式财报|观察池,公告后无有效跳空,
301390,经纬股份,创业板,工程咨询服务Ⅱ,2026-08-27,正式财报,2026年半年报,-277.19,单季同比,-374.07,96.88,-18803829.57,2026-08-28,-0.19,3.55,False,18.0,27.71,43314484.0,19.4,False,13.8,观察池·仅利润断层,增速加速|单季口径|正式财报|观察池,公告后无有效跳空|流通市值 < 30 亿元,
002846,英联股份,主板,包装印刷,2026-08-18,正式财报,2026年半年报,40.29,单季同比,13.41,26.88,19828746.25,2026-08-18,0.0,-1.39,False,31.0,6.28,54769535.0,31.2,False,13.7,观察池·仅利润断层,增速加速|单季口径|正式财报|观察池,公告后无有效跳空,
603407,长裕集团,主板,化学原料,2026-08-24,正式财报,2026年半年报,34.84,单季同比,7.27,27.57,81862794.31,2026-08-24,0.69,-4.23,False,27.0,-4.27,327821806.0,20.6,False,13.7,观察池·仅利润断层,增速加速|单季口径|正式财报|观察池,公告后无有效跳空|流通市值 < 30 亿元,
600622,光大嘉宝,主板,房地产开发,2026-08-27,正式财报,2026年半年报,34.7,累计同比,5.55,29.15,-132103485.15000002,2026-08-28,0.0,2.64,False,23.0,12.78,65454658.0,38.4,False,13.7,观察池·仅利润断层,增速加速|正式财报|观察池,公告后无有效跳空,
300736,百邦科技,创业板,其他电子Ⅱ,2026-08-28,正式财报,2026年半年报,28.38,累计同比,-0.04,28.42,-2138040.62,2026-08-28,-0.1,-0.23,False,23.0,11.41,103232719.0,41.7,False,13.7,观察池·仅利润断层,增速加速|正式财报|观察池,公告后无有效跳空,
300039,上海凯宝,创业板,中药Ⅱ,2026-08-25,正式财报,2026年半年报,-1.57,单季同比,-23.05,21.48,37068186.78,2026-08-25,0.57,5.86,False,26.0,-0.38,293728157.0,48.6,False,13.7,观察池·仅利润断层,增速加速|单季口径|正式财报|观察池,公告后无有效跳空,
603122,合富中国,主板,医疗服务,2026-08-26,正式财报,2026年半年报,-2.19,累计同比,-38.06,35.87,785863.2700000005,2026-08-27,-0.59,3.45,False,24.0,17.16,196171785.0,55.2,False,13.7,观察池·仅利润断层,增速加速|正式财报|观察池,公告后无有效跳空,
300183,东软载波,创业板,通信设备,2026-08-27,正式财报,2026年半年报,-167.05,单季同比,-673.19,506.14,-6425813.02,2026-08-28,0.0,-0.19,False,23.0,-0.28,36450110.0,39.4,True,13.7,观察池·低基数断层,增速加速|单季口径|正式财报|低基数|观察池,低基数：上年同期单季净利仅 958 万元，增速参考性弱|公告后无有效跳空,
002761,浙江建投,主板,房屋建设Ⅱ,2026-08-21,正式财报,2026年半年报,49.27,累计同比,28.87,20.4,-42514157.67000002,2026-08-24,-0.28,-0.71,False,27.0,8.63,48528377.0,83.1,False,13.6,观察池·仅利润断层,增速加速|正式财报|观察池,公告后无有效跳空,
000625,长安汽车,主板,乘用车,2026-08-29,正式财报,2026年半年报,-50.25,单季同比,-74.09,23.84,466876581.3,2026-09-01,0.14,0.71,False,21.0,0.42,273422131.0,587.8,False,13.6,观察池·仅利润断层,增速加速|单季口径|正式财报|观察池,公告后无有效跳空,
002234,民和股份,主板,养殖业,2026-08-22,正式财报,2026年半年报,55.6,累计同比,4.96,50.64,-27736078.450000003,2026-08-24,-0.38,-1.64,False,27.0,0.13,61714052.0,23.9,False,13.5,观察池·仅利润断层,增速加速|正式财报|观察池,公告后无有效跳空|流通市值 < 30 亿元,
301680,固德电材,创业板,汽车零部件,2026-08-25,正式财报,2026年半年报,50.37,单季同比,1.9,48.47,49599815.87,2026-08-26,-0.56,0.89,False,25.0,-0.66,98859821.0,16.9,False,13.5,观察池·仅利润断层,增速加速|单季口径|正式财报|观察池,公告后无有效跳空|流通市值 < 30 亿元,
300086,康芝药业,创业板,化学制药,2026-08-27,正式财报,2026年半年报,39.41,累计同比,-21.24,60.65,-21016743.669999998,2026-08-28,0.0,-0.59,False,23.0,-21.03,72092876.0,23.7,False,13.5,观察池·仅利润断层,增速加速|正式财报|观察池,公告后无有效跳空|流通市值 < 30 亿元,
601113,华鼎股份,主板,化学纤维,2026-08-26,正式财报,2026年半年报,-32.37,单季同比,-90.78,58.41,39445044.12,2026-08-26,0.0,0.58,False,25.0,0.86,37373918.0,38.6,False,13.5,观察池·仅利润断层,增速加速|单季口径|正式财报|观察池,公告后无有效跳空,
600866,星湖科技,主板,化学制品,2026-08-20,正式财报,2026年半年报,-67.52,单季同比,-109.89,42.37,117608270.6,2026-08-20,-0.23,2.53,False,29.0,-3.46,140616600.0,69.6,False,13.5,观察池·仅利润断层,增速加速|单季口径|正式财报|观察池,公告后无有效跳空,
603348,文灿股份,主板,汽车零部件,2026-08-21,正式财报,2026年半年报,-1571.68,单季同比,-2166.56,594.88,-136126157.06,2026-08-24,0.99,0.42,False,27.0,2.38,25338389.0,45.9,True,13.5,观察池·低基数断层,增速加速|单季口径|正式财报|低基数|观察池,低基数：上年同期单季净利仅 925 万元，增速参考性弱|公告后无有效跳空,
600980,北矿科技,主板,专用设备,2026-08-21,正式财报,2026年半年报,35.04,单季同比,10.55,24.49,45311838.989999995,2026-08-21,1.53,2.14,False,28.0,-5.78,80064674.0,35.5,False,13.4,观察池·仅利润断层,增速加速|单季口径|正式财报|观察池,公告后无有效跳空,
300389,艾比森,创业板,光学光电子,2026-08-25,正式财报,2026年半年报,32.18,单季同比,7.87,24.31,105370050.69,2026-08-26,0.16,1.75,False,25.0,1.98,90248050.0,35.3,False,13.3,观察池·仅利润断层,增速加速|单季口径|正式财报|观察池,公告后无有效跳空,
688510,航亚科技,科创板,航空装备Ⅱ,2026-08-18,正式财报,2026年半年报,2.39,单季同比,-34.68,37.07,31268122.71,2026-08-18,0.42,2.87,False,31.0,-2.77,157718853.0,61.1,False,13.3,观察池·仅利润断层,增速加速|单季口径|正式财报|观察池,公告后无有效跳空,
002707,众信旅游,主板,旅游及景区,2026-08-29,正式财报,2026年半年报,-3.1,单季同比,-47.82,44.72,20823291.73,2026-08-31,0.0,-1.07,False,22.0,-10.02,118885148.0,43.5,False,13.3,观察池·仅利润断层,增速加速|单季口径|正式财报|观察池,公告后无有效跳空,
002615,哈尔斯,主板,家居用品,2026-08-18,正式财报,2026年半年报,-4.51,单季同比,-97.08,92.57,47662373.4,2026-08-19,0.15,-2.99,False,30.0,-7.15,45529549.0,18.8,False,13.3,观察池·仅利润断层,增速加速|单季口径|正式财报|观察池,公告后无有效跳空|流通市值 < 30 亿元,
002374,中锐股份,主板,包装印刷,2026-08-28,正式财报,2026年半年报,-74.69,累计同比,-131.66,56.97,-14901885.849999994,2026-08-31,0.0,-0.96,False,22.0,7.01,35581856.0,36.5,False,13.3,观察池·仅利润断层,增速加速|正式财报|观察池,公告后无有效跳空,
600876,凯盛新能,主板,玻璃玻纤,2026-08-27,正式财报,2026年半年报,-86.75,累计同比,-182.33,95.58,-485192596.7,2026-08-28,0.0,1.84,False,23.0,5.96,22780151.0,29.6,False,13.2,观察池·仅利润断层,增速加速|正式财报|观察池,公告后无有效跳空|流通市值 < 30 亿元,
002457,青龙管业,主板,装修建材,2026-08-22,正式财报,2026年半年报,10.65,单季同比,-18.18,28.83,20846478.35,2026-08-24,1.32,0.85,False,27.0,5.21,161375164.0,37.7,False,13.1,观察池·仅利润断层,增速加速|单季口径|正式财报|观察池,公告后无有效跳空,
301628,强达电路,创业板,元件,2026-08-27,正式财报,2026年半年报,8.51,单季同比,-14.51,23.02,35027456.55,2026-08-27,0.11,3.89,False,24.0,23.65,206156657.0,32.1,False,13.0,观察池·仅利润断层,增速加速|单季口径|正式财报|观察池,公告后无有效跳空,
002183,怡亚通,主板,贸易Ⅱ,2026-08-28,正式财报,2026年半年报,1.12,单季同比,-23.91,25.03,10641055.0,2026-08-28,-0.87,-1.09,False,23.0,-8.33,226334303.0,108.6,False,13.0,观察池·仅利润断层,增速加速|单季口径|正式财报|观察池,公告后无有效跳空,
600658,电子城,主板,房地产开发,2026-08-29,正式财报,2026年半年报,-27.21,累计同比,-74.87,47.66,-73369966.2,2026-08-31,1.97,-0.25,False,22.0,1.45,82910961.0,47.1,False,13.0,观察池·仅利润断层,增速加速|正式财报|观察池,公告后无有效跳空,
002263,大东南,主板,塑料,2026-08-29,正式财报,2026年半年报,68.55,单季同比,-7.26,75.81,5530584.880000001,2026-09-01,0.31,0.93,False,21.0,-0.93,144794393.0,59.9,True,12.9,观察池·低基数断层,增速加速|单季口径|正式财报|低基数|观察池,低基数：上年同期单季净利仅 328 万元，增速参考性弱|公告后无有效跳空,
688711,宏微科技,科创板,半导体,2026-08-29,正式财报,2026年半年报,62.41,单季同比,-16.11,78.52,3076579.49,2026-09-01,0.19,-2.92,False,21.0,-0.82,161596322.0,55.3,True,12.9,观察池·低基数断层,增速加速|单季口径|正式财报|低基数|观察池,低基数：上年同期单季净利仅 189 万元，增速参考性弱|公告后无有效跳空,
603617,君禾股份,主板,通用设备,2026-08-27,正式财报,2026年半年报,42.77,单季同比,-14.39,57.16,15080798.239999998,2026-08-28,0.15,1.18,False,23.0,-0.59,51195502.0,26.1,False,12.9,观察池·仅利润断层,增速加速|单季口径|正式财报|观察池,公告后无有效跳空|流通市值 < 30 亿元,
300922,天秦装备,创业板,地面兵装Ⅱ,2026-08-25,正式财报,2026年半年报,22.73,单季同比,-97.36,120.09,8734105.190000001,2026-08-25,-1.23,19.99,False,26.0,0.12,331482028.0,21.4,True,12.9,观察池·低基数断层,增速加速|单季口径|正式财报|低基数|观察池,低基数：上年同期单季净利仅 712 万元，增速参考性弱|公告后无有效跳空|流通市值 < 30 亿元,
605009,豪悦护理,主板,个护用品,2026-08-22,正式财报,2026年半年报,21.55,单季同比,-7.84,29.39,70342783.25,2026-08-24,1.99,1.41,False,27.0,3.95,85243442.0,54.9,False,12.8,观察池·仅利润断层,增速加速|单季口径|正式财报|观察池,公告后无有效跳空,
603109,神驰机电,主板,通用设备,2026-08-25,正式财报,2026年半年报,-12.85,单季同比,-66.63,53.78,41911133.55,2026-08-26,0.78,-1.29,False,25.0,-3.45,31828888.0,36.3,False,12.8,观察池·仅利润断层,增速加速|单季口径|正式财报|观察池,公告后无有效跳空,
300588,熙菱信息,创业板,计算机设备,2026-08-29,正式财报,2026年半年报,-18.38,累计同比,-43.72,25.34,-14333819.3,2026-09-01,1.35,3.22,False,21.0,-10.47,221435878.0,36.9,False,12.8,观察池·仅利润断层,增速加速|正式财报|观察池,公告后无有效跳空,
600135,乐凯胶片,主板,塑料,2026-08-27,正式财报,2026年半年报,38.79,累计同比,17.04,21.75,-8683463.809999999,2026-08-28,0.13,0.94,False,23.0,0.13,44858324.0,41.2,False,12.7,观察池·仅利润断层,增速加速|正式财报|观察池,公告后无有效跳空,
601003,柳钢股份,主板,普钢,2026-08-29,正式财报,2026年半年报,-51.1,单季同比,-90.95,39.85,52538604.099999994,2026-09-01,-0.52,1.56,False,21.0,-6.28,117575140.0,94.3,False,12.7,观察池·仅利润断层,增速加速|单季口径|正式财报|观察池,公告后无有效跳空,
603332,苏州龙杰,主板,化学纤维,2026-08-18,正式财报,2026年半年报,75.22,单季同比,47.41,27.81,35276505.269999996,2026-08-18,1.51,1.68,False,31.0,4.89,67040321.0,26.0,False,12.6,观察池·仅利润断层,增速加速|单季口径|正式财报|观察池,公告后无有效跳空|流通市值 < 30 亿元,
688560,明冠新材,科创板,光伏设备,2026-08-27,正式财报,2026年半年报,67.14,累计同比,30.55,36.59,-1227516.169999998,2026-08-27,1.55,0.57,False,24.0,2.9,49784458.0,25.7,False,12.6,观察池·仅利润断层,增速加速|正式财报|观察池,公告后无有效跳空|流通市值 < 30 亿元,
688335,复洁科技,科创板,环境治理,2026-08-29,正式财报,2026年半年报,36.28,单季同比,-1379.8,1416.08,10478066.36,2026-08-31,1.56,3.43,False,22.0,-13.35,49273884.0,25.8,True,12.6,观察池·低基数断层,增速加速|单季口径|正式财报|低基数|观察池,低基数：上年同期单季净利仅 769 万元，增速参考性弱|公告后无有效跳空|流通市值 < 30 亿元,
002695,煌上煌,主板,休闲食品,2026-08-21,正式财报,2026年半年报,24.89,单季同比,2.79,22.1,40650731.09,2026-08-24,0.36,0.45,False,27.0,-3.66,110262146.0,55.1,False,12.6,观察池·仅利润断层,增速加速|单季口径|正式财报|观察池,公告后无有效跳空,
688068,热景生物,科创板,医疗器械,2026-08-27,正式财报,2026年半年报,-52.44,累计同比,-81.97,29.53,-58068086.13000001,2026-08-28,0.67,-0.9,False,23.0,-5.1,181940068.0,87.6,False,12.6,观察池·仅利润断层,增速加速|正式财报|观察池,公告后无有效跳空,
002553,南方精工,主板,汽车零部件,2026-08-29,正式财报,2026年半年报,-56.44,单季同比,-99.72,43.28,60093106.59,2026-09-01,0.32,1.09,False,21.0,8.57,90215511.0,43.5,False,12.6,观察池·仅利润断层,增速加速|单季口径|正式财报|观察池,公告后无有效跳空,
000637,茂化实华,主板,炼化及贸易,2026-08-28,正式财报,2026年半年报,60.31,累计同比,19.44,40.87,-4557193.559999999,2026-08-28,0.97,3.14,False,23.0,0.48,51331181.0,15.3,False,12.5,观察池·仅利润断层,增速加速|正式财报|观察池,公告后无有效跳空|流通市值 < 30 亿元,
601599,浙文影业,主板,纺织制造,2026-08-27,正式财报,2026年半年报,-5.95,单季同比,-54.34,48.39,71858427.15,2026-08-28,0.32,1.29,False,23.0,4.17,53550698.0,37.7,False,12.5,观察池·仅利润断层,增速加速|单季口径|正式财报|观察池,公告后无有效跳空,
002139,拓邦股份,主板,消费电子,2026-08-25,正式财报,2026年半年报,-42.25,单季同比,-73.65,31.4,76913296.85000001,2026-08-25,0.96,3.09,False,26.0,0.95,166790510.0,102.5,False,12.5,观察池·仅利润断层,增速加速|单季口径|正式财报|观察池,公告后无有效跳空,
002486,嘉麟杰,主板,服装家纺,2026-08-29,正式财报,2026年半年报,-20.2,单季同比,-84.02,63.82,16134073.39,2026-09-01,0.33,3.33,False,21.0,-11.63,196851454.0,21.8,False,12.4,观察池·仅利润断层,增速加速|单季口径|正式财报|观察池,公告后无有效跳空|流通市值 < 30 亿元,
688551,科威尔,科创板,其他电源设备Ⅱ,2026-08-22,正式财报,2026年半年报,-26.75,单季同比,-64.22,37.47,7774251.2299999995,2026-08-25,-2.21,0.95,False,26.0,-0.89,119682828.0,40.2,False,12.4,观察池·仅利润断层,增速加速|单季口径|正式财报|观察池,公告后无有效跳空,
600231,凌钢股份,主板,普钢,2026-08-25,正式财报,2026年半年报,-39.78,累计同比,-90.37,50.59,-328623892.95,2026-08-26,0.0,1.71,False,25.0,-3.43,34525786.0,47.9,False,12.4,观察池·仅利润断层,增速加速|正式财报|观察池,公告后无有效跳空,
301082,久盛电气,创业板,电网设备,2026-08-27,正式财报,2026年半年报,42.31,单季同比,-2.87,45.18,25294552.18,2026-08-28,0.51,0.92,False,23.0,-3.35,104464595.0,25.9,False,12.3,观察池·仅利润断层,增速加速|单季口径|正式财报|观察池,公告后无有效跳空|流通市值 < 30 亿元,
002701,奥瑞金,主板,包装印刷,2026-08-29,正式财报,2026年半年报,3.09,单季同比,-22.19,25.28,245959979.0,2026-09-01,0.67,0.45,False,21.0,-3.79,182817363.0,110.5,False,12.3,观察池·仅利润断层,增速加速|单季口径|正式财报|观察池,公告后无有效跳空,
300546,雄帝科技,创业板,计算机设备,2026-08-25,正式财报,2026年半年报,-65.3,单季同比,-109.48,44.18,7685999.99,2026-08-26,-0.97,-0.54,False,25.0,-8.82,320858372.0,23.1,False,12.3,观察池·仅利润断层,增速加速|单季口径|正式财报|观察池,公告后无有效跳空|流通市值 < 30 亿元,
603098,森特股份,主板,专业工程,2026-08-26,正式财报,2026年半年报,5.74,单季同比,-36.89,42.63,40143008.25,2026-08-26,1.38,1.78,False,25.0,3.6,48943022.0,57.4,False,12.2,观察池·仅利润断层,增速加速|单季口径|正式财报|观察池,公告后无有效跳空,
000968,蓝焰控股,主板,油气开采Ⅱ,2026-08-26,正式财报,2026年半年报,1.56,单季同比,-20.03,21.59,49924054.23000002,2026-08-27,-0.28,2.4,False,24.0,-3.12,210437304.0,66.1,False,12.2,观察池·仅利润断层,增速加速|单季口径|正式财报|观察池,公告后无有效跳空,
300791,仙乐健康,创业板,食品加工,2026-08-29,正式财报,2026年半年报,11.4,单季同比,-27.29,38.69,103016018.00999999,2026-09-01,-0.17,0.06,False,21.0,3.37,39334040.0,47.4,False,12.1,观察池·仅利润断层,增速加速|单季口径|正式财报|观察池,公告后无有效跳空,
300141,和顺电气,创业板,电网设备,2026-08-28,正式财报,2026年半年报,75.47,累计同比,49.47,26.0,1052578.2600000007,2026-08-28,0.5,0.7,False,23.0,-0.4,49854713.0,25.4,False,12.0,观察池·仅利润断层,增速加速|正式财报|观察池,公告后无有效跳空|流通市值 < 30 亿元,
300250,初灵信息,创业板,IT服务Ⅱ,2026-08-21,正式财报,2026年半年报,24.67,单季同比,-8612.83,8637.5,4262091.13,2026-08-21,0.4,0.47,False,28.0,-3.08,74668742.0,22.8,True,12.0,观察池·低基数断层,增速加速|单季口径|正式财报|低基数|观察池,低基数：上年同期单季净利仅 342 万元，增速参考性弱|公告后无有效跳空|流通市值 < 30 亿元,
002454,松芝股份,主板,汽车零部件,2026-08-22,正式财报,2026年半年报,9.33,单季同比,-23.43,32.76,53116051.93000001,2026-08-24,-0.6,1.41,False,27.0,13.33,82250775.0,49.2,False,11.9,观察池·仅利润断层,增速加速|单季口径|正式财报|观察池,公告后无有效跳空,
300702,天宇股份,创业板,化学制药,2026-08-28,正式财报,2026年半年报,-7.74,单季同比,-51.04,43.3,61717079.03,2026-08-28,0.0,-1.06,False,23.0,5.0,58678011.0,47.9,False,11.9,观察池·仅利润断层,增速加速|单季口径|正式财报|观察池,公告后无有效跳空,
300513,恒实科技,创业板,通信服务,2026-08-29,正式财报,2026年半年报,55.97,累计同比,15.55,40.42,-20102067.46,2026-08-31,0.13,1.75,False,22.0,-0.67,42393511.0,21.2,False,11.8,观察池·仅利润断层,增速加速|正式财报|观察池,公告后无有效跳空|流通市值 < 30 亿元,
603861,白云电器,主板,电网设备,2026-08-25,正式财报,2026年半年报,18.4,单季同比,-7.09,25.49,52229997.58,2026-08-26,0.59,1.34,False,25.0,-9.25,78725056.0,57.6,False,11.8,观察池·仅利润断层,增速加速|单季口径|正式财报|观察池,公告后无有效跳空,
603968,醋化股份,主板,化学制品,2026-08-27,正式财报,2026年半年报,29.25,单季同比,-169.79,199.04,12054658.96,2026-08-28,1.32,2.17,False,23.0,7.28,37516109.0,23.5,True,11.7,观察池·低基数断层,增速加速|单季口径|正式财报|低基数|观察池,低基数：上年同期单季净利仅 933 万元，增速参考性弱|公告后无有效跳空|流通市值 < 30 亿元,
300840,酷特智能,创业板,服装家纺,2026-08-29,正式财报,2026年半年报,47.88,单季同比,-19.38,67.26,14688977.85,2026-09-01,0.74,1.99,False,21.0,-11.18,240386206.0,32.0,True,11.6,观察池·低基数断层,增速加速|单季口径|正式财报|低基数|观察池,低基数：上年同期单季净利仅 993 万元，增速参考性弱|公告后无有效跳空,
001220,世盟股份,主板,物流,2026-08-26,正式财报,2026年半年报,21.29,单季同比,-43.43,64.72,36004960.230000004,2026-08-26,0.6,1.82,False,25.0,-2.4,40501395.0,7.2,False,11.6,观察池·仅利润断层,增速加速|单季口径|正式财报|观察池,公告后无有效跳空|流通市值 < 30 亿元,
002888,惠威科技,主板,消费电子,2026-08-28,正式财报,2026年半年报,19.22,单季同比,-683.38,702.6,10036480.07,2026-08-31,1.14,2.9,False,22.0,-4.62,81737621.0,13.9,True,11.6,观察池·低基数断层,增速加速|单季口径|正式财报|低基数|观察池,低基数：上年同期单季净利仅 842 万元，增速参考性弱|公告后无有效跳空|流通市值 < 30 亿元,
300597,吉大通信,创业板,通信服务,2026-08-29,正式财报,2026年半年报,13.4,累计同比,-59.19,72.59,-8321028.760000001,2026-09-01,0.37,0.62,False,21.0,-1.24,31544536.0,21.7,False,11.6,观察池·仅利润断层,增速加速|正式财报|观察池,公告后无有效跳空|流通市值 < 30 亿元,
002395,双象股份,主板,塑料,2026-08-25,正式财报,2026年半年报,-23.18,单季同比,-55.56,32.38,50952752.17,2026-08-26,0.57,4.42,False,25.0,10.57,116207165.0,36.5,False,11.6,观察池·仅利润断层,增速加速|单季口径|正式财报|观察池,公告后无有效跳空,
002135,东南网架,主板,专业工程,2026-08-29,正式财报,2026年半年报,-31.92,累计同比,-67.48,35.56,13443209.290000001,2026-09-01,0.0,-1.64,False,21.0,-11.62,91308347.0,61.9,False,11.6,观察池·仅利润断层,增速加速|正式财报|观察池,公告后无有效跳空,
600399,抚顺特钢,主板,特钢Ⅱ,2026-08-20,正式财报,2026年半年报,9.08,累计同比,-16.93,26.01,-106078595.66,2026-08-20,0.0,1.19,False,29.0,2.14,107235112.0,84.6,False,11.5,观察池·仅利润断层,增速加速|正式财报|观察池,公告后无有效跳空,
600784,鲁银投资,主板,化学原料,2026-08-22,正式财报,2026年半年报,4.52,单季同比,-29.88,34.4,52151822.53,2026-08-24,0.0,-1.29,False,27.0,-10.03,71720553.0,47.3,False,11.5,观察池·仅利润断层,增速加速|单季口径|正式财报|观察池,公告后无有效跳空,
301602,超研股份,创业板,医疗器械,2026-08-28,正式财报,2026年半年报,-38.26,单季同比,-76.82,38.56,17980527.060000002,2026-08-31,-0.61,1.52,False,22.0,-1.1,69354460.0,33.7,False,11.5,观察池·仅利润断层,增速加速|单季口径|正式财报|观察池,公告后无有效跳空,
301226,祥明智能,创业板,电机Ⅱ,2026-08-28,正式财报,2026年半年报,-44.03,单季同比,-86.43,42.4,6272014.67,2026-08-28,-1.1,-2.23,False,23.0,26.31,41051986.0,39.6,False,11.5,观察池·仅利润断层,增速加速|单季口径|正式财报|观察池,公告后无有效跳空,
300101,振芯科技,创业板,军工电子Ⅱ,2026-08-27,正式财报,2026年半年报,-109.63,单季同比,-147.72,38.09,-5491801.550000001,2026-08-28,-0.14,0.56,False,23.0,-4.64,70677577.0,76.7,False,11.5,观察池·仅利润断层,增速加速|单季口径|正式财报|观察池,公告后无有效跳空,
002652,扬子新材,主板,装修建材,2026-08-26,正式财报,2026年半年报,62.62,累计同比,30.94,31.68,-1216081.4300000002,2026-08-27,0.24,-0.48,False,24.0,6.76,45083065.0,22.6,False,11.4,观察池·仅利润断层,增速加速|正式财报|观察池,公告后无有效跳空|流通市值 < 30 亿元,
603300,海南华铁,主板,多元金融,2026-08-21,正式财报,2026年半年报,-14.32,单季同比,-42.87,28.55,128953755.97,2026-08-24,-0.21,-1.26,False,27.0,-5.25,131374675.0,90.2,False,11.4,观察池·仅利润断层,增速加速|单季口径|正式财报|观察池,公告后无有效跳空,
600358,国旅联合,主板,广告营销,2026-08-29,正式财报,2026年半年报,61.45,累计同比,25.84,35.61,116035.34000000078,2026-08-31,0.39,1.38,False,22.0,11.35,21441813.0,28.7,False,11.3,观察池·仅利润断层,增速加速|正式财报|观察池,公告后无有效跳空|流通市值 < 30 亿元,
300509,新美星,创业板,专用设备,2026-08-25,正式财报,2026年半年报,50.79,单季同比,19.35,31.44,29996782.459999997,2026-08-25,0.23,2.96,False,26.0,-0.34,101459072.0,21.7,False,11.3,观察池·仅利润断层,增速加速|单季口径|正式财报|观察池,公告后无有效跳空|流通市值 < 30 亿元,
300918,南山智尚,创业板,纺织制造,2026-08-27,正式财报,2026年半年报,8.8,单季同比,-17.46,26.26,41174774.86999999,2026-08-27,1.44,3.27,False,24.0,0.57,93983646.0,53.7,False,11.3,观察池·仅利润断层,增速加速|单季口径|正式财报|观察池,公告后无有效跳空,
002626,金达威,主板,食品加工,2026-08-26,正式财报,2026年半年报,-16.82,单季同比,-46.11,29.29,104453098.71,2026-08-26,-0.6,0.48,False,25.0,-3.36,120076317.0,98.4,False,11.3,观察池·仅利润断层,增速加速|单季口径|正式财报|观察池,公告后无有效跳空,
002909,集泰股份,主板,化学制品,2026-08-28,正式财报,2026年半年报,-64.63,累计同比,-138.13,73.5,-1037702.3100000005,2026-08-28,-0.19,1.86,False,23.0,25.19,77349642.0,25.5,False,11.3,观察池·仅利润断层,增速加速|正式财报|观察池,公告后无有效跳空|流通市值 < 30 亿元,
605378,野马电池,主板,电池,2026-08-27,正式财报,2026年半年报,-117.97,单季同比,-161.31,43.34,-3351501.169999999,2026-08-28,0.69,1.04,False,23.0,8.35,25502517.0,41.0,False,11.3,观察池·仅利润断层,增速加速|单季口径|正式财报|观察池,公告后无有效跳空,
603175,超颖电子,主板,元件,2026-08-31,正式财报,2026年半年报,-209.49,单季同比,-233.72,24.23,-95547100.87,2026-09-01,-0.34,-2.25,False,21.0,11.87,151789969.0,47.5,False,11.3,观察池·仅利润断层,增速加速|单季口径|正式财报|观察池,公告后无有效跳空,
301119,正强股份,创业板,汽车零部件,2026-08-28,正式财报,2026年半年报,-9.62,单季同比,-32.74,23.12,23078450.869999997,2026-08-28,0.33,8.17,False,23.0,15.03,154723577.0,32.6,False,11.2,观察池·仅利润断层,增速加速|单季口径|正式财报|观察池,公告后无有效跳空,
603829,洛凯股份,主板,电网设备,2026-08-27,正式财报,2026年半年报,-12.91,单季同比,-88.42,75.51,25443928.27,2026-08-28,0.0,2.41,False,23.0,0.78,56034025.0,28.9,False,11.2,观察池·仅利润断层,增速加速|单季口径|正式财报|观察池,公告后无有效跳空|流通市值 < 30 亿元,
600284,浦东建设,主板,基础建设,2026-08-29,正式财报,2026年半年报,-22.46,单季同比,-59.82,37.36,83671579.97,2026-08-31,0.58,0.0,False,22.0,-1.91,58561578.0,49.9,False,11.2,观察池·仅利润断层,增速加速|单季口径|正式财报|观察池,公告后无有效跳空,
601005,重庆钢铁,主板,普钢,2026-08-31,正式财报,2026年半年报,-36.55,累计同比,-69.62,33.07,20251385.49000001,2026-08-31,0.0,0.0,False,22.0,0.0,91477145.0,100.6,False,11.2,观察池·仅利润断层,增速加速|正式财报|观察池,公告后无有效跳空,
601228,广州港,主板,航运港口,2026-08-25,正式财报,2026年半年报,13.06,单季同比,-12.44,25.5,322766149.61,2026-08-25,0.0,0.98,False,26.0,1.97,68089865.0,234.6,False,11.1,观察池·仅利润断层,增速加速|单季口径|正式财报|观察池,公告后无有效跳空,
002332,仙琚制药,主板,化学制药,2026-08-28,正式财报,2026年半年报,-8.29,单季同比,-34.79,26.5,150666725.41,2026-08-28,1.62,1.16,False,23.0,-1.37,129384005.0,85.2,False,11.1,观察池·仅利润断层,增速加速|单季口径|正式财报|观察池,公告后无有效跳空,
300603,立昂技术,创业板,通信服务,2026-08-27,正式财报,2026年半年报,18.06,累计同比,-34.81,52.87,-18205295.87,2026-08-28,-0.13,0.25,False,23.0,-1.02,108326970.0,29.1,False,11.0,观察池·仅利润断层,增速加速|正式财报|观察池,公告后无有效跳空|流通市值 < 30 亿元,
605086,龙高股份,主板,非金属材料Ⅱ,2026-08-21,正式财报,2026年半年报,3.19,单季同比,-25.99,29.18,31001159.56,2026-08-24,1.77,-1.38,False,27.0,-10.32,87724302.0,41.6,False,11.0,观察池·仅利润断层,增速加速|单季口径|正式财报|观察池,公告后无有效跳空,
002970,锐明技术,主板,计算机设备,2026-08-27,正式财报,2026年半年报,-34.0,单季同比,-56.85,22.85,67549375.59,2026-08-28,0.73,-1.42,False,23.0,-16.27,145496459.0,54.9,False,11.0,观察池·仅利润断层,增速加速|单季口径|正式财报|观察池,公告后无有效跳空,
601188,龙江交通,主板,铁路公路,2026-08-28,正式财报,2026年半年报,9.01,单季同比,-20.8,29.81,52863355.81,2026-08-31,0.0,-0.34,False,22.0,-2.37,49373644.0,37.6,False,10.9,观察池·仅利润断层,增速加速|单季口径|正式财报|观察池,公告后无有效跳空,
603712,七一二,主板,军工电子Ⅱ,2026-08-29,正式财报,2026年半年报,2.98,累计同比,-20.71,23.69,-45631009.04000001,2026-08-31,0.26,2.44,False,22.0,-0.7,123669583.0,88.1,False,10.9,观察池·仅利润断层,增速加速|正式财报|观察池,公告后无有效跳空,
605368,蓝天燃气,主板,燃气Ⅱ,2026-08-31,正式财报,2026年半年报,0.68,单季同比,-35.01,35.69,73089176.2,2026-08-31,0.88,1.76,False,22.0,-2.91,55449048.0,47.7,False,10.9,观察池·仅利润断层,增速加速|单季口径|正式财报|观察池,公告后无有效跳空,
688571,杭华股份,科创板,化学制品,2026-08-27,正式财报,2026年半年报,19.23,单季同比,-1.23,20.46,21674739.889999997,2026-08-27,0.47,2.8,False,24.0,-5.7,58336377.0,34.4,False,10.8,观察池·仅利润断层,增速加速|单季口径|正式财报|观察池,公告后无有效跳空,
603382,海阳科技,主板,化学纤维,2026-08-20,正式财报,2026年半年报,3.64,单季同比,-50.4,54.04,49010383.0,2026-08-21,-1.06,-10.0,False,28.0,-14.53,159601048.0,22.1,False,10.8,观察池·仅利润断层,增速加速|单季口径|正式财报|观察池,公告后无有效跳空|流通市值 < 30 亿元,
000429,粤高速A,主板,铁路公路,2026-08-25,正式财报,2026年半年报,-0.36,单季同比,-31.27,30.91,398243514.37,2026-08-26,0.0,-0.07,False,25.0,-7.36,83406426.0,162.4,False,10.8,观察池·仅利润断层,增速加速|单季口径|正式财报|观察池,公告后无有效跳空,
002962,五方光电,主板,光学光电子,2026-08-11,正式财报,2026年半年报,-34.83,单季同比,-63.54,28.71,10767611.299999999,2026-08-12,-0.08,1.46,False,35.0,24.19,99791113.0,33.8,False,10.8,观察池·仅利润断层,增速加速|单季口径|正式财报|观察池,公告后无有效跳空,
600032,浙江新能,主板,电力,2026-08-28,正式财报,2026年半年报,-38.61,单季同比,-66.16,27.55,127514703.13999999,2026-08-31,0.0,-1.02,False,22.0,12.08,104891605.0,185.2,False,10.8,观察池·仅利润断层,增速加速|单季口径|正式财报|观察池,公告后无有效跳空,
002166,莱茵生物,主板,化学制品,2026-08-29,正式财报,2026年半年报,91.75,单季同比,38.06,53.69,14026635.14,2026-08-31,0.43,-1.59,False,22.0,-2.16,66064394.0,50.2,True,10.7,观察池·低基数断层,增速加速|单季口径|正式财报|低基数|观察池,低基数：上年同期单季净利仅 732 万元，增速参考性弱|公告后无有效跳空,
300447,全信股份,创业板,军工电子Ⅱ,2026-08-27,正式财报,2026年半年报,81.71,单季同比,-16.92,98.63,14529927.379999999,2026-08-27,1.33,3.03,False,24.0,4.16,67885424.0,28.7,True,10.7,观察池·低基数断层,增速加速|单季口径|正式财报|低基数|观察池,低基数：上年同期单季净利仅 800 万元，增速参考性弱|公告后无有效跳空|流通市值 < 30 亿元,
002160,常铝股份,主板,工业金属,2026-08-28,正式财报,2026年半年报,9.39,单季同比,-13.29,22.68,12736339.52,2026-08-28,-0.24,1.46,False,23.0,-5.37,86896194.0,40.0,False,10.7,观察池·仅利润断层,增速加速|单季口径|正式财报|观察池,公告后无有效跳空,
600477,杭萧钢构,主板,专业工程,2026-08-17,正式财报,2026年半年报,-23.7,单季同比,-55.58,31.88,59761085.78,2026-08-18,0.81,-1.22,False,31.0,-2.02,71517141.0,57.3,False,10.7,观察池·仅利润断层,增速加速|单季口径|正式财报|观察池,公告后无有效跳空,
600998,九州通,主板,医药商业,2026-08-25,正式财报,2026年半年报,-1.74,单季同比,-24.41,22.67,467405882.09000003,2026-08-25,-0.41,0.0,False,26.0,3.06,130248171.0,254.6,False,10.6,观察池·仅利润断层,增速加速|单季口径|正式财报|观察池,公告后无有效跳空,
002809,红墙股份,主板,化学制品,2026-08-27,正式财报,2026年半年报,-170.71,单季同比,-541.04,370.33,-3312426.49,2026-08-28,0.0,4.37,False,23.0,-1.49,128758809.0,14.6,True,10.6,观察池·低基数断层,增速加速|单季口径|正式财报|低基数|观察池,低基数：上年同期单季净利仅 468 万元，增速参考性弱|公告后无有效跳空|流通市值 < 30 亿元,
002978,安宁股份,主板,小金属,2026-08-28,正式财报,2026年半年报,-10.86,单季同比,-33.59,22.73,187845286.0,2026-08-28,0.49,2.66,False,23.0,-5.11,124895945.0,92.5,False,10.5,观察池·仅利润断层,增速加速|单季口径|正式财报|观察池,公告后无有效跳空,
301252,同星科技,创业板,家电零部件Ⅱ,2026-08-21,正式财报,2026年半年报,-11.25,单季同比,-38.55,27.3,29180800.93,2026-08-21,0.0,3.37,False,28.0,8.96,94335107.0,48.7,False,10.5,观察池·仅利润断层,增速加速|单季口径|正式财报|观察池,公告后无有效跳空,
600850,电科数字,主板,IT服务Ⅱ,2026-08-26,正式财报,2026年半年报,-24.71,单季同比,-49.95,25.24,43059448.22,2026-08-27,0.41,0.83,False,24.0,-6.64,106002316.0,111.3,False,10.5,观察池·仅利润断层,增速加速|单季口径|正式财报|观察池,公告后无有效跳空,
600117,西宁特钢,主板,特钢Ⅱ,2026-08-27,正式财报,2026年半年报,-32.61,累计同比,-68.99,36.38,-58601606.66,2026-08-28,0.0,0.43,False,23.0,-7.66,31741293.0,70.6,False,10.5,观察池·仅利润断层,增速加速|正式财报|观察池,公告后无有效跳空,
000529,广弘控股,主板,食品加工,2026-08-27,正式财报,2026年半年报,-41.73,单季同比,-115.78,74.05,34733220.16,2026-08-27,0.4,-1.19,False,24.0,-0.59,31172795.0,28.7,False,10.5,观察池·仅利润断层,增速加速|单季口径|正式财报|观察池,公告后无有效跳空|流通市值 < 30 亿元,
002206,海利得,主板,化学纤维,2026-08-29,正式财报,2026年半年报,10.14,单季同比,-11.85,21.99,172321681.83,2026-08-31,0.0,0.0,False,22.0,-9.48,70264810.0,51.5,False,10.4,观察池·仅利润断层,增速加速|单季口径|正式财报|观察池,公告后无有效跳空,
603050,科林电气,主板,电网设备,2026-08-22,正式财报,2026年半年报,-16.92,单季同比,-41.7,24.78,73192788.86,2026-08-24,-0.76,-5.13,False,27.0,-11.09,102877317.0,65.9,False,10.4,观察池·仅利润断层,增速加速|单季口径|正式财报|观察池,公告后无有效跳空,
605500,森林包装,主板,造纸,2026-08-25,正式财报,2026年半年报,-73.68,累计同比,-108.68,35.0,11135466.74,2026-08-25,-0.72,3.32,False,26.0,7.57,38467188.0,30.6,False,10.4,观察池·仅利润断层,增速加速|正式财报|观察池,公告后无有效跳空,
603082,北自科技,主板,自动化设备,2026-08-25,正式财报,2026年半年报,-8.66,单季同比,-54.97,46.31,30996032.39,2026-08-26,0.0,-3.73,False,25.0,-4.95,204217488.0,16.7,False,10.3,观察池·仅利润断层,增速加速|单季口径|正式财报|观察池,公告后无有效跳空|流通市值 < 30 亿元,
600507,方大特钢,主板,特钢Ⅱ,2026-08-27,正式财报,2026年半年报,-35.09,单季同比,-56.89,21.8,100460628.14999999,2026-08-28,-0.23,0.47,False,23.0,-4.23,122018822.0,94.4,False,10.3,观察池·仅利润断层,增速加速|单季口径|正式财报|观察池,公告后无有效跳空,
000813,德展健康,主板,化学制药,2026-08-29,正式财报,2026年半年报,-35.58,累计同比,-55.66,20.08,-23775626.71,2026-08-31,0.0,-4.9,False,22.0,-6.92,133486173.0,67.7,False,10.3,观察池·仅利润断层,增速加速|正式财报|观察池,公告后无有效跳空,
600643,爱建集团,主板,多元金融,2026-08-27,正式财报,2026年半年报,-60.5,单季同比,-91.49,30.99,18778639.91,2026-08-28,0.0,-0.72,False,23.0,-0.97,58011444.0,65.2,False,10.3,观察池·仅利润断层,增速加速|单季口径|正式财报|观察池,公告后无有效跳空,
000586,汇源通信,主板,通信设备,2026-08-25,正式财报,2026年半年报,-150.53,单季同比,-315.64,165.11,-3032928.0199999996,2026-08-26,-0.54,1.24,False,25.0,-2.8,113173985.0,23.9,True,10.3,观察池·低基数断层,增速加速|单季口径|正式财报|低基数|观察池,低基数：上年同期单季净利仅 600 万元，增速参考性弱|公告后无有效跳空|流通市值 < 30 亿元,
301380,挖金客,创业板,通信服务,2026-08-26,正式财报,2026年半年报,14.97,单季同比,-33.7,48.67,15864472.709999999,2026-08-26,1.69,0.85,False,25.0,7.97,112498632.0,27.8,False,10.2,观察池·仅利润断层,增速加速|单季口径|正式财报|观察池,公告后无有效跳空|流通市值 < 30 亿元,
002075,沙钢股份,主板,特钢Ⅱ,2026-08-22,正式财报,2026年半年报,-1.38,单季同比,-25.19,23.81,85709076.31,2026-08-25,-0.28,2.51,False,26.0,-1.68,103279237.0,77.2,False,10.2,观察池·仅利润断层,增速加速|单季口径|正式财报|观察池,公告后无有效跳空,
300161,华中数控,创业板,通用设备,2026-08-29,正式财报,2026年半年报,-12.06,累计同比,-35.86,23.8,-12201957.960000008,2026-09-01,-0.74,1.19,False,21.0,-2.66,100651308.0,50.8,False,10.2,观察池·仅利润断层,增速加速|正式财报|观察池,公告后无有效跳空,
000537,绿发电力,主板,电力,2026-08-28,正式财报,2026年半年报,-43.82,单季同比,-65.01,21.19,204602119.86,2026-08-31,-0.53,-1.58,False,22.0,-2.12,116742903.0,151.7,False,10.2,观察池·仅利润断层,增速加速|单季口径|正式财报|观察池,公告后无有效跳空,
605050,福然德,主板,物流,2026-08-28,正式财报,2026年半年报,17.79,单季同比,-4.71,22.5,73642643.52999999,2026-08-28,1.18,1.57,False,23.0,-2.52,16347927.0,49.5,False,10.1,观察池·仅利润断层,增速加速|单季口径|正式财报|观察池,公告后无有效跳空,
301185,鸥玛软件,创业板,IT服务Ⅱ,2026-08-28,正式财报,2026年半年报,3.28,单季同比,-60.76,64.04,27288829.74,2026-08-28,1.34,2.61,False,23.0,2.82,60040138.0,24.1,False,10.1,观察池·仅利润断层,增速加速|单季口径|正式财报|观察池,公告后无有效跳空|流通市值 < 30 亿元,
301000,肇民科技,创业板,汽车零部件,2026-08-25,正式财报,2026年半年报,-1.1,单季同比,-26.57,25.47,34019349.95,2026-08-25,0.84,3.24,False,26.0,-1.84,86316839.0,54.0,False,10.1,观察池·仅利润断层,增速加速|单季口径|正式财报|观察池,公告后无有效跳空,
002782,可立克,主板,其他电子Ⅱ,2026-08-24,正式财报,2026年半年报,-42.59,单季同比,-63.63,21.04,46333105.25,2026-08-24,-0.78,-2.28,False,27.0,-8.08,113574829.0,68.5,False,10.1,观察池·仅利润断层,增速加速|单季口径|正式财报|观察池,公告后无有效跳空,
300162,雷曼光电,创业板,光学光电子,2026-08-27,正式财报,2026年半年报,-607.75,单季同比,-716.92,109.17,-13254865.22,2026-08-28,0.78,-1.42,False,23.0,17.05,125765024.0,31.2,True,10.1,观察池·低基数断层,增速加速|单季口径|正式财报|低基数|观察池,低基数：上年同期单季净利仅 261 万元，增速参考性弱|公告后无有效跳空,
301388,欣灵电气,创业板,电网设备,2026-08-29,正式财报,2026年半年报,105.1,单季同比,32.99,72.11,9608024.45,2026-08-31,0.04,5.56,False,22.0,2.49,95280792.0,18.2,True,10.0,观察池·低基数断层,增速加速|单季口径|正式财报|低基数|观察池,低基数：上年同期单季净利仅 468 万元，增速参考性弱|公告后无有效跳空|流通市值 < 30 亿元,
688015,交控科技,科创板,轨交设备Ⅱ,2026-08-29,正式财报,2026年半年报,13.57,单季同比,-7.77,21.34,37746356.01,2026-08-31,1.94,3.18,False,22.0,4.35,40909670.0,32.2,False,10.0,观察池·仅利润断层,增速加速|单季口径|正式财报|观察池,公告后无有效跳空,
688819,天能股份,科创板,电池,2026-08-27,正式财报,2026年半年报,-54.0,单季同比,-82.14,28.14,206201521.75,2026-08-27,0.18,-0.85,False,24.0,-6.9,61904795.0,202.0,False,10.0,观察池·仅利润断层,增速加速|单季口径|正式财报|观察池,公告后无有效跳空,
688085,三友医疗,科创板,医疗器械,2026-08-25,正式财报,2026年半年报,-12.96,单季同比,-44.97,32.01,20695901.55,2026-08-25,0.46,2.3,False,26.0,1.14,29121412.0,46.5,False,9.9,观察池·仅利润断层,增速加速|单季口径|正式财报|观察池,公告后无有效跳空,
300421,力星股份,创业板,通用设备,2026-08-27,正式财报,2026年半年报,-30.69,单季同比,-58.82,28.13,14158993.889999999,2026-08-28,0.18,-1.32,False,23.0,0.3,59226678.0,39.2,False,9.9,观察池·仅利润断层,增速加速|单季口径|正式财报|观察池,公告后无有效跳空,
300541,先进数通,创业板,IT服务Ⅱ,2026-08-14,正式财报,2026年半年报,-113.34,单季同比,-135.39,22.05,-4406820.99,2026-08-17,0.0,0.49,False,32.0,-8.31,97899190.0,36.0,False,9.9,观察池·仅利润断层,增速加速|单季口径|正式财报|观察池,公告后无有效跳空,
300605,恒锋信息,创业板,软件开发,2026-08-28,正式财报,2026年半年报,-1008.26,单季同比,-5859.02,4850.76,-24455594.04,2026-08-31,0.2,3.63,False,22.0,2.94,93977402.0,13.3,True,9.9,观察池·低基数断层,增速加速|单季口径|正式财报|低基数|观察池,低基数：上年同期单季净利仅 269 万元，增速参考性弱|公告后无有效跳空|流通市值 < 30 亿元,
600223,福瑞达,主板,化妆品,2026-08-26,正式财报,2026年半年报,-12.87,单季同比,-37.1,24.23,49884614.8,2026-08-27,0.17,-2.23,False,24.0,-1.88,78177376.0,58.4,False,9.8,观察池·仅利润断层,增速加速|单季口径|正式财报|观察池,公告后无有效跳空,
300849,锦盛新材,创业板,化妆品,2026-08-29,正式财报,2026年半年报,-37.39,累计同比,-62.46,25.07,-5852761.42,2026-09-01,0.04,-2.39,False,21.0,-7.47,73099583.0,30.3,False,9.8,观察池·仅利润断层,增速加速|正式财报|观察池,公告后无有效跳空,
300989,蕾奥规划,创业板,工程咨询服务Ⅱ,2026-08-29,正式财报,2026年半年报,-520.26,单季同比,-877.69,357.43,-19279236.749999996,2026-09-01,0.0,0.48,False,21.0,0.14,92075070.0,23.9,True,9.8,观察池·低基数断层,增速加速|单季口径|正式财报|低基数|观察池,低基数：上年同期单季净利仅 459 万元，增速参考性弱|公告后无有效跳空|流通市值 < 30 亿元,
300519,新光药业,创业板,中药Ⅱ,2026-08-25,正式财报,2026年半年报,81.16,单季同比,7.44,73.72,13344097.120000001,2026-08-25,1.21,8.38,False,26.0,4.0,185301460.0,16.9,True,9.7,观察池·低基数断层,增速加速|单季口径|正式财报|低基数|观察池,低基数：上年同期单季净利仅 737 万元，增速参考性弱|公告后无有效跳空|流通市值 < 30 亿元,
301065,本立科技,创业板,化学制药,2026-08-25,正式财报,2026年半年报,16.19,单季同比,-30.54,46.73,34178726.58,2026-08-25,1.15,4.63,False,26.0,3.24,93064106.0,17.3,False,9.7,观察池·仅利润断层,增速加速|单季口径|正式财报|观察池,公告后无有效跳空|流通市值 < 30 亿元,
605116,奥锐特,主板,化学制药,2026-08-29,正式财报,2026年半年报,-17.89,单季同比,-46.47,28.58,94816556.23999998,2026-09-01,0.15,1.01,False,21.0,0.8,45698360.0,81.5,False,9.7,观察池·仅利润断层,增速加速|单季口径|正式财报|观察池,公告后无有效跳空,
301660,粤芯半导体,创业板,半导体,2026-09-15,正式财报,2026年半年报,12.41,累计同比,-12.57,24.98,-460728903.92999995,,,,,,,,,False,9.6,观察池·仅利润断层,增速加速|正式财报|观察池,行情数据缺失,
002096,易普力,主板,化学制品,2026-08-29,正式财报,2026年半年报,-9.65,单季同比,-34.94,25.29,220008006.22000003,2026-09-01,0.0,0.31,False,21.0,-6.37,63490640.0,112.9,False,9.6,观察池·仅利润断层,增速加速|单季口径|正式财报|观察池,公告后无有效跳空,
600777,新潮能源,主板,油气开采Ⅱ,2026-08-27,正式财报,2026年半年报,-49.15,单季同比,-75.82,26.67,186845984.62,2026-08-28,0.49,-0.24,False,23.0,-3.15,53385656.0,254.6,False,9.6,观察池·仅利润断层,增速加速|单季口径|正式财报|观察池,公告后无有效跳空,
600668,尖峰集团,主板,水泥,2026-08-31,正式财报,2026年半年报,-73.51,单季同比,-103.15,29.64,9370528.95,2026-08-31,0.26,-0.92,False,22.0,-1.84,32114236.0,30.8,False,9.6,观察池·仅利润断层,增速加速|单季口径|正式财报|观察池,公告后无有效跳空,
301231,荣信文化,创业板,出版,2026-08-27,正式财报,2026年半年报,-330.49,单季同比,-4670.88,4340.39,-4395989.84,2026-08-28,0.76,-1.29,False,23.0,9.85,82493960.0,19.1,True,9.6,观察池·低基数断层,增速加速|单季口径|正式财报|低基数|观察池,低基数：上年同期单季净利仅 191 万元，增速参考性弱|公告后无有效跳空|流通市值 < 30 亿元,
002282,博深股份,主板,通用设备,2026-08-25,正式财报,2026年半年报,12.51,单季同比,-38.41,50.92,43815426.64,2026-08-25,0.51,4.94,False,26.0,2.71,70928357.0,29.3,False,9.5,观察池·仅利润断层,增速加速|单季口径|正式财报|观察池,公告后无有效跳空|流通市值 < 30 亿元,
603138,海量数据,主板,IT服务Ⅱ,2026-08-27,正式财报,2026年半年报,-112.13,累计同比,-136.15,24.02,-53070396.779999994,2026-08-28,0.87,0.31,False,23.0,7.8,65679520.0,39.8,False,9.5,观察池·仅利润断层,增速加速|正式财报|观察池,公告后无有效跳空,
603215,比依股份,主板,小家电,2026-08-27,正式财报,2026年半年报,-141.5,单季同比,-209.99,68.49,-16061023.31,2026-08-27,-0.21,-1.99,False,24.0,7.35,18588239.0,29.3,False,9.5,观察池·仅利润断层,增速加速|单季口径|正式财报|观察池,公告后无有效跳空|流通市值 < 30 亿元,
301395,仁信新材,创业板,塑料,2026-08-27,正式财报,2026年半年报,-339.2,单季同比,-564.99,225.79,-6172719.930000007,2026-08-27,0.0,2.48,False,24.0,-1.62,74179258.0,14.9,True,9.5,观察池·低基数断层,增速加速|单季口径|正式财报|低基数|观察池,低基数：上年同期单季净利仅 258 万元，增速参考性弱|公告后无有效跳空|流通市值 < 30 亿元,
300876,蒙泰高新,创业板,化学纤维,2026-08-21,正式财报,2026年半年报,50.6,累计同比,22.89,27.71,-8153766.42,2026-08-24,1.53,-0.96,False,27.0,1.13,30699974.0,18.2,False,9.4,观察池·仅利润断层,增速加速|正式财报|观察池,公告后无有效跳空|流通市值 < 30 亿元,
002577,雷柏科技,主板,计算机设备,2026-08-04,正式财报,2026年半年报,38.15,单季同比,-39.8,77.95,10110937.56,2026-08-04,0.45,3.53,False,41.0,15.34,110275080.0,58.0,True,9.4,观察池·低基数断层,增速加速|单季口径|正式财报|低基数|观察池,低基数：上年同期单季净利仅 732 万元，增速参考性弱|公告后无有效跳空,
300247,融捷健康,创业板,其他家电Ⅱ,2026-08-26,正式财报,2026年半年报,23.81,单季同比,-23.4,47.21,20478379.36,2026-08-27,0.0,-0.26,False,24.0,-3.16,38441593.0,29.6,False,9.4,观察池·仅利润断层,增速加速|单季口径|正式财报|观察池,公告后无有效跳空|流通市值 < 30 亿元,
603285,键邦股份,主板,化学制品,2026-08-26,正式财报,2026年半年报,14.86,单季同比,-13.25,28.11,37939535.03,2026-08-27,-0.44,-0.15,False,24.0,8.22,209667334.0,23.0,False,9.4,观察池·仅利润断层,增速加速|单季口径|正式财报|观察池,公告后无有效跳空|流通市值 < 30 亿元,
003008,开普检测,主板,专业服务,2026-08-20,正式财报,2026年半年报,4.88,单季同比,-57.06,61.94,25748374.509999998,2026-08-21,0.56,-0.21,False,28.0,1.22,25874238.0,15.9,False,9.3,观察池·仅利润断层,增速加速|单季口径|正式财报|观察池,公告后无有效跳空|流通市值 < 30 亿元,
605080,浙江自然,主板,文娱用品,2026-08-25,正式财报,2026年半年报,-3.38,单季同比,-25.3,21.92,47898102.53,2026-08-26,-0.05,1.72,False,25.0,2.76,68994809.0,31.9,False,9.3,观察池·仅利润断层,增速加速|单季口径|正式财报|观察池,公告后无有效跳空,
600512,腾达建设,主板,基础建设,2026-08-29,正式财报,2026年半年报,-7.83,单季同比,-32.29,24.46,45506863.32,2026-08-31,0.0,-1.43,False,22.0,-0.48,49148394.0,33.2,False,9.2,观察池·仅利润断层,增速加速|单季口径|正式财报|观察池,公告后无有效跳空,
600470,六国化工,主板,农化制品,2026-08-26,正式财报,2026年半年报,-14.38,累计同比,-35.45,21.07,-80307741.10000001,2026-08-27,-2.97,0.66,False,24.0,-7.31,317904972.0,28.4,False,9.2,观察池·仅利润断层,增速加速|正式财报|观察池,公告后无有效跳空|流通市值 < 30 亿元,
603326,我乐家居,主板,家居用品,2026-08-31,正式财报,2026年半年报,-21.37,单季同比,-77.56,56.19,41015704.5,2026-08-31,-0.14,3.18,False,22.0,6.22,85881987.0,24.5,False,9.2,观察池·仅利润断层,增速加速|单季口径|正式财报|观察池,公告后无有效跳空|流通市值 < 30 亿元,
603665,康隆达,主板,服装家纺,2026-08-25,正式财报,2026年半年报,-61.77,累计同比,-85.99,24.22,26865806.169999994,2026-08-26,0.0,-2.51,False,25.0,12.8,49887643.0,37.4,False,9.2,观察池·仅利润断层,增速加速|正式财报|观察池,公告后无有效跳空,
603917,合力科技,主板,汽车零部件,2026-08-27,正式财报,2026年半年报,-66.27,单季同比,-305.41,239.14,2422679.3800000004,2026-08-28,0.0,3.08,False,23.0,9.23,58470053.0,28.2,True,9.2,观察池·低基数断层,增速加速|单季口径|正式财报|低基数|观察池,低基数：上年同期单季净利仅 718 万元，增速参考性弱|公告后无有效跳空|流通市值 < 30 亿元,
301697,贝特利,创业板,光伏设备,2026-08-25,业绩预告,2026年三季报,40.95,累计同比,105.44,-64.49,,2026-09-02,-13.31,-10.64,False,20.0,-15.62,790092096.0,11.6,False,9.1,观察池·仅利润断层,预增|观察池,缺上期数据或加速度未达标（口径差异）|非经常损益嫌疑：公允价值|公告后无有效跳空|流通市值 < 30 亿元,"白银、铂金系公司主要的原材料,其价格水平对公司营业收入的影响较大,目前白银、铂金价格较高且价格波动较大,未来价格走势难以预测,因此公司本次业绩预计时,对于以白银、铂金作为主要原材料的银粉、HJT浆料、导电浆料、铂金催化剂产品的单价参考2026年7月份的平均售价进行预测。此外,白银价格的大幅波动对公司无订单备货的白银库存产生较大影响,2025年下半年公司通过白银租赁方式获取部分白银无订单备货库存,这部分白银租赁库存会由于白银价格波动产生公允价值变动收益,本次业绩预计的公允价值变动收益根据截至2026年6月30日白银市场价格进行测算,未考虑后续白银价格波动的影响。"
002777,久远银海,主板,IT服务Ⅱ,2026-08-25,正式财报,2026年半年报,0.29,单季同比,-21.26,21.55,15089578.440000001,2026-08-26,-0.39,0.16,False,25.0,-0.55,57759973.0,51.2,False,9.1,观察池·仅利润断层,增速加速|单季口径|正式财报|观察池,公告后无有效跳空,
600892,大晟文化,主板,游戏Ⅱ,2026-08-27,正式财报,2026年半年报,-15.19,累计同比,-68.18,52.99,-21794451.19,2026-08-28,-0.25,0.75,False,23.0,3.02,101940525.0,22.9,False,9.1,观察池·仅利润断层,增速加速|正式财报|观察池,公告后无有效跳空|流通市值 < 30 亿元,
300904,威力传动,创业板,风电设备,2026-08-22,正式财报,2026年半年报,-19.45,累计同比,-43.32,23.87,-26824160.160000004,2026-08-25,0.54,3.93,False,26.0,30.66,47703734.0,36.8,False,9.1,观察池·仅利润断层,增速加速|正式财报|观察池,公告后无有效跳空,
688075,安旭生物,科创板,医疗器械,2026-08-28,正式财报,2026年半年报,-101.11,单季同比,-130.44,29.33,-281325.8200000003,2026-08-31,0.07,-1.46,False,22.0,4.81,11627630.0,39.3,False,9.1,观察池·仅利润断层,增速加速|单季口径|正式财报|观察池,公告后无有效跳空,
301668,昊创瑞通,创业板,电网设备,2026-08-28,正式财报,2026年半年报,-17.45,单季同比,-75.83,58.38,23444675.85,2026-08-28,-0.56,2.74,False,23.0,-12.2,60740140.0,14.3,False,9.0,观察池·仅利润断层,增速加速|单季口径|正式财报|观察池,公告后无有效跳空|流通市值 < 30 亿元,
000695,滨海能源,主板,电池,2026-08-08,正式财报,2026年半年报,27.82,累计同比,-6.49,34.31,-17035859.39,2026-08-11,0.24,0.71,False,36.0,0.08,76137045.0,28.3,False,8.9,观察池·仅利润断层,增速加速|正式财报|观察池,公告后无有效跳空|流通市值 < 30 亿元,
301166,优宁维,创业板,生物制品,2026-08-29,正式财报,2026年半年报,11.84,累计同比,-36.84,48.68,-3299531.6100000013,2026-08-31,0.37,-0.85,False,22.0,19.3,60893411.0,19.9,False,8.9,观察池·仅利润断层,增速加速|正式财报|观察池,公告后无有效跳空|流通市值 < 30 亿元,
002253,川大智胜,主板,软件开发,2026-08-29,正式财报,2026年半年报,10.22,累计同比,-41.07,51.29,-11565103.110000003,2026-09-01,0.0,1.5,False,21.0,-12.09,50233256.0,18.5,False,8.9,观察池·仅利润断层,增速加速|正式财报|观察池,公告后无有效跳空|流通市值 < 30 亿元,
600192,长城电工,主板,电网设备,2026-08-29,正式财报,2026年半年报,-21.33,累计同比,-42.06,20.73,-79366909.03,2026-09-01,-0.14,1.7,False,21.0,1.99,58621125.0,31.8,False,8.9,观察池·仅利润断层,增速加速|正式财报|观察池,公告后无有效跳空,
002247,聚力文化,主板,装修建材,2026-08-21,正式财报,2026年半年报,-24.0,单季同比,-81.06,57.06,14535362.55,2026-08-24,0.42,0.0,False,27.0,4.2,66979193.0,16.0,False,8.9,观察池·仅利润断层,增速加速|单季口径|正式财报|观察池,公告后无有效跳空|流通市值 < 30 亿元,
301121,紫建电子,创业板,电池,2026-08-28,正式财报,2026年半年报,-27.37,单季同比,-279.13,251.76,6566160.6,2026-08-28,-0.39,-1.82,False,23.0,-0.87,43798064.0,27.1,True,8.9,观察池·低基数断层,增速加速|单季口径|正式财报|低基数|观察池,低基数：上年同期单季净利仅 904 万元，增速参考性弱|公告后无有效跳空|流通市值 < 30 亿元,
300507,苏奥传感,创业板,汽车零部件,2026-08-08,正式财报,2026年半年报,-31.94,单季同比,-53.97,22.03,19699517.93,2026-08-10,1.82,1.37,False,37.0,-6.87,49244392.0,48.6,False,8.9,观察池·仅利润断层,增速加速|单季口径|正式财报|观察池,公告后无有效跳空,
600861,北京人力,主板,专业服务,2026-08-29,正式财报,2026年半年报,-33.66,单季同比,-55.54,21.88,147530082.56,2026-09-01,0.0,1.42,False,21.0,1.18,47385811.0,72.6,False,8.9,观察池·仅利润断层,增速加速|单季口径|正式财报|观察池,公告后无有效跳空,
300729,乐歌股份,创业板,家居用品,2026-08-29,正式财报,2026年半年报,-73.36,单季同比,-98.44,25.08,20575371.84,2026-09-01,0.28,0.56,False,21.0,3.65,28129861.0,36.3,False,8.9,观察池·仅利润断层,增速加速|单季口径|正式财报|观察池,公告后无有效跳空,
301383,天键股份,创业板,消费电子,2026-08-25,正式财报,2026年半年报,-735.07,单季同比,-1089.91,354.84,-11265790.909999996,2026-08-26,0.86,2.01,False,25.0,-1.74,44206803.0,16.3,True,8.9,观察池·低基数断层,增速加速|单季口径|正式财报|低基数|观察池,低基数：上年同期单季净利仅 177 万元，增速参考性弱|公告后无有效跳空|流通市值 < 30 亿元,
603201,常润股份,主板,汽车零部件,2026-08-29,正式财报,2026年半年报,4.35,单季同比,-36.66,41.01,57630993.82000001,2026-08-31,1.75,10.01,False,22.0,0.79,144551961.0,28.7,False,8.8,观察池·仅利润断层,增速加速|单季口径|正式财报|观察池,公告后无有效跳空|流通市值 < 30 亿元,
601022,宁波远洋,主板,航运港口,2026-08-27,正式财报,2026年半年报,0.23,单季同比,-20.27,20.5,203026908.34,2026-08-28,0.48,0.96,False,23.0,-1.2,53247466.0,108.0,False,8.8,观察池·仅利润断层,增速加速|单季口径|正式财报|观察池,公告后无有效跳空,
688693,锴威特,科创板,半导体,2026-08-27,正式财报,2026年半年报,-1.89,累计同比,-40.37,38.48,-15836265.189999998,2026-08-27,0.04,4.52,False,24.0,-4.8,181892026.0,27.3,False,8.8,观察池·仅利润断层,增速加速|正式财报|观察池,公告后无有效跳空|流通市值 < 30 亿元,
603089,正裕工业,主板,汽车零部件,2026-08-29,正式财报,2026年半年报,-116.86,单季同比,-159.2,42.34,-14885381.799999997,2026-08-31,-1.0,4.5,False,22.0,-4.54,157336778.0,26.1,False,8.8,观察池·仅利润断层,增速加速|单季口径|正式财报|观察池,公告后无有效跳空|流通市值 < 30 亿元,
600108,亚盛集团,主板,种植业,2026-08-28,正式财报,2026年半年报,15.88,单季同比,-14.67,30.55,3879753.9299999997,2026-08-31,1.05,-2.89,False,22.0,3.12,882974409.0,77.3,True,8.7,观察池·低基数断层,增速加速|单季口径|正式财报|低基数|观察池,低基数：上年同期单季净利仅 335 万元，增速参考性弱|公告后无有效跳空,
001209,洪兴股份,主板,服装家纺,2026-08-27,正式财报,2026年半年报,37.5,累计同比,8.89,28.61,-6691724.98,2026-08-28,0.86,3.88,False,23.0,6.67,53834051.0,18.1,False,8.6,观察池·仅利润断层,增速加速|正式财报|观察池,公告后无有效跳空|流通市值 < 30 亿元,
603117,万林物流,主板,物流,2026-08-29,正式财报,2026年半年报,-45.16,单季同比,-388.88,343.72,4283989.819999999,2026-09-01,0.49,1.23,False,21.0,-2.93,30388617.0,23.8,True,8.6,观察池·低基数断层,增速加速|单季口径|正式财报|低基数|观察池,低基数：上年同期单季净利仅 781 万元，增速参考性弱|公告后无有效跳空|流通市值 < 30 亿元,
002775,文科股份,主板,基础建设,2026-08-27,正式财报,2026年半年报,-241.23,单季同比,-488.26,247.03,-11153027.34,2026-08-28,0.28,1.66,False,23.0,-5.23,31969348.0,20.4,True,8.6,观察池·低基数断层,增速加速|单季口径|正式财报|低基数|观察池,低基数：上年同期单季净利仅 790 万元，增速参考性弱|公告后无有效跳空|流通市值 < 30 亿元,
300844,山水比德,创业板,工程咨询服务Ⅱ,2026-08-25,正式财报,2026年半年报,-83.64,单季同比,-629.6,545.96,1189684.990000002,2026-08-26,1.55,0.38,False,25.0,0.99,25033342.0,22.1,True,8.5,观察池·低基数断层,增速加速|单季口径|正式财报|低基数|观察池,低基数：上年同期单季净利仅 727 万元，增速参考性弱|公告后无有效跳空|流通市值 < 30 亿元,
001308,康冠科技,主板,光学光电子,2026-08-25,正式财报,2026年半年报,-5.98,单季同比,-27.64,21.66,159368493.41000003,2026-08-26,0.0,0.28,False,25.0,0.33,27041998.0,95.1,False,8.4,观察池·仅利润断层,增速加速|单季口径|正式财报|观察池,公告后无有效跳空,
603208,江山欧派,主板,家居用品,2026-08-17,正式财报,2026年半年报,-947.37,单季同比,-1150.66,203.29,-56152525.52,2026-08-18,0.61,-1.83,False,31.0,-0.26,15163556.0,20.2,True,8.3,观察池·低基数断层,增速加速|单季口径|正式财报|低基数|观察池,低基数：上年同期单季净利仅 663 万元，增速参考性弱|公告后无有效跳空|流通市值 < 30 亿元,
300449,汉邦高科,创业板,计算机设备,2026-08-27,正式财报,2026年半年报,38.53,累计同比,12.02,26.51,-10121540.510000002,2026-08-28,0.41,-0.69,False,23.0,-6.04,40244408.0,26.4,False,8.2,观察池·仅利润断层,增速加速|正式财报|观察池,公告后无有效跳空|流通市值 < 30 亿元,
688004,博汇科技,科创板,IT服务Ⅱ,2026-08-24,正式财报,2026年半年报,-22.7,累计同比,-78.51,55.81,-12868961.39,2026-08-25,0.71,1.65,False,26.0,40.28,32701574.0,24.0,False,8.1,观察池·仅利润断层,增速加速|正式财报|观察池,公告后无有效跳空|流通市值 < 30 亿元,
003007,直真科技,主板,软件开发,2026-08-25,正式财报,2026年半年报,40.65,累计同比,19.76,20.89,-1953993.539999999,2026-08-26,-0.18,-1.61,False,25.0,0.77,57147264.0,28.6,False,8.0,观察池·仅利润断层,增速加速|正式财报|观察池,公告后无有效跳空|流通市值 < 30 亿元,
001356,富岭股份,主板,家居用品,2026-08-29,正式财报,2026年半年报,-11.95,单季同比,-57.81,45.86,27735322.410000004,2026-09-01,0.42,0.85,False,21.0,-3.05,78819749.0,19.5,False,7.7,观察池·仅利润断层,增速加速|单季口径|正式财报|观察池,公告后无有效跳空|流通市值 < 30 亿元,
300272,开能健康,创业板,小家电,2026-08-28,正式财报,2026年半年报,-23.9,单季同比,-74.35,50.45,35061973.52,2026-08-28,0.67,0.34,False,23.0,1.51,41617029.0,28.1,False,7.6,观察池·仅利润断层,增速加速|单季口径|正式财报|观察池,公告后无有效跳空|流通市值 < 30 亿元,
002981,朝阳科技,主板,消费电子,2026-08-03,正式财报,2026年半年报,-66.31,单季同比,-114.77,48.46,10535668.370000001,2026-08-04,0.65,0.39,False,41.0,0.35,56856221.0,28.2,False,7.6,观察池·仅利润断层,增速加速|单季口径|正式财报|观察池,公告后无有效跳空|流通市值 < 30 亿元,
301036,双乐股份,创业板,化学制品,2026-08-25,正式财报,2026年半年报,-70.47,单季同比,-124.49,54.02,6752577.62,2026-08-26,-0.09,-1.29,False,25.0,-0.09,20077792.0,15.6,False,7.6,观察池·仅利润断层,增速加速|单季口径|正式财报|观察池,公告后无有效跳空|流通市值 < 30 亿元,
300412,迦南科技,创业板,专用设备,2026-08-22,正式财报,2026年半年报,-41.91,单季同比,-86.82,44.91,7136955.24,2026-08-24,-0.22,-0.44,False,27.0,-0.66,73142267.0,21.2,False,7.5,观察池·仅利润断层,增速加速|单季口径|正式财报|观察池,公告后无有效跳空|流通市值 < 30 亿元,
301056,森赫股份,创业板,专用设备,2026-08-29,正式财报,2026年半年报,-5.66,单季同比,-38.85,33.19,17992318.17,2026-08-31,1.82,5.16,False,22.0,-3.28,146430277.0,22.9,False,7.4,观察池·仅利润断层,增速加速|单季口径|正式财报|观察池,公告后无有效跳空|流通市值 < 30 亿元,
002732,燕塘乳业,主板,饮料乳品,2026-08-26,正式财报,2026年半年报,-46.72,单季同比,-99.43,52.71,13983435.47,2026-08-27,-0.07,-0.14,False,24.0,2.81,21077223.0,22.4,False,7.4,观察池·仅利润断层,增速加速|单季口径|正式财报|观察池,公告后无有效跳空|流通市值 < 30 亿元,
300535,达威股份,创业板,化学制品,2026-08-25,正式财报,2026年半年报,-106.98,单季同比,-244.25,137.27,-602781.6499999994,2026-08-26,-0.58,-2.22,False,25.0,-6.76,53118414.0,12.9,True,7.4,观察池·低基数断层,增速加速|单季口径|正式财报|低基数|观察池,低基数：上年同期单季净利仅 864 万元，增速参考性弱|公告后无有效跳空|流通市值 < 30 亿元,
603182,嘉华股份,主板,农产品加工,2026-08-19,正式财报,2026年半年报,10.46,单季同比,-23.53,33.99,29356654.55,2026-08-19,1.68,0.38,False,30.0,3.09,84524890.0,22.5,False,7.3,观察池·仅利润断层,增速加速|单季口径|正式财报|观察池,公告后无有效跳空|流通市值 < 30 亿元,
603036,如通股份,主板,专用设备,2026-08-22,正式财报,2026年半年报,3.83,单季同比,-19.92,23.75,31233193.95,2026-08-25,-0.06,2.26,False,26.0,-12.72,187281965.0,27.9,False,7.3,观察池·仅利润断层,增速加速|单季口径|正式财报|观察池,公告后无有效跳空|流通市值 < 30 亿元,
600318,新力金融,主板,多元金融,2026-08-12,正式财报,2026年半年报,64.39,单季同比,16.37,48.02,10370173.899999999,2026-08-12,0.6,0.3,False,35.0,1.34,65097346.0,34.9,True,7.1,观察池·低基数断层,增速加速|单季口径|正式财报|低基数|观察池,低基数：上年同期单季净利仅 631 万元，增速参考性弱|公告后无有效跳空,
002910,庄园牧场,主板,饮料乳品,2026-08-27,正式财报,2026年半年报,11.4,累计同比,-21.42,32.82,6993689.59,2026-08-28,-0.41,1.12,False,23.0,5.1,75142446.0,17.6,False,7.0,观察池·仅利润断层,增速加速|正式财报|观察池,公告后无有效跳空|流通市值 < 30 亿元,
002825,纳尔股份,主板,塑料,2026-08-11,正式财报,2026年半年报,-38.72,单季同比,-74.8,36.08,28157354.39,2026-08-12,1.55,4.32,False,35.0,0.66,106997755.0,23.8,False,7.0,观察池·仅利润断层,增速加速|单季口径|正式财报|观察池,公告后无有效跳空|流通市值 < 30 亿元,
301318,维海德,创业板,计算机设备,2026-08-24,正式财报,2026年半年报,-42.01,单季同比,-90.74,48.73,13721805.69,2026-08-25,-0.34,2.89,False,26.0,3.93,27610918.0,19.7,False,7.0,观察池·仅利润断层,增速加速|单季口径|正式财报|观察池,公告后无有效跳空|流通市值 < 30 亿元,
000007,全新好,主板,一般零售,2026-08-26,正式财报,2026年半年报,-137.34,单季同比,-222.47,85.13,-603413.7599999998,2026-08-27,0.24,1.19,False,24.0,-13.22,132145459.0,38.0,True,7.0,观察池·低基数断层,增速加速|单季口径|正式财报|低基数|观察池,低基数：上年同期单季净利仅 162 万元，增速参考性弱|公告后无有效跳空,
301508,中机认检,创业板,专业服务,2026-08-25,正式财报,2026年半年报,24.8,单季同比,1.87,22.93,53052540.01,2026-08-25,1.69,3.25,False,26.0,-1.45,63260755.0,14.0,False,6.8,观察池·仅利润断层,增速加速|单季口径|正式财报|观察池,公告后无有效跳空|流通市值 < 30 亿元,
300218,安利股份,创业板,塑料,2026-08-29,正式财报,2026年半年报,-40.84,单季同比,-87.93,47.09,27709038.2,2026-09-01,0.61,0.54,False,21.0,-4.05,26364442.0,27.2,False,6.8,观察池·仅利润断层,增速加速|单季口径|正式财报|观察池,公告后无有效跳空|流通市值 < 30 亿元,
300929,华骐环保,创业板,环境治理,2026-08-28,正式财报,2026年半年报,-172.2,单季同比,-287.13,114.93,-2032540.1400000001,2026-08-31,-0.98,8.38,False,22.0,-1.05,168888530.0,20.1,True,6.7,观察池·低基数断层,增速加速|单季口径|正式财报|低基数|观察池,低基数：上年同期单季净利仅 282 万元，增速参考性弱|公告后无有效跳空|流通市值 < 30 亿元,
003017,大洋生物,主板,化学原料,2026-08-25,正式财报,2026年半年报,25.69,单季同比,5.21,20.48,26598591.619999997,2026-08-26,0.0,1.31,False,25.0,-1.18,64684416.0,18.9,False,6.6,观察池·仅利润断层,增速加速|单季口径|正式财报|观察池,公告后无有效跳空|流通市值 < 30 亿元,
603488,展鹏科技,主板,专用设备,2026-08-22,正式财报,2026年半年报,10.08,累计同比,-23.36,33.44,-13924087.080000002,2026-08-24,1.22,-1.22,False,27.0,-7.0,52204884.0,22.5,False,6.5,观察池·仅利润断层,增速加速|正式财报|观察池,公告后无有效跳空|流通市值 < 30 亿元,
300808,久量股份,创业板,光学光电子,2026-08-14,正式财报,2026年半年报,-0.06,累计同比,-41.15,41.09,-9856266.93,2026-08-17,0.47,2.39,False,32.0,3.99,44743374.0,23.9,False,6.4,观察池·仅利润断层,增速加速|正式财报|观察池,公告后无有效跳空|流通市值 < 30 亿元,
300875,捷强装备,创业板,地面兵装Ⅱ,2026-08-24,正式财报,2026年半年报,-10.7,累计同比,-45.72,35.02,-2067652.0499999989,2026-08-24,0.87,-3.13,False,27.0,-3.75,86536716.0,27.5,False,6.4,观察池·仅利润断层,增速加速|正式财报|观察池,公告后无有效跳空|流通市值 < 30 亿元,
600165,宁科生物,主板,化学制品,2026-08-29,正式财报,2026年半年报,22.53,累计同比,-0.37,22.9,-68153274.08,2026-09-01,0.94,1.26,False,21.0,4.36,47802540.0,24.6,False,6.3,观察池·仅利润断层,增速加速|正式财报|观察池,公告后无有效跳空|流通市值 < 30 亿元,
603262,技源集团,主板,食品加工,2026-08-28,正式财报,2026年半年报,-8.98,单季同比,-46.18,37.2,50159242.79000001,2026-08-31,0.0,0.85,False,22.0,-9.4,68013825.0,17.8,False,6.3,观察池·仅利润断层,增速加速|单季口径|正式财报|观察池,公告后无有效跳空|流通市值 < 30 亿元,
301560,众捷股份,创业板,汽车零部件,2026-08-28,正式财报,2026年半年报,-78.55,单季同比,-120.65,42.1,4856046.76,2026-08-31,-0.3,2.6,False,22.0,64.54,36668123.0,22.1,False,6.3,观察池·仅利润断层,增速加速|单季口径|正式财报|观察池,公告后无有效跳空|流通市值 < 30 亿元,
688671,碧兴物联,科创板,环保设备Ⅱ,2026-08-29,正式财报,2026年半年报,-27.78,累计同比,-67.72,39.94,-13408264.95,2026-08-31,0.0,2.14,False,22.0,0.81,42395908.0,13.4,False,6.2,观察池·仅利润断层,增速加速|正式财报|观察池,公告后无有效跳空|流通市值 < 30 亿元,
300653,正海生物,创业板,医疗器械,2026-08-25,正式财报,2026年半年报,-5.02,单季同比,-44.61,39.59,18556818.35,2026-08-25,1.35,2.91,False,26.0,6.41,36217873.0,28.7,False,6.0,观察池·仅利润断层,增速加速|单季口径|正式财报|观察池,公告后无有效跳空|流通市值 < 30 亿元,
603700,宁水集团,主板,通用设备,2026-08-27,正式财报,2026年半年报,-33.54,单季同比,-61.76,28.22,16885832.2,2026-08-27,0.08,-4.54,False,24.0,-2.56,113546294.0,23.6,False,6.0,观察池·仅利润断层,增速加速|单季口径|正式财报|观察池,公告后无有效跳空|流通市值 < 30 亿元,
300610,晨化股份,创业板,化学制品,2026-08-18,正式财报,2026年半年报,18.11,单季同比,-4.3,22.41,29750423.06,2026-08-18,0.69,2.65,False,31.0,1.66,55733908.0,17.3,False,5.9,观察池·仅利润断层,增速加速|单季口径|正式财报|观察池,公告后无有效跳空|流通市值 < 30 亿元,
300804,广康生化,创业板,农化制品,2026-08-28,正式财报,2026年半年报,-67.39,单季同比,-103.36,35.97,3882201.01,2026-08-28,0.0,1.27,False,23.0,25.36,53378423.0,15.2,False,5.9,观察池·仅利润断层,增速加速|单季口径|正式财报|观察池,公告后无有效跳空|流通市值 < 30 亿元,
300978,东箭科技,创业板,汽车零部件,2026-08-28,正式财报,2026年半年报,1.6,单季同比,-35.66,37.26,34738091.5,2026-08-28,0.91,1.14,False,23.0,-1.35,35951469.0,25.1,False,5.8,观察池·仅利润断层,增速加速|单季口径|正式财报|观察池,公告后无有效跳空|流通市值 < 30 亿元,
002629,仁智股份,主板,油服工程,2026-08-28,正式财报,2026年半年报,-2.35,累计同比,-37.89,35.54,-8158042.42,2026-08-28,0.61,0.2,False,23.0,-10.59,51490324.0,15.9,False,5.8,观察池·仅利润断层,增速加速|正式财报|观察池,公告后无有效跳空|流通市值 < 30 亿元,
688657,浩辰软件,科创板,软件开发,2026-08-15,正式财报,2026年半年报,-9.53,单季同比,-38.0,28.47,17817052.34,2026-08-17,0.17,4.41,False,32.0,-3.25,93518498.0,19.9,False,5.7,观察池·仅利润断层,增速加速|单季口径|正式财报|观察池,公告后无有效跳空|流通市值 < 30 亿元,
600854,春兰股份,主板,白色家电,2026-08-26,正式财报,2026年半年报,-16.37,单季同比,-50.49,34.12,96805198.86999999,2026-08-26,0.0,0.86,False,25.0,2.15,56500198.0,24.7,False,5.7,观察池·仅利润断层,增速加速|单季口径|正式财报|观察池,公告后无有效跳空|流通市值 < 30 亿元,
300787,海能实业,创业板,消费电子,2026-08-26,正式财报,2026年半年报,-112.7,单季同比,-149.37,36.67,-7312460.549999999,2026-08-27,1.19,-0.69,False,24.0,16.37,42559367.0,23.3,False,5.7,观察池·仅利润断层,增速加速|单季口径|正式财报|观察池,公告后无有效跳空|流通市值 < 30 亿元,
603205,健尔康,主板,医疗器械,2026-08-28,正式财报,2026年半年报,18.83,单季同比,-4.61,23.44,22983330.860000003,2026-08-28,-0.69,-2.73,False,23.0,-4.98,28897509.0,9.0,False,5.6,观察池·仅利润断层,增速加速|单季口径|正式财报|观察池,公告后无有效跳空|流通市值 < 30 亿元,
002700,万憬能源,主板,燃气Ⅱ,2026-08-25,正式财报,2026年半年报,5.83,单季同比,-25.83,31.66,22585162.450000003,2026-08-26,-0.16,-0.94,False,25.0,-0.63,31648159.0,26.0,False,5.4,观察池·仅利润断层,增速加速|单季口径|正式财报|观察池,公告后无有效跳空|流通市值 < 30 亿元,
688314,康拓医疗,科创板,医疗器械,2026-08-28,正式财报,2026年半年报,-8.77,单季同比,-45.28,36.51,28234736.51,2026-08-28,0.31,-0.47,False,23.0,-6.15,25394645.0,24.7,False,5.4,观察池·仅利润断层,增速加速|单季口径|正式财报|观察池,公告后无有效跳空|流通市值 < 30 亿元,
001233,海安集团,主板,汽车零部件,2026-08-27,正式财报,2026年半年报,-34.13,单季同比,-62.73,28.6,130612765.24000001,2026-08-27,0.0,2.57,False,24.0,-1.42,79901682.0,16.5,False,5.4,观察池·仅利润断层,增速加速|单季口径|正式财报|观察池,公告后无有效跳空|流通市值 < 30 亿元,
301636,泽润新能,创业板,光伏设备,2026-08-27,正式财报,2026年半年报,-64.61,单季同比,-99.15,34.54,8458580.290000001,2026-08-27,-0.1,0.47,False,24.0,0.48,35338112.0,15.2,False,5.3,观察池·仅利润断层,增速加速|单季口径|正式财报|观察池,公告后无有效跳空|流通市值 < 30 亿元,
002835,同为股份,主板,计算机设备,2026-08-28,正式财报,2026年半年报,-12.12,单季同比,-46.69,34.57,27383393.480000004,2026-08-28,0.48,0.48,False,23.0,4.02,31405194.0,16.8,False,5.2,观察池·仅利润断层,增速加速|单季口径|正式财报|观察池,公告后无有效跳空|流通市值 < 30 亿元,
688466,金科环境,科创板,环境治理,2026-08-21,正式财报,2026年半年报,-43.69,单季同比,-79.91,36.22,10702640.02,2026-08-24,0.0,-0.93,False,27.0,0.65,18051080.0,17.1,False,5.2,观察池·仅利润断层,增速加速|单季口径|正式财报|观察池,公告后无有效跳空|流通市值 < 30 亿元,
301012,扬电科技,创业板,电网设备,2026-08-25,正式财报,2026年半年报,61.13,单季同比,36.09,25.04,10454187.369999997,2026-08-26,-0.33,-1.67,False,25.0,-8.61,133691884.0,43.1,True,5.1,观察池·低基数断层,增速加速|单季口径|正式财报|低基数|观察池,低基数：上年同期单季净利仅 649 万元，增速参考性弱|公告后无有效跳空,
000812,陕西金叶,主板,包装印刷,2026-08-26,正式财报,2026年半年报,46.7,单季同比,-40.73,87.43,12965362.1,2026-08-27,-0.27,-0.82,False,24.0,2.2,39182112.0,28.1,True,5.1,观察池·低基数断层,增速加速|单季口径|正式财报|低基数|观察池,低基数：上年同期单季净利仅 884 万元，增速参考性弱|公告后无有效跳空|流通市值 < 30 亿元,
603569,长久物流,主板,物流,2026-08-27,正式财报,2026年半年报,5.05,单季同比,-76.14,81.19,6498798.77,2026-08-27,-0.32,-2.58,False,24.0,-5.18,36108443.0,35.4,True,5.1,观察池·低基数断层,增速加速|单季口径|正式财报|低基数|观察池,低基数：上年同期单季净利仅 619 万元，增速参考性弱|公告后无有效跳空,
301037,保立佳,创业板,化学制品,2026-08-25,正式财报,2026年半年报,-117.06,单季同比,-151.28,34.22,-3229586.6799999997,2026-08-26,0.15,-0.96,False,25.0,-1.33,26938176.0,9.1,False,5.1,观察池·仅利润断层,增速加速|单季口径|正式财报|观察池,公告后无有效跳空|流通市值 < 30 亿元,
002398,垒知集团,主板,水泥,2026-08-25,正式财报,2026年半年报,2.93,单季同比,-23.94,26.87,29633737.869999997,2026-08-26,-0.72,1.67,False,25.0,2.65,58497774.0,25.5,False,5.0,观察池·仅利润断层,增速加速|单季口径|正式财报|观察池,公告后无有效跳空|流通市值 < 30 亿元,
002983,芯瑞达,主板,光学光电子,2026-08-20,正式财报,2026年半年报,-0.82,单季同比,-33.78,32.96,20357288.839999996,2026-08-20,0.83,0.31,False,29.0,10.61,32315466.0,27.9,False,5.0,观察池·仅利润断层,增速加速|单季口径|正式财报|观察池,公告后无有效跳空|流通市值 < 30 亿元,
301509,金凯生科,创业板,医疗服务,2026-08-21,正式财报,2026年半年报,-44.01,单季同比,-64.9,20.89,13628974.290000001,2026-08-24,0.45,-4.38,False,27.0,0.94,112548395.0,17.7,False,5.0,观察池·仅利润断层,增速加速|单季口径|正式财报|观察池,公告后无有效跳空|流通市值 < 30 亿元,
002869,金溢科技,主板,计算机设备,2026-08-25,正式财报,2026年半年报,-230.17,累计同比,-260.75,30.58,-13795618.190000005,2026-08-26,0.68,1.35,False,25.0,6.16,41181857.0,27.6,False,4.9,观察池·仅利润断层,增速加速|正式财报|观察池,公告后无有效跳空|流通市值 < 30 亿元,
300678,中科信息,创业板,IT服务Ⅱ,2026-08-28,正式财报,2026年半年报,69.01,单季同比,45.51,23.5,975972.4699999997,2026-08-28,0.31,-0.63,False,23.0,-7.04,90126181.0,60.7,True,4.8,观察池·低基数断层,增速加速|单季口径|正式财报|低基数|观察池,低基数：上年同期单季净利仅 58 万元，增速参考性弱|公告后无有效跳空,
300952,恒辉安防,创业板,服装家纺,2026-08-26,正式财报,2026年半年报,-47.16,单季同比,-75.87,28.71,14709298.3,2026-08-27,0.31,1.79,False,24.0,1.66,50396228.0,24.5,False,4.8,观察池·仅利润断层,增速加速|单季口径|正式财报|观察池,公告后无有效跳空|流通市值 < 30 亿元,
300900,广联航空,创业板,航空装备Ⅱ,2026-08-26,正式财报,2026年半年报,-28.56,单季同比,-77.07,48.51,7067363.559999999,2026-08-26,0.95,-0.23,False,25.0,-4.15,260395756.0,55.1,True,4.7,观察池·低基数断层,增速加速|单季口径|正式财报|低基数|观察池,低基数：上年同期单季净利仅 989 万元，增速参考性弱|公告后无有效跳空,
300614,百川畅银,创业板,环境治理,2026-08-29,正式财报,2026年半年报,-42.64,累计同比,-73.88,31.24,-34287721.0,2026-08-31,0.0,2.42,False,22.0,-3.35,28562385.0,16.7,False,4.7,观察池·仅利润断层,增速加速|正式财报|观察池,公告后无有效跳空|流通市值 < 30 亿元,
301229,纽泰格,创业板,汽车零部件,2026-08-28,正式财报,2026年半年报,-177.2,单季同比,-206.55,29.35,-8242671.6,2026-08-28,-0.33,0.9,False,23.0,-1.32,32813655.0,15.5,False,4.6,观察池·仅利润断层,增速加速|单季口径|正式财报|观察池,公告后无有效跳空|流通市值 < 30 亿元,
600630,龙头股份,主板,服装家纺,2026-08-29,正式财报,2026年半年报,62.32,单季同比,36.33,25.99,6566762.91,2026-08-31,0.57,1.01,False,22.0,9.0,88306953.0,32.4,True,4.5,观察池·低基数断层,增速加速|单季口径|正式财报|低基数|观察池,低基数：上年同期单季净利仅 405 万元，增速参考性弱|公告后无有效跳空,
301501,恒鑫生活,创业板,家居用品,2026-08-29,正式财报,2026年半年报,-31.57,单季同比,-60.55,28.98,29762609.76,2026-09-01,-0.53,-0.14,False,21.0,-4.21,30095000.0,11.7,False,4.5,观察池·仅利润断层,增速加速|单季口径|正式财报|观察池,公告后无有效跳空|流通市值 < 30 亿元,
300731,科创新源,创业板,橡胶,2026-08-28,正式财报,2026年半年报,-97.04,单季同比,-129.75,32.71,222439.0,2026-08-28,-0.23,-1.51,False,23.0,-0.19,355029905.0,72.2,True,4.5,观察池·低基数断层,增速加速|单季口径|正式财报|低基数|观察池,低基数：上年同期单季净利仅 753 万元，增速参考性弱|公告后无有效跳空,
002377,国创高新,主板,炼化及贸易,2026-08-28,正式财报,2026年半年报,106.62,单季同比,72.32,34.3,12161988.880000003,2026-08-28,0.36,1.44,False,23.0,6.47,58426173.0,25.8,True,4.4,观察池·低基数断层,增速加速|单季口径|正式财报|低基数|观察池,低基数：上年同期单季净利仅 589 万元，增速参考性弱|公告后无有效跳空|流通市值 < 30 亿元,
002159,三特索道,主板,旅游及景区,2026-08-29,正式财报,2026年半年报,-11.14,单季同比,-31.46,20.32,33211560.89,2026-09-01,-0.22,2.98,False,21.0,-2.99,80105360.0,18.4,False,4.3,观察池·仅利润断层,增速加速|单季口径|正式财报|观察池,公告后无有效跳空|流通市值 < 30 亿元,
003028,振邦智能,主板,家电零部件Ⅱ,2026-08-22,正式财报,2026年半年报,-52.4,单季同比,-80.9,28.5,11017109.370000001,2026-08-24,0.53,-1.6,False,27.0,3.48,22430480.0,16.6,False,4.2,观察池·仅利润断层,增速加速|单季口径|正式财报|观察池,公告后无有效跳空|流通市值 < 30 亿元,
300935,盈建科,创业板,软件开发,2026-08-29,正式财报,2026年半年报,-21.49,累计同比,-41.77,20.28,-13988842.829999998,2026-09-01,-0.19,-1.7,False,21.0,-12.58,60856395.0,16.4,False,3.9,观察池·仅利润断层,增速加速|正式财报|观察池,公告后无有效跳空|流通市值 < 30 亿元,
600051,宁波联合,主板,综合Ⅱ,2026-08-25,正式财报,2026年半年报,-38.65,单季同比,-61.38,22.73,12940544.76,2026-08-26,-0.47,0.16,False,25.0,1.11,41212843.0,19.8,False,3.9,观察池·仅利润断层,增速加速|单季口径|正式财报|观察池,公告后无有效跳空|流通市值 < 30 亿元,
603096,新经典,主板,出版,2026-08-11,正式财报,2026年半年报,5.12,单季同比,-15.75,20.87,23523271.769999996,2026-08-11,0.59,0.59,False,36.0,5.71,25483256.0,24.8,False,3.8,观察池·仅利润断层,增速加速|单季口径|正式财报|观察池,公告后无有效跳空|流通市值 < 30 亿元,
688357,建龙微纳,科创板,化学制品,2026-08-25,正式财报,2026年半年报,-8.73,单季同比,-35.31,26.58,21234458.970000003,2026-08-26,1.53,-0.22,False,25.0,-3.17,14720745.0,26.3,False,3.8,观察池·仅利润断层,增速加速|单季口径|正式财报|观察池,公告后无有效跳空|流通市值 < 30 亿元,
688573,信宇人,科创板,电池,2026-08-27,正式财报,2026年半年报,-11.79,累计同比,-37.39,25.6,-45402939.800000004,2026-08-28,0.56,0.12,False,23.0,5.3,20418068.0,9.1,False,3.8,观察池·仅利润断层,增速加速|正式财报|观察池,公告后无有效跳空|流通市值 < 30 亿元,
603062,麦加芯彩,主板,化学制品,2026-08-22,正式财报,2026年半年报,-53.64,单季同比,-79.92,26.28,27790508.520000003,2026-08-24,0.05,-2.31,False,27.0,-6.64,10426816.0,13.7,False,3.7,观察池·仅利润断层,增速加速|单季口径|正式财报|观察池,公告后无有效跳空|流通市值 < 30 亿元,
301515,港通医疗,创业板,医疗器械,2026-08-28,正式财报,2026年半年报,-118.35,累计同比,-141.98,23.63,-17688348.0,2026-08-28,-0.61,-1.32,False,23.0,4.69,26750350.0,13.9,False,3.7,观察池·仅利润断层,增速加速|正式财报|观察池,公告后无有效跳空|流通市值 < 30 亿元,
301533,威马农机,创业板,专用设备,2026-08-28,正式财报,2026年半年报,36.91,单季同比,-16.13,53.04,12986337.65,2026-08-31,-0.99,-4.2,False,22.0,-7.94,241306898.0,8.1,True,3.6,观察池·低基数断层,增速加速|单季口径|正式财报|低基数|观察池,低基数：上年同期单季净利仅 949 万元，增速参考性弱|公告后无有效跳空|流通市值 < 30 亿元,
688080,映翰通,科创板,通信设备,2026-08-26,正式财报,2026年半年报,-38.03,单季同比,-58.28,20.25,27934155.720000003,2026-08-27,0.36,2.62,False,24.0,0.58,41902535.0,27.0,False,3.5,观察池·仅利润断层,增速加速|单季口径|正式财报|观察池,公告后无有效跳空|流通市值 < 30 亿元,
300845,捷安高科,创业板,计算机设备,2026-08-26,正式财报,2026年半年报,-6.05,单季同比,-105.02,98.97,7196648.61,2026-08-27,0.08,2.32,False,24.0,14.92,102812701.0,20.9,True,3.3,观察池·低基数断层,增速加速|单季口径|正式财报|低基数|观察池,低基数：上年同期单季净利仅 766 万元，增速参考性弱|公告后无有效跳空|流通市值 < 30 亿元,
600212,绿能慧充,主板,其他电源设备Ⅱ,2026-08-26,正式财报,2026年半年报,-154.27,单季同比,-207.78,53.51,-4149666.2399999984,2026-08-26,-0.16,1.97,False,25.0,-7.25,160718808.0,38.5,True,3.3,观察池·低基数断层,增速加速|单季口径|正式财报|低基数|观察池,低基数：上年同期单季净利仅 765 万元，增速参考性弱|公告后无有效跳空,
600241,时代万恒,主板,电池,2026-08-22,正式财报,2026年半年报,-294.24,单季同比,-403.44,109.2,-685321.6799999997,2026-08-25,-0.27,2.75,False,26.0,33.88,31495057.0,28.6,True,3.2,观察池·低基数断层,增速加速|单季口径|正式财报|低基数|观察池,低基数：上年同期单季净利仅 35 万元，增速参考性弱|公告后无有效跳空|流通市值 < 30 亿元,
301320,豪江智能,创业板,自动化设备,2026-08-22,正式财报,2026年半年报,10.95,单季同比,-87.28,98.23,3653268.91,2026-08-24,0.0,0.76,False,27.0,6.14,42325395.0,16.1,True,3.0,观察池·低基数断层,增速加速|单季口径|正式财报|低基数|观察池,低基数：上年同期单季净利仅 329 万元，增速参考性弱|公告后无有效跳空|流通市值 < 30 亿元,
300800,力合科技,创业板,环保设备Ⅱ,2026-08-21,正式财报,2026年半年报,77.03,单季同比,28.07,48.96,6058554.299999999,2026-08-21,0.0,-0.79,False,28.0,5.26,29062463.0,24.9,True,2.8,观察池·低基数断层,增速加速|单季口径|正式财报|低基数|观察池,低基数：上年同期单季净利仅 342 万元，增速参考性弱|公告后无有效跳空|流通市值 < 30 亿元,
600235,民丰特纸,主板,造纸,2026-08-26,正式财报,2026年半年报,-19.88,单季同比,-123.96,104.08,7989161.38,2026-08-27,-0.17,-1.18,False,24.0,0.84,24921945.0,21.0,True,2.4,观察池·低基数断层,增速加速|单季口径|正式财报|低基数|观察池,低基数：上年同期单季净利仅 997 万元，增速参考性弱|公告后无有效跳空|流通市值 < 30 亿元,
001255,博菲电气,主板,塑料,2026-08-25,正式财报,2026年半年报,-53.94,单季同比,-155.48,101.54,2630306.17,2026-08-26,0.76,1.84,False,25.0,2.85,37522467.0,20.9,True,2.3,观察池·低基数断层,增速加速|单季口径|正式财报|低基数|观察池,低基数：上年同期单季净利仅 571 万元，增速参考性弱|公告后无有效跳空|流通市值 < 30 亿元,
002802,洪汇新材,主板,化学制品,2026-08-21,正式财报,2026年半年报,59.78,单季同比,12.29,47.49,15916203.18,2026-08-21,0.09,6.44,False,28.0,6.0,95056492.0,18.5,True,2.2,观察池·低基数断层,增速加速|单季口径|正式财报|低基数|观察池,低基数：上年同期单季净利仅 996 万元，增速参考性弱|公告后无有效跳空|流通市值 < 30 亿元,
301337,亚华电子,创业板,软件开发,2026-08-26,正式财报,2026年半年报,30.86,单季同比,-47.74,78.6,1597799.0499999989,2026-08-27,0.04,0.51,False,24.0,6.34,30649478.0,27.9,True,2.2,观察池·低基数断层,增速加速|单季口径|正式财报|低基数|观察池,低基数：上年同期单季净利仅 122 万元，增速参考性弱|公告后无有效跳空|流通市值 < 30 亿元,
603655,朗博科技,主板,汽车零部件,2026-08-20,正式财报,2026年半年报,18.54,单季同比,-20.14,38.68,10654258.020000001,2026-08-20,-0.06,1.47,False,29.0,-5.25,77827512.0,32.7,True,1.6,观察池·低基数断层,增速加速|单季口径|正式财报|低基数|观察池,低基数：上年同期单季净利仅 899 万元，增速参考性弱|公告后无有效跳空,
001226,拓山重工,主板,工程机械,2026-08-28,正式财报,2026年半年报,71.56,单季同比,29.64,41.92,7410617.710000001,2026-08-28,-0.37,0.55,False,23.0,0.46,27651204.0,16.2,True,1.3,观察池·低基数断层,增速加速|单季口径|正式财报|低基数|观察池,低基数：上年同期单季净利仅 432 万元，增速参考性弱|公告后无有效跳空|流通市值 < 30 亿元,
600644,乐山电力,主板,电力,2026-08-31,正式财报,2026年半年报,-4.83,单季同比,-46.92,42.09,8667299.43,2026-09-01,-0.34,1.81,False,21.0,0.91,132724709.0,51.4,True,1.3,观察池·低基数断层,增速加速|单季口径|正式财报|低基数|观察池,低基数：上年同期单季净利仅 911 万元，增速参考性弱|公告后无有效跳空,
300279,和晶科技,创业板,家电零部件Ⅱ,2026-08-29,正式财报,2026年半年报,6.93,单季同比,-73.19,80.12,5896549.02,2026-09-01,0.52,3.09,False,21.0,-0.34,74465306.0,28.4,True,0.9,观察池·低基数断层,增速加速|单季口径|正式财报|低基数|观察池,低基数：上年同期单季净利仅 551 万元，增速参考性弱|公告后无有效跳空|流通市值 < 30 亿元,
688398,赛特新材,科创板,化学制品,2026-08-22,正式财报,2026年半年报,-44.47,单季同比,-96.09,51.62,1301278.06,2026-08-24,-0.19,-7.21,False,27.0,3.75,33434306.0,37.1,True,0.6,观察池·低基数断层,增速加速|单季口径|正式财报|低基数|观察池,低基数：上年同期单季净利仅 234 万元，增速参考性弱|公告后无有效跳空,
603767,中马传动,主板,汽车零部件,2026-08-22,正式财报,2026年半年报,25.72,单季同比,0.41,25.31,7046920.28,2026-08-24,0.41,-2.56,False,27.0,1.99,56743010.0,45.8,True,0.1,观察池·低基数断层,增速加速|单季口径|正式财报|低基数|观察池,低基数：上年同期单季净利仅 561 万元，增速参考性弱|公告后无有效跳空,
300417,南华仪器,创业板,通用设备,2026-08-29,正式财报,2026年半年报,47.99,单季同比,23.95,24.04,4053139.2399999998,2026-08-31,0.0,3.15,False,22.0,5.43,44846786.0,10.6,True,0.0,观察池·低基数断层,增速加速|单季口径|正式财报|低基数|观察池,低基数：上年同期单季净利仅 274 万元，增速参考性弱|公告后无有效跳空|流通市值 < 30 亿元,
603896,寿仙谷,主板,中药Ⅱ,2026-08-26,正式财报,2026年半年报,15.13,单季同比,-50.68,65.81,7939807.979999997,2026-08-27,0.0,-0.41,False,24.0,0.34,21602617.0,29.4,True,0.0,观察池·低基数断层,增速加速|单季口径|正式财报|低基数|观察池,低基数：上年同期单季净利仅 690 万元，增速参考性弱|公告后无有效跳空|流通市值 < 30 亿元,
301372,科净源,创业板,环境治理,2026-08-27,正式财报,2026年半年报,13.9,单季同比,-48.94,62.84,1813040.0199999996,2026-08-27,0.03,0.0,False,24.0,13.64,27906723.0,14.1,True,0.0,观察池·低基数断层,增速加速|单季口径|正式财报|低基数|观察池,低基数：上年同期单季净利仅 159 万元，增速参考性弱|公告后无有效跳空|流通市值 < 30 亿元,
001234,泰慕士,主板,服装家纺,2026-08-24,正式财报,2026年半年报,6.44,单季同比,-33.64,40.08,9472819.840000002,2026-08-24,0.13,-2.41,False,27.0,14.82,31593373.0,23.6,True,0.0,观察池·低基数断层,增速加速|单季口径|正式财报|低基数|观察池,低基数：上年同期单季净利仅 890 万元，增速参考性弱|公告后无有效跳空|流通市值 < 30 亿元,
301618,长联科技,创业板,化学制品,2026-08-28,正式财报,2026年半年报,1.41,单季同比,-61.45,62.86,8520590.18,2026-08-28,0.27,-0.46,False,23.0,-9.12,43484811.0,14.4,True,0.0,观察池·低基数断层,增速加速|单季口径|正式财报|低基数|观察池,低基数：上年同期单季净利仅 840 万元，增速参考性弱|公告后无有效跳空|流通市值 < 30 亿元,
300828,锐新科技,创业板,通用设备,2026-08-24,正式财报,2026年半年报,0.72,单季同比,-44.55,45.27,8809575.469999999,2026-08-24,0.41,-2.83,False,27.0,1.29,92553038.0,16.4,True,0.0,观察池·低基数断层,增速加速|单季口径|正式财报|低基数|观察池,低基数：上年同期单季净利仅 875 万元，增速参考性弱|公告后无有效跳空|流通市值 < 30 亿元,
002188,中天服务,主板,房地产服务,2026-08-29,正式财报,2026年半年报,-8.74,单季同比,-33.76,25.02,8289591.63,2026-08-31,1.96,1.07,False,22.0,11.69,110739304.0,16.5,True,0.0,观察池·低基数断层,增速加速|单季口径|正式财报|低基数|观察池,低基数：上年同期单季净利仅 908 万元，增速参考性弱|公告后无有效跳空|流通市值 < 30 亿元,
688069,德林海,科创板,环境治理,2026-08-26,正式财报,2026年半年报,-9.52,单季同比,-51.75,42.23,1454305.5700000003,2026-08-27,-0.14,0.64,False,24.0,-3.31,57513095.0,54.4,True,0.0,观察池·低基数断层,增速加速|单季口径|正式财报|低基数|观察池,低基数：上年同期单季净利仅 161 万元，增速参考性弱|公告后无有效跳空,
301001,凯淳股份,创业板,互联网电商,2026-08-28,正式财报,2026年半年报,-10.33,单季同比,-71.84,61.51,1288761.6099999999,2026-08-28,0.46,1.04,False,23.0,5.07,27085130.0,12.4,True,0.0,观察池·低基数断层,增速加速|单季口径|正式财报|低基数|观察池,低基数：上年同期单季净利仅 144 万元，增速参考性弱|公告后无有效跳空|流通市值 < 30 亿元,
603336,宏辉果蔬,主板,种植业,2026-08-28,正式财报,2026年半年报,-10.73,单季同比,-33.21,22.48,2160078.5500000003,2026-08-31,0.42,-2.83,False,22.0,3.13,140082097.0,60.2,True,0.0,观察池·低基数断层,增速加速|单季口径|正式财报|低基数|观察池,低基数：上年同期单季净利仅 242 万元，增速参考性弱|公告后无有效跳空,
688056,莱伯泰科,科创板,通用设备,2026-08-28,正式财报,2026年半年报,-18.8,单季同比,-48.21,29.41,6761404.199999999,2026-08-28,-0.99,-0.31,False,23.0,18.7,65099680.0,33.7,True,0.0,观察池·低基数断层,增速加速|单季口径|正式财报|低基数|观察池,低基数：上年同期单季净利仅 833 万元，增速参考性弱|公告后无有效跳空,
688367,工大高科,科创板,轨交设备Ⅱ,2026-08-28,正式财报,2026年半年报,-22.03,单季同比,-86.59,64.56,4188158.06,2026-08-31,0.41,2.13,False,22.0,-1.85,36983671.0,25.6,True,0.0,观察池·低基数断层,增速加速|单季口径|正式财报|低基数|观察池,低基数：上年同期单季净利仅 537 万元，增速参考性弱|公告后无有效跳空|流通市值 < 30 亿元,
300321,同大股份,创业板,化学制品,2026-08-22,正式财报,2026年半年报,-28.64,单季同比,-83.64,55.0,3919140.2499999995,2026-08-24,1.28,-2.26,False,27.0,-5.42,98463423.0,28.6,True,0.0,观察池·低基数断层,增速加速|单季口径|正式财报|低基数|观察池,低基数：上年同期单季净利仅 549 万元，增速参考性弱|公告后无有效跳空|流通市值 < 30 亿元,
301314,科瑞思,创业板,通信设备,2026-08-27,正式财报,2026年半年报,-32.33,单季同比,-57.24,24.91,2517797.43,2026-08-27,-0.63,3.21,False,24.0,10.64,51308954.0,14.6,True,0.0,观察池·低基数断层,增速加速|单季口径|正式财报|低基数|观察池,低基数：上年同期单季净利仅 372 万元，增速参考性弱|公告后无有效跳空|流通市值 < 30 亿元,
300796,贝斯美,创业板,农化制品,2026-08-22,正式财报,2026年半年报,-66.51,单季同比,-88.59,22.08,2922333.48,2026-08-25,0.45,2.25,False,26.0,5.23,27744318.0,25.4,True,0.0,观察池·低基数断层,增速加速|单季口径|正式财报|低基数|观察池,低基数：上年同期单季净利仅 872 万元，增速参考性弱|公告后无有效跳空|流通市值 < 30 亿元,
301135,瑞德智能,创业板,家电零部件Ⅱ,2026-08-26,正式财报,2026年半年报,-93.57,单季同比,-154.98,61.41,617167.79,2026-08-26,0.23,-0.93,False,25.0,4.58,35540674.0,18.2,True,0.0,观察池·低基数断层,增速加速|单季口径|正式财报|低基数|观察池,低基数：上年同期单季净利仅 961 万元，增速参考性弱|公告后无有效跳空|流通市值 < 30 亿元,
300288,朗玛信息,创业板,IT服务Ⅱ,2026-08-28,正式财报,2026年半年报,-110.35,单季同比,-164.15,53.8,-821723.8199999998,2026-08-28,1.6,0.0,False,23.0,-5.21,39305484.0,24.9,True,0.0,观察池·低基数断层,增速加速|单季口径|正式财报|低基数|观察池,低基数：上年同期单季净利仅 794 万元，增速参考性弱|公告后无有效跳空|流通市值 < 30 亿元,
301399,英特科技,创业板,通用设备,2026-08-19,正式财报,2026年半年报,-116.01,单季同比,-138.51,22.5,-1477160.2799999998,2026-08-20,1.44,2.65,False,29.0,20.28,32040275.0,11.1,True,0.0,观察池·低基数断层,增速加速|单季口径|正式财报|低基数|观察池,低基数：上年同期单季净利仅 923 万元，增速参考性弱|公告后无有效跳空|流通市值 < 30 亿元,
002976,瑞玛精密,主板,汽车零部件,2026-08-28,正式财报,2026年半年报,-142.73,单季同比,-206.91,64.18,-2345162.710000001,2026-08-31,-0.53,4.13,False,22.0,-11.67,151130457.0,26.2,True,0.0,观察池·低基数断层,增速加速|单季口径|正式财报|低基数|观察池,低基数：上年同期单季净利仅 549 万元，增速参考性弱|公告后无有效跳空|流通市值 < 30 亿元,
